{
	"textures": {
		"1": "block/color/varie/decorazioni/cibo/berries/berries_bowl_1",
		"2": "block/color/varie/decorazioni/cibo/berries/berries_bowl_2_red",
		"particle": "block/color/empty"
	},
	"elements": [
		{
			"from": [11.5, 1, 4.5],
			"to": [12.5, 4, 11.5],
			"faces": {
				"north": {"uv": [0.06, 0.06, -0.06, -0.06], "texture": "#1"},
				"east": {"uv": [9.06, 0.06, 15.94, 2.94], "texture": "#1"},
				"south": {"uv": [0.06, 0.06, -0.06, -0.06], "texture": "#1"},
				"west": {"uv": [9.06, 0.06, 15.94, 2.94], "texture": "#1"},
				"up": {"uv": [9.06, 2.06, 15.94, 2.94], "rotation": 90, "texture": "#1"},
				"down": {"uv": [9.06, 2.06, 15.94, 2.94], "rotation": 90, "texture": "#1"}
			}
		},
		{
			"from": [3.5, 1, 4.5],
			"to": [4.5, 4, 11.5],
			"faces": {
				"north": {"uv": [0.06, 0.06, -0.06, -0.06], "texture": "#1"},
				"east": {"uv": [9.06, 0.06, 15.94, 2.94], "texture": "#1"},
				"south": {"uv": [0.06, 0.06, -0.06, -0.06], "texture": "#1"},
				"west": {"uv": [9.06, 0.06, 15.94, 2.94], "texture": "#1"},
				"up": {"uv": [9.06, 2.06, 15.94, 2.94], "rotation": 90, "texture": "#1"},
				"down": {"uv": [9.06, 2.06, 15.94, 2.94], "rotation": 90, "texture": "#1"}
			}
		},
		{
			"from": [3.5, 1, 11.5],
			"to": [12.5, 4, 12.5],
			"faces": {
				"north": {"uv": [7.06, 4.06, 15.94, 6.94], "texture": "#1"},
				"east": {"uv": [7.06, 4.06, 7.94, 6.94], "texture": "#1"},
				"south": {"uv": [7.06, 4.06, 15.94, 6.94], "texture": "#1"},
				"west": {"uv": [15.06, 4.06, 15.94, 6.94], "texture": "#1"},
				"up": {"uv": [7.06, 6.06, 15.94, 6.94], "texture": "#1"},
				"down": {"uv": [7.06, 6.06, 15.94, 6.94], "texture": "#1"}
			}
		},
		{
			"from": [3.5, 1, 3.5],
			"to": [12.5, 4, 4.5],
			"faces": {
				"north": {"uv": [7.06, 4.06, 15.94, 6.94], "texture": "#1"},
				"east": {"uv": [15.06, 4.06, 15.94, 6.94], "texture": "#1"},
				"south": {"uv": [7.06, 4.06, 15.94, 6.94], "texture": "#1"},
				"west": {"uv": [7.06, 4.06, 7.94, 6.94], "texture": "#1"},
				"up": {"uv": [7.06, 6.06, 15.94, 6.94], "texture": "#1"},
				"down": {"uv": [7.06, 6.06, 15.94, 6.94], "texture": "#1"}
			}
		},
		{
			"from": [4.5, 0, 4.5],
			"to": [11.5, 1, 11.5],
			"faces": {
				"north": {"uv": [0.06, 5.06, 5.94, 5.94], "texture": "#1"},
				"east": {"uv": [0.06, 5.06, 5.94, 5.94], "texture": "#1"},
				"south": {"uv": [0.06, 5.06, 5.94, 5.94], "texture": "#1"},
				"west": {"uv": [0.06, 5.06, 5.94, 5.94], "texture": "#1"},
				"up": {"uv": [0.06, 0.06, 5.94, 5.94], "texture": "#1"},
				"down": {"uv": [0.06, 0.06, 5.94, 5.94], "texture": "#1"}
			}
		},
		{
			"from": [4.5, 4.45, 9.1],
			"to": [6.5, 6.45, 11.1],
			"rotation": {"angle": -45, "axis": "z", "origin": [3.13333, 4.61667, 9.63333]},
			"faces": {
				"north": {"uv": [0.032, 0.032, 1.94, 1.94], "texture": "#2"},
				"east": {"uv": [0.032, 0.032, 1.94, 1.94], "texture": "#2"},
				"south": {"uv": [0.032, 0.032, 1.94, 1.94], "texture": "#2"},
				"west": {"uv": [0.032, 0.032, 1.94, 1.94], "texture": "#2"},
				"up": {"uv": [0.032, 0.032, 1.94, 1.94], "rotation": 180, "texture": "#2"},
				"down": {"uv": [0.032, 0.032, 1.94, 1.94], "rotation": 180, "texture": "#2"}
			}
		},
		{
			"from": [2.62328, 4.15878, 10.15],
			"to": [5.62328, 6.15878, 10.15],
			"rotation": {"angle": 45, "axis": "z", "origin": [4.12328, 5.15878, 10.15]},
			"faces": {
				"north": {"uv": [6.032, 1.968, 8.968, 0.032], "rotation": 180, "texture": "#2"},
				"east": {"uv": [6.032, 0.032, 8.968, 1.968], "rotation": 270, "texture": "#2"},
				"south": {"uv": [6.032, 0.032, 8.968, 1.968], "texture": "#2"},
				"west": {"uv": [6.032, 0.032, 8.968, 1.968], "rotation": 90, "texture": "#2"},
				"up": {"uv": [6.032, 0.032, 8.968, 1.968], "rotation": 180, "texture": "#2"},
				"down": {"uv": [6.032, 0.032, 8.968, 1.968], "texture": "#2"}
			}
		},
		{
			"from": [4.12328, 4.15878, 8.65],
			"to": [4.12328, 6.15878, 11.65],
			"rotation": {"angle": 45, "axis": "z", "origin": [4.12328, 5.15878, 10.15]},
			"faces": {
				"north": {"uv": [6.032, 0.032, 8.968, 1.968], "rotation": 90, "texture": "#2"},
				"east": {"uv": [6.032, 1.968, 8.968, 0.032], "rotation": 180, "texture": "#2"},
				"south": {"uv": [6.032, 0.032, 8.968, 1.968], "rotation": 270, "texture": "#2"},
				"west": {"uv": [6.032, 0.032, 8.968, 1.968], "texture": "#2"},
				"up": {"uv": [6.032, 0.032, 8.968, 1.968], "rotation": 270, "texture": "#2"},
				"down": {"uv": [6.032, 0.032, 8.968, 1.968], "rotation": 270, "texture": "#2"}
			}
		},
		{
			"from": [7.35, 1.2, 7.85],
			"to": [9.35, 3.2, 9.85],
			"rotation": {"angle": 0, "axis": "y", "origin": [10.6, 1.625, 6.25]},
			"faces": {
				"north": {"uv": [0.032, 0.032, 1.94, 1.94], "texture": "#2"},
				"east": {"uv": [0.032, 0.032, 1.94, 1.94], "texture": "#2"},
				"south": {"uv": [0.032, 0.032, 1.94, 1.94], "texture": "#2"},
				"west": {"uv": [0.032, 0.032, 1.94, 1.94], "texture": "#2"},
				"up": {"uv": [0.032, 0.032, 1.94, 1.94], "rotation": 90, "texture": "#2"},
				"down": {"uv": [0.032, 0.032, 1.94, 1.94], "rotation": 270, "texture": "#2"}
			}
		},
		{
			"from": [8.21548, 2.875, 7.40216],
			"to": [8.21548, 4.875, 10.40216],
			"rotation": {"angle": 45, "axis": "y", "origin": [8.1, 2.125, 8.75]},
			"faces": {
				"north": {"uv": [6.032, 0.032, 8.968, 1.968], "rotation": 270, "texture": "#2"},
				"east": {"uv": [6.032, 0.032, 8.968, 1.968], "texture": "#2"},
				"south": {"uv": [6.032, 0.032, 8.968, 1.968], "rotation": 90, "texture": "#2"},
				"west": {"uv": [6.032, 1.968, 8.968, 0.032], "rotation": 180, "texture": "#2"},
				"up": {"uv": [6.032, 0.032, 8.968, 1.968], "rotation": 90, "texture": "#2"},
				"down": {"uv": [6.032, 0.032, 8.968, 1.968], "rotation": 90, "texture": "#2"}
			}
		},
		{
			"from": [6.81161, 2.875, 8.83839],
			"to": [9.81161, 4.875, 8.83839],
			"rotation": {"angle": 22.5, "axis": "y", "origin": [8.1, 2.125, 8.75]},
			"faces": {
				"north": {"uv": [6.032, 1.968, 8.968, 0.032], "rotation": 180, "texture": "#2"},
				"east": {"uv": [6.032, 0.032, 8.968, 1.968], "rotation": 270, "texture": "#2"},
				"south": {"uv": [6.032, 0.032, 8.968, 1.968], "texture": "#2"},
				"west": {"uv": [6.032, 0.032, 8.968, 1.968], "rotation": 90, "texture": "#2"},
				"up": {"uv": [6.032, 0.032, 8.968, 1.968], "rotation": 180, "texture": "#2"},
				"down": {"uv": [6.032, 0.032, 8.968, 1.968], "texture": "#2"}
			}
		},
		{
			"from": [7.35, 2.7, 9.1],
			"to": [9.35, 4.7, 11.1],
			"rotation": {"angle": 45, "axis": "y", "origin": [8.32286, 4.81667, 10.04221]},
			"faces": {
				"north": {"uv": [0.032, 0.032, 1.94, 1.94], "texture": "#2"},
				"east": {"uv": [0.032, 0.032, 1.94, 1.94], "texture": "#2"},
				"south": {"uv": [0.032, 0.032, 1.94, 1.94], "texture": "#2"},
				"west": {"uv": [0.032, 0.032, 1.94, 1.94], "texture": "#2"},
				"up": {"uv": [0.032, 0.032, 1.94, 1.94], "rotation": 90, "texture": "#2"},
				"down": {"uv": [0.032, 0.032, 1.94, 1.94], "rotation": 270, "texture": "#2"}
			}
		},
		{
			"from": [6.78759, 4.375, 10.05447],
			"to": [9.78759, 6.375, 10.05447],
			"rotation": {"angle": 0, "axis": "y", "origin": [8.32286, 4.81667, 10.04221]},
			"faces": {
				"north": {"uv": [6.032, 0.032, 8.968, 1.968], "texture": "#2"},
				"east": {"uv": [6.032, 0.032, 8.968, 1.968], "rotation": 90, "texture": "#2"},
				"south": {"uv": [6.032, 1.968, 8.968, 0.032], "rotation": 180, "texture": "#2"},
				"west": {"uv": [6.032, 0.032, 8.968, 1.968], "rotation": 270, "texture": "#2"},
				"up": {"uv": [6.032, 0.032, 8.968, 1.968], "texture": "#2"},
				"down": {"uv": [6.032, 0.032, 8.968, 1.968], "rotation": 180, "texture": "#2"}
			}
		},
		{
			"from": [8.28697, 4.375, 8.52034],
			"to": [8.28697, 6.375, 11.52034],
			"rotation": {"angle": -22.5, "axis": "y", "origin": [8.32286, 4.81667, 10.04221]},
			"faces": {
				"north": {"uv": [6.032, 0.032, 8.968, 1.968], "rotation": 270, "texture": "#2"},
				"east": {"uv": [6.032, 0.032, 8.968, 1.968], "texture": "#2"},
				"south": {"uv": [6.032, 0.032, 8.968, 1.968], "rotation": 90, "texture": "#2"},
				"west": {"uv": [6.032, 1.968, 8.968, 0.032], "rotation": 180, "texture": "#2"},
				"up": {"uv": [6.032, 0.032, 8.968, 1.968], "rotation": 90, "texture": "#2"},
				"down": {"uv": [6.032, 0.032, 8.968, 1.968], "rotation": 90, "texture": "#2"}
			}
		},
		{
			"from": [9.35, 2.25887, 7.67554],
			"to": [11.35, 4.25887, 9.67554],
			"rotation": {"angle": 0, "axis": "y", "origin": [10.32286, 3.31667, 9.79221]},
			"faces": {
				"north": {"uv": [0.032, 0.032, 1.94, 1.94], "rotation": 90, "texture": "#2"},
				"east": {"uv": [0.032, 0.032, 1.94, 1.94], "rotation": 270, "texture": "#2"},
				"south": {"uv": [0.032, 0.032, 1.94, 1.94], "rotation": 90, "texture": "#2"},
				"west": {"uv": [0.032, 0.032, 1.94, 1.94], "rotation": 90, "texture": "#2"},
				"up": {"uv": [0.032, 0.032, 1.94, 1.94], "rotation": 180, "texture": "#2"},
				"down": {"uv": [0.032, 0.032, 1.94, 1.94], "texture": "#2"}
			}
		},
		{
			"from": [10.3106, 1.85194, 9.35054],
			"to": [10.3106, 4.85194, 11.35054],
			"rotation": {"angle": 45, "axis": "z", "origin": [10.32286, 3.31667, 9.79221]},
			"faces": {
				"north": {"uv": [6.032, 0.032, 8.968, 1.968], "rotation": 270, "texture": "#2"},
				"east": {"uv": [6.032, 0.032, 8.968, 1.968], "rotation": 270, "texture": "#2"},
				"south": {"uv": [6.032, 0.032, 8.968, 1.968], "rotation": 90, "texture": "#2"},
				"west": {"uv": [6.032, 1.968, 8.968, 0.032], "rotation": 270, "texture": "#2"},
				"up": {"uv": [6.032, 0.032, 8.968, 1.968], "rotation": 90, "texture": "#2"},
				"down": {"uv": [6.032, 0.032, 8.968, 1.968], "rotation": 90, "texture": "#2"}
			}
		},
		{
			"from": [8.84473, 3.35255, 9.35054],
			"to": [11.84473, 3.35255, 11.35054],
			"rotation": {"angle": 22.5, "axis": "z", "origin": [10.32286, 3.31667, 9.79221]},
			"faces": {
				"north": {"uv": [6.032, 0.032, 8.968, 1.968], "rotation": 180, "texture": "#2"},
				"east": {"uv": [6.032, 0.032, 8.968, 1.968], "rotation": 180, "texture": "#2"},
				"south": {"uv": [6.032, 0.032, 8.968, 1.968], "rotation": 180, "texture": "#2"},
				"west": {"uv": [6.032, 0.032, 8.968, 1.968], "rotation": 180, "texture": "#2"},
				"up": {"uv": [6.032, 1.968, 8.968, 0.032], "texture": "#2"},
				"down": {"uv": [6.032, 0.032, 8.968, 1.968], "texture": "#2"}
			}
		},
		{
			"from": [5.04572, 1.25887, 7.40887],
			"to": [7.04572, 3.25887, 9.40887],
			"rotation": {"angle": 0, "axis": "y", "origin": [6.07286, 2.31667, 7.29221]},
			"faces": {
				"north": {"uv": [0.032, 0.032, 1.94, 1.94], "rotation": 90, "texture": "#2"},
				"east": {"uv": [0.032, 0.032, 1.94, 1.94], "rotation": 90, "texture": "#2"},
				"south": {"uv": [0.032, 0.032, 1.94, 1.94], "rotation": 90, "texture": "#2"},
				"west": {"uv": [0.032, 0.032, 1.94, 1.94], "rotation": 270, "texture": "#2"},
				"up": {"uv": [0.032, 0.032, 1.94, 1.94], "texture": "#2"},
				"down": {"uv": [0.032, 0.032, 1.94, 1.94], "rotation": 180, "texture": "#2"}
			}
		},
		{
			"from": [6.08512, 0.85194, 5.73387],
			"to": [6.08512, 3.85194, 7.73387],
			"rotation": {"angle": -45, "axis": "z", "origin": [6.07286, 2.31667, 7.29221]},
			"faces": {
				"north": {"uv": [6.032, 0.032, 8.968, 1.968], "rotation": 90, "texture": "#2"},
				"east": {"uv": [6.032, 1.968, 8.968, 0.032], "rotation": 270, "texture": "#2"},
				"south": {"uv": [6.032, 0.032, 8.968, 1.968], "rotation": 270, "texture": "#2"},
				"west": {"uv": [6.032, 0.032, 8.968, 1.968], "rotation": 270, "texture": "#2"},
				"up": {"uv": [6.032, 0.032, 8.968, 1.968], "rotation": 270, "texture": "#2"},
				"down": {"uv": [6.032, 0.032, 8.968, 1.968], "rotation": 270, "texture": "#2"}
			}
		},
		{
			"from": [4.55099, 2.35255, 5.73387],
			"to": [7.55099, 2.35255, 7.73387],
			"rotation": {"angle": -22.5, "axis": "z", "origin": [6.07286, 2.31667, 7.29221]},
			"faces": {
				"north": {"uv": [6.032, 0.032, 8.968, 1.968], "rotation": 180, "texture": "#2"},
				"east": {"uv": [6.032, 0.032, 8.968, 1.968], "rotation": 180, "texture": "#2"},
				"south": {"uv": [6.032, 0.032, 8.968, 1.968], "rotation": 180, "texture": "#2"},
				"west": {"uv": [6.032, 0.032, 8.968, 1.968], "rotation": 180, "texture": "#2"},
				"up": {"uv": [6.032, 1.968, 8.968, 0.032], "rotation": 180, "texture": "#2"},
				"down": {"uv": [6.032, 0.032, 8.968, 1.968], "rotation": 180, "texture": "#2"}
			}
		},
		{
			"from": [4.85, 2.6, 5.05],
			"to": [6.85, 4.6, 7.05],
			"rotation": {"angle": -22.5, "axis": "y", "origin": [5.82286, 4.71667, 5.99221]},
			"faces": {
				"north": {"uv": [0.032, 0.032, 1.94, 1.94], "texture": "#2"},
				"east": {"uv": [0.032, 0.032, 1.94, 1.94], "texture": "#2"},
				"south": {"uv": [0.032, 0.032, 1.94, 1.94], "texture": "#2"},
				"west": {"uv": [0.032, 0.032, 1.94, 1.94], "texture": "#2"},
				"up": {"uv": [0.032, 0.032, 1.94, 1.94], "rotation": 90, "texture": "#2"},
				"down": {"uv": [0.032, 0.032, 1.94, 1.94], "rotation": 270, "texture": "#2"}
			}
		},
		{
			"from": [5.8106, 4.275, 4.45694],
			"to": [5.8106, 6.275, 7.45694],
			"rotation": {"angle": 0, "axis": "y", "origin": [5.82286, 4.71667, 5.99221]},
			"faces": {
				"north": {"uv": [6.032, 0.032, 8.968, 1.968], "rotation": 270, "texture": "#2"},
				"east": {"uv": [6.032, 0.032, 8.968, 1.968], "texture": "#2"},
				"south": {"uv": [6.032, 0.032, 8.968, 1.968], "rotation": 90, "texture": "#2"},
				"west": {"uv": [6.032, 1.968, 8.968, 0.032], "rotation": 180, "texture": "#2"},
				"up": {"uv": [6.032, 0.032, 8.968, 1.968], "rotation": 90, "texture": "#2"},
				"down": {"uv": [6.032, 0.032, 8.968, 1.968], "rotation": 90, "texture": "#2"}
			}
		},
		{
			"from": [4.34473, 4.275, 5.95632],
			"to": [7.34473, 6.275, 5.95632],
			"rotation": {"angle": 0, "axis": "y", "origin": [5.82286, 4.71667, 5.99221]},
			"faces": {
				"north": {"uv": [6.032, 1.968, 8.968, 0.032], "rotation": 180, "texture": "#2"},
				"east": {"uv": [6.032, 0.032, 8.968, 1.968], "rotation": 270, "texture": "#2"},
				"south": {"uv": [6.032, 0.032, 8.968, 1.968], "texture": "#2"},
				"west": {"uv": [6.032, 0.032, 8.968, 1.968], "rotation": 90, "texture": "#2"},
				"up": {"uv": [6.032, 0.032, 8.968, 1.968], "rotation": 180, "texture": "#2"},
				"down": {"uv": [6.032, 0.032, 8.968, 1.968], "texture": "#2"}
			}
		},
		{
			"from": [8.35, 3, 4.75],
			"to": [11.35, 6, 7.75],
			"rotation": {"angle": 22.5, "axis": "z", "origin": [10.6, 4.625, 6.25]},
			"faces": {
				"north": {"uv": [0.032, 0.032, 2.94, 2.94], "texture": "#2"},
				"east": {"uv": [0.032, 0.032, 2.94, 2.94], "texture": "#2"},
				"south": {"uv": [0.032, 0.032, 2.94, 2.94], "texture": "#2"},
				"west": {"uv": [0.032, 0.032, 2.94, 2.94], "texture": "#2"},
				"up": {"uv": [0.032, 0.032, 2.94, 2.94], "rotation": 90, "texture": "#2"},
				"down": {"uv": [0.032, 0.032, 2.94, 2.94], "rotation": 270, "texture": "#2"}
			}
		},
		{
			"from": [11.35, 4.74048, 4.79784],
			"to": [13.35, 4.74048, 7.79784],
			"rotation": {"angle": 22.5, "axis": "z", "origin": [10.6, 4.625, 6.25]},
			"faces": {
				"north": {"uv": [6.032, 0.032, 8.968, 1.968], "texture": "#2"},
				"east": {"uv": [6.032, 0.032, 8.968, 1.968], "texture": "#2"},
				"south": {"uv": [6.032, 0.032, 8.968, 1.968], "texture": "#2"},
				"west": {"uv": [6.032, 0.032, 8.968, 1.968], "texture": "#2"},
				"up": {"uv": [6.032, 0.032, 8.968, 1.968], "rotation": 90, "texture": "#2"},
				"down": {"uv": [6.032, 1.968, 8.968, 0.032], "rotation": 270, "texture": "#2"}
			}
		},
		{
			"from": [11.35, 3.21339, 6.33839],
			"to": [13.35, 6.21339, 6.33839],
			"rotation": {"angle": 22.5, "axis": "z", "origin": [10.6, 4.625, 6.25]},
			"faces": {
				"north": {"uv": [6.032, 1.968, 8.968, 0.032], "rotation": 90, "texture": "#2"},
				"east": {"uv": [6.032, 0.032, 8.968, 1.968], "rotation": 270, "texture": "#2"},
				"south": {"uv": [6.032, 0.032, 8.968, 1.968], "rotation": 90, "texture": "#2"},
				"west": {"uv": [6.032, 0.032, 8.968, 1.968], "rotation": 90, "texture": "#2"},
				"up": {"uv": [6.032, 0.032, 8.968, 1.968], "rotation": 180, "texture": "#2"},
				"down": {"uv": [6.032, 0.032, 8.968, 1.968], "texture": "#2"}
			}
		},
		{
			"from": [7.35, 3.5, 5.25],
			"to": [8.35, 5.5, 7.25],
			"rotation": {"angle": 22.5, "axis": "z", "origin": [10.6, 4.625, 6.25]},
			"faces": {
				"north": {"uv": [0.032, 0.032, 0.94, 1.94], "texture": "#2"},
				"east": {"uv": [0.032, 0.032, 1.94, 1.94], "texture": "#2"},
				"south": {"uv": [0.032, 0.032, 0.94, 1.94], "texture": "#2"},
				"west": {"uv": [0.032, 0.032, 1.94, 1.94], "texture": "#2"},
				"up": {"uv": [0.032, 0.032, 1.94, 0.94], "rotation": 90, "texture": "#2"},
				"down": {"uv": [0.032, 0.032, 1.94, 0.94], "rotation": 270, "texture": "#2"}
			}
		}
	],
	"display": {
		"thirdperson_righthand": {
			"translation": [0, 4.25, -0.25],
			"scale": [0.6, 0.6, 0.6]
		},
		"thirdperson_lefthand": {
			"translation": [0, 4.25, 0],
			"scale": [0.6, 0.6, 0.6]
		},
		"firstperson_righthand": {
			"translation": [1.25, 5.25, 0]
		},
		"firstperson_lefthand": {
			"translation": [1, 5.5, 0]
		},
		"ground": {
			"translation": [0, 1.5, 0],
			"scale": [0.6, 0.6, 0.6]
		},
		"gui": {
			"rotation": [24, 24, 0],
			"translation": [0, 4, 0]
		},
		"head": {
			"translation": [0, 11.25, 0],
			"scale": [0.6, 0.6, 0.6]
		},
		"fixed": {
			"rotation": [-90, 0, 0],
			"translation": [0, 0, -10.5],
			"scale": [1.3, 1.3, 1.3]
		}
	},
	"groups": [
		{
			"name": "bowl",
			"origin": [8, 8, 8],
			"color": 0,
			"children": [
				0,
				1,
				2,
				3,
				4,
				{
					"name": "berry",
					"origin": [0, 0, 0],
					"color": 0,
					"children": [
						{
							"name": "strawberrysmall",
							"origin": [7.1, 8.125, 7.75],
							"color": 0,
							"children": [5, 6, 7]
						},
						{
							"name": "strawberrysmall",
							"origin": [7.1, 8.125, 7.75],
							"color": 0,
							"children": [8, 9, 10]
						},
						{
							"name": "strawberrysmall",
							"origin": [7.1, 8.125, 7.75],
							"color": 0,
							"children": [11, 12, 13]
						},
						{
							"name": "strawberrysmall",
							"origin": [7.1, 8.125, 7.75],
							"color": 0,
							"children": [14, 15, 16]
						},
						{
							"name": "strawberrysmall",
							"origin": [7.1, 8.125, 7.75],
							"color": 0,
							"children": [17, 18, 19]
						},
						{
							"name": "strawberrysmall",
							"origin": [7.1, 8.125, 7.75],
							"color": 0,
							"children": [20, 21, 22]
						},
						{
							"name": "strawberry",
							"origin": [0, 0, 0],
							"color": 0,
							"children": [23, 24, 25, 26]
						}
					]
				}
			]
		}
	]
}