{
	"textures": {
		"1": "block/color/varie/decorazioni/cibo/cheese/cheese",
		"particle": "block/color/empty"
	},
	"elements": [
		{
			"from": [6, 0, 4],
			"to": [10, 6, 12],
			"faces": {
				"north": {"uv": [4, 6, 8, 12], "texture": "#1"},
				"east": {"uv": [0, 0, 8, 6], "texture": "#1"},
				"south": {"uv": [0, 6, 4, 12], "texture": "#1"},
				"west": {"uv": [16, 8, 8, 14], "texture": "#1"},
				"up": {"uv": [12, 8, 8, 0], "texture": "#1"},
				"down": {"uv": [12, 0, 8, 8], "texture": "#1"}
			}
		}
	],
	"display": {
		"thirdperson_righthand": {
			"translation": [0, 4, -0.5],
			"scale": [0.7, 0.7, 0.7]
		},
		"thirdperson_lefthand": {
			"translation": [0, 4, 0.5],
			"scale": [0.7, 0.7, 0.7]
		},
		"firstperson_righthand": {
			"translation": [4.75, 2.5, 0]
		},
		"firstperson_lefthand": {
			"translation": [6.5, 2.5, 0]
		},
		"ground": {
			"translation": [0, 4.75, 0]
		},
		"gui": {
			"rotation": [20, 40, -10],
			"translation": [1, 5, 0],
			"scale": [1.1, 1.1, 1.1]
		},
		"head": {
			"translation": [0, 14.25, 0]
		},
		"fixed": {
			"rotation": [-90, 0, 0],
			"translation": [0, 0, -14.75],
			"scale": [2, 2, 2]
		}
	}
}