{
	"textures": {
		"1": "block/color/varie/decorazioni/cibo/coffee/coffee_1",
		"2": "block/color/varie/decorazioni/cibo/coffee/coffee_2",
		"particle": "block/color/empty"
	},
	"elements": [
		{
			"from": [7, 0, 7],
			"to": [12, 7, 12],
			"faces": {
				"north": {"uv": [5, 4, 0, 11], "texture": "#1"},
				"east": {"uv": [0, 4, 5, 11], "texture": "#1"},
				"south": {"uv": [5, 4, 0, 11], "texture": "#1"},
				"west": {"uv": [0, 4, 5, 11], "texture": "#1"},
				"up": {"uv": [0, 5, 5, 0], "texture": "#1"},
				"down": {"uv": [5, 11, 0, 16], "texture": "#1"}
			}
		},
		{
			"from": [11, 7, 11],
			"to": [8, 1, 8],
			"faces": {
				"north": {"uv": [3, 11, 0, 5], "texture": "#1"},
				"east": {"uv": [0, 11, 3, 5], "texture": "#1"},
				"south": {"uv": [3, 11, 0, 5], "texture": "#1"},
				"west": {"uv": [0, 11, 3, 5], "texture": "#1"},
				"up": {"uv": [1, 12, 4, 15], "texture": "#1"},
				"down": {"uv": [1, 12, 4, 15], "texture": "#1"}
			}
		},
		{
			"from": [9.5, 2, 4],
			"to": [9.5, 6, 7],
			"faces": {
				"north": {"uv": [0, 0, 0, 5], "texture": "#1"},
				"east": {"uv": [8, 4, 5, 0], "texture": "#1"},
				"south": {"uv": [0, 0, 0, 5], "texture": "#1"},
				"west": {"uv": [5, 4, 8, 0], "texture": "#1"},
				"up": {"uv": [0, 0, 0, 3], "texture": "#1"},
				"down": {"uv": [0, 0, 0, 3], "texture": "#1"}
			}
		},
		{
			"from": [8, 6, 8],
			"to": [11, 6, 11],
			"faces": {
				"north": {"uv": [0, 0, 3, 0], "texture": "#1"},
				"east": {"uv": [0, 0, 3, 0], "texture": "#1"},
				"south": {"uv": [0, 0, 3, 0], "texture": "#1"},
				"west": {"uv": [0, 0, 3, 0], "texture": "#1"},
				"up": {"uv": [5, 7, 8, 10], "texture": "#1"},
				"down": {"uv": [5, 7, 8, 10], "texture": "#1"}
			}
		},
		{
			"from": [-3, 6, 13.5],
			"to": [4, 13, 13.5],
			"rotation": {"angle": 45, "axis": "y", "origin": [0, 0, 0]},
			"faces": {
				"north": {"uv": [16, 0, 0, 16], "texture": "#2"},
				"east": {"uv": [0, 0, 9, 16], "texture": "#2"},
				"south": {"uv": [0, 0, 16, 16], "texture": "#2"},
				"west": {"uv": [0, 0, 9, 16], "texture": "#2"},
				"up": {"uv": [0, 0, 16, 9], "texture": "#2"},
				"down": {"uv": [0, 0, 16, 9], "texture": "#2"}
			}
		},
		{
			"from": [5, 6, 13],
			"to": [6, 7, 14],
			"rotation": {"angle": 22.5, "axis": "y", "origin": [0, 0, 0]},
			"faces": {
				"north": {"uv": [7, 5, 8, 6], "texture": "#1"},
				"east": {"uv": [7, 5, 8, 6], "texture": "#1"},
				"south": {"uv": [7, 5, 8, 6], "texture": "#1"},
				"west": {"uv": [7, 5, 8, 6], "texture": "#1"},
				"up": {"uv": [7, 5, 8, 6], "texture": "#1"},
				"down": {"uv": [7, 5, 8, 6], "texture": "#1"}
			}
		},
		{
			"from": [9, 9, 6],
			"to": [10, 10, 7],
			"rotation": {"angle": 22.5, "axis": "x", "origin": [0, 0, 0]},
			"faces": {
				"north": {"uv": [7, 5, 8, 6], "texture": "#1"},
				"east": {"uv": [7, 5, 8, 6], "texture": "#1"},
				"south": {"uv": [7, 5, 8, 6], "texture": "#1"},
				"west": {"uv": [7, 5, 8, 6], "texture": "#1"},
				"up": {"uv": [7, 5, 8, 6], "texture": "#1"},
				"down": {"uv": [7, 5, 8, 6], "texture": "#1"}
			}
		}
	],
	"display": {
		"thirdperson_righthand": {
			"rotation": [0, -180, 0],
			"translation": [1.25, 2.25, -1.25],
			"scale": [0.7, 0.7, 0.7]
		},
		"thirdperson_lefthand": {
			"rotation": [0, -180, 0],
			"translation": [-1, 2.25, -1],
			"scale": [0.7, 0.7, 0.7]
		},
		"firstperson_righthand": {
			"rotation": [0, -173, 0],
			"translation": [1.5, 4.5, 1],
			"scale": [0.7, 0.7, 0.7]
		},
		"firstperson_lefthand": {
			"rotation": [0, -180, 0],
			"translation": [-0.25, 5.75, 1.5],
			"scale": [0.7, 0.7, 0.7]
		},
		"ground": {
			"translation": [0, 5, 0]
		},
		"gui": {
			"rotation": [-17, 118, 32],
			"translation": [0.75, 4.25, 0],
			"scale": [1.2, 1.2, 1.2]
		},
		"head": {
			"translation": [-1.5, 14.75, -1.5]
		},
		"fixed": {
			"rotation": [-90, 0, 0],
			"translation": [-3.25, -3, -14.75],
			"scale": [2, 2, 2]
		}
	}
}