{
	"textures": {
		"0": "block/color/varie/decorazioni/cibo/eggnog/eggnog",
		"particle": "block/color/empty"
	},
	"elements": [
		{
			"from": [6.7, -0.3, 6.7],
			"to": [12.3, 7.3, 12.3],
			"faces": {
				"north": {"uv": [5, 4, 0, 11], "texture": "#0"},
				"east": {"uv": [0, 4, 5, 11], "texture": "#0"},
				"south": {"uv": [5, 4, 0, 11], "texture": "#0"},
				"west": {"uv": [0, 4, 5, 11], "texture": "#0"},
				"up": {"uv": [0, 5, 5, 0], "texture": "#0"},
				"down": {"uv": [5, 11, 0, 16], "texture": "#0"}
			}
		},
		{
			"from": [11.3, 7.3, 11.3],
			"to": [7.7, 0.7, 7.7],
			"faces": {
				"north": {"uv": [3, 11, 0, 5], "texture": "#0"},
				"east": {"uv": [0, 11, 3, 5], "texture": "#0"},
				"south": {"uv": [3, 11, 0, 5], "texture": "#0"},
				"west": {"uv": [0, 11, 3, 5], "texture": "#0"},
				"up": {"uv": [1, 12, 4, 15], "texture": "#0"},
				"down": {"uv": [1, 12, 4, 15], "texture": "#0"}
			}
		},
		{
			"from": [9.5, 1.75, 3.5],
			"to": [9.5, 6.25, 7],
			"faces": {
				"north": {"uv": [0, 0, 0, 5], "texture": "#0"},
				"east": {"uv": [8, 4, 5, 0], "texture": "#0"},
				"south": {"uv": [0, 0, 0, 5], "texture": "#0"},
				"west": {"uv": [5, 4, 8, 0], "texture": "#0"},
				"up": {"uv": [0, 0, 0, 3], "texture": "#0"},
				"down": {"uv": [0, 0, 0, 3], "texture": "#0"}
			}
		},
		{
			"from": [7.8, 6.5, 7.5],
			"to": [11.8, 6.5, 11.5],
			"faces": {
				"north": {"uv": [0, 0, 4, 0], "texture": "#0"},
				"east": {"uv": [0, 0, 4, 0], "texture": "#0"},
				"south": {"uv": [0, 0, 4, 0], "texture": "#0"},
				"west": {"uv": [0, 0, 4, 0], "texture": "#0"},
				"up": {"uv": [8, 0, 12, 4], "texture": "#0"},
				"down": {"uv": [8, 0, 12, 4], "texture": "#0"}
			}
		},
		{
			"from": [8.25, 9.25, 6.25],
			"to": [9.75, 10.75, 7.75],
			"rotation": {"angle": 22.5, "axis": "x", "origin": [0, 0, 0]},
			"faces": {
				"north": {"uv": [6, 4, 8, 6], "texture": "#0"},
				"east": {"uv": [6, 4, 8, 6], "texture": "#0"},
				"south": {"uv": [6, 4, 8, 6], "texture": "#0"},
				"west": {"uv": [6, 4, 8, 6], "texture": "#0"},
				"up": {"uv": [6, 4, 8, 6], "texture": "#0"},
				"down": {"uv": [6, 4, 8, 6], "texture": "#0"}
			}
		},
		{
			"from": [9.5, 2.5, 9.5],
			"to": [10.5, 3.5, 10.5],
			"rotation": {"angle": -22.5, "axis": "x", "origin": [0, 0, 0]},
			"faces": {
				"north": {"uv": [5, 8, 7, 10], "texture": "#0"},
				"east": {"uv": [5, 8, 7, 10], "texture": "#0"},
				"south": {"uv": [5, 8, 7, 10], "texture": "#0"},
				"west": {"uv": [5, 8, 7, 10], "texture": "#0"},
				"up": {"uv": [5, 8, 7, 10], "texture": "#0"},
				"down": {"uv": [5, 8, 7, 10], "texture": "#0"}
			}
		},
		{
			"from": [8.5, -2.5, 11.5],
			"to": [9.5, -1.5, 12.5],
			"rotation": {"angle": -45, "axis": "x", "origin": [0, 0, 0]},
			"faces": {
				"north": {"uv": [5, 6, 7, 8], "texture": "#0"},
				"east": {"uv": [5, 8, 7, 6], "texture": "#0"},
				"south": {"uv": [5, 8, 7, 6], "texture": "#0"},
				"west": {"uv": [5, 8, 7, 6], "texture": "#0"},
				"up": {"uv": [5, 6, 7, 8], "texture": "#0"},
				"down": {"uv": [5, 6, 7, 8], "texture": "#0"}
			}
		},
		{
			"from": [7.5, -1.5, 9.5],
			"to": [8.5, -0.5, 10.5],
			"rotation": {"angle": -45, "axis": "x", "origin": [0, 0, 0]},
			"faces": {
				"north": {"uv": [5, 6, 7, 8], "texture": "#0"},
				"east": {"uv": [5, 8, 7, 6], "texture": "#0"},
				"south": {"uv": [5, 8, 7, 6], "texture": "#0"},
				"west": {"uv": [5, 8, 7, 6], "texture": "#0"},
				"up": {"uv": [5, 6, 7, 8], "texture": "#0"},
				"down": {"uv": [5, 6, 7, 8], "texture": "#0"}
			}
		},
		{
			"from": [10.5, -3.5, 11.5],
			"to": [11.5, -2.5, 12.5],
			"rotation": {"angle": -45, "axis": "x", "origin": [0, 0, 0]},
			"faces": {
				"north": {"uv": [5, 6, 7, 8], "texture": "#0"},
				"east": {"uv": [5, 8, 7, 6], "texture": "#0"},
				"south": {"uv": [5, 8, 7, 6], "texture": "#0"},
				"west": {"uv": [5, 8, 7, 6], "texture": "#0"},
				"up": {"uv": [5, 6, 7, 8], "texture": "#0"},
				"down": {"uv": [5, 6, 7, 8], "texture": "#0"}
			}
		},
		{
			"from": [10, -2, 8],
			"to": [11, 2, 9],
			"rotation": {"angle": 45, "axis": "z", "origin": [0, 0, 0]},
			"faces": {
				"north": {"uv": [12, 0, 13, 4], "texture": "#0"},
				"east": {"uv": [12, 0, 13, 4], "texture": "#0"},
				"south": {"uv": [12, 0, 13, 4], "texture": "#0"},
				"west": {"uv": [12, 0, 13, 4], "texture": "#0"},
				"up": {"uv": [7, 7, 8, 8], "texture": "#0"},
				"down": {"uv": [7, 7, 8, 8], "texture": "#0"}
			}
		}
	],
	"display": {
		"thirdperson_righthand": {
			"rotation": [0, -180, 0],
			"translation": [1.25, 2.25, -1.25],
			"scale": [0.7, 0.7, 0.7]
		},
		"thirdperson_lefthand": {
			"rotation": [0, -180, 0],
			"translation": [-1, 2.25, -1],
			"scale": [0.7, 0.7, 0.7]
		},
		"firstperson_righthand": {
			"rotation": [0, -173, 0],
			"translation": [1.5, 4.5, 1],
			"scale": [0.7, 0.7, 0.7]
		},
		"firstperson_lefthand": {
			"rotation": [0, -180, 0],
			"translation": [-0.25, 5.75, 1.5],
			"scale": [0.7, 0.7, 0.7]
		},
		"ground": {
			"translation": [0, 5, 0]
		},
		"gui": {
			"rotation": [-17, 118, 32],
			"translation": [0.75, 4.25, 0],
			"scale": [1.2, 1.2, 1.2]
		},
		"head": {
			"translation": [-1.5, 14.75, -1.5]
		},
		"fixed": {
			"rotation": [-90, 0, 0],
			"translation": [-3.25, -3, -14.75],
			"scale": [2, 2, 2]
		}
	}
}