{
	"credit": "Made with Blockbench",
	"textures": {
		"1": "block/color/varie/decorazioni/cibo/focacciabarese/focacciabarese_pezzo",
		"particle": "block/color/varie/decorazioni/cibo/focacciabarese/focacciabarese_pezzo"
	},
	"elements": [
		{
			"from": [5.72262, 7.5, 5.88741],
			"to": [11.95054, 8.5, 6.88741],
			"rotation": {"angle": 22.5, "axis": "y", "origin": [10.08658, 8, 6.38741]},
			"faces": {
				"north": {"uv": [1, 7, 3.75, 7.5], "texture": "#1"},
				"east": {"uv": [5.75, 1.25, 6.25, 1.75], "texture": "#1"},
				"south": {"uv": [5.5, 1.25, 8, 1.75], "texture": "#1"},
				"west": {"uv": [5.75, 1.25, 6.25, 1.75], "texture": "#1"},
				"up": {"uv": [3.25, 8.25, 1.5, 7.75], "texture": "#1"},
				"down": {"uv": [4, 7.5, 1.75, 8], "texture": "#1"}
			}
		},
		{
			"from": [7.25336, 7.5, 9.41708],
			"to": [13.48128, 8.5, 10.41708],
			"rotation": {"angle": -22.5, "axis": "y", "origin": [11.61732, 8, 5.91708]},
			"faces": {
				"north": {"uv": [5.5, 1.25, 7.25, 1.75], "texture": "#1"},
				"east": {"uv": [6, 1.25, 6.5, 1.75], "texture": "#1"},
				"south": {"uv": [1, 7.5, 3.5, 8], "texture": "#1"},
				"west": {"uv": [5.5, 1.25, 6, 1.75], "texture": "#1"},
				"up": {"uv": [3, 8.5, 1.25, 8], "rotation": 180, "texture": "#1"},
				"down": {"uv": [1.25, 7.75, 3.5, 7.25], "texture": "#1"}
			}
		},
		{
			"from": [5.86347, 7.5, 7.59548],
			"to": [6.86347, 8.5, 8.40452],
			"rotation": {"angle": 0, "axis": "y", "origin": [12.36347, 8, 6.93861]},
			"faces": {
				"north": {"uv": [5.5, 1.25, 6, 1.75], "texture": "#1"},
				"east": {"uv": [5.5, 1.25, 7.25, 1.75], "texture": "#1"},
				"south": {"uv": [5.75, 1.25, 6.25, 1.75], "texture": "#1"},
				"west": {"uv": [2.25, 7.75, 2.75, 8.25], "texture": "#1"},
				"up": {"uv": [3.25, 8, 2.75, 7.5], "rotation": 90, "texture": "#1"},
				"down": {"uv": [2.75, 8, 3.25, 7.5], "rotation": 270, "texture": "#1"}
			}
		},
		{
			"from": [11.61682, 7.4995, 5.21166],
			"to": [12.5005, 8.5005, 10.78834],
			"rotation": {"angle": 0, "axis": "y", "origin": [8, 8, 8]},
			"faces": {
				"north": {"uv": [5.5, 1.25, 6, 1.75], "texture": "#1"},
				"east": {"uv": [5.5, 1.25, 7.25, 1.75], "texture": "#1"},
				"south": {"uv": [5.75, 1.25, 6.25, 1.75], "texture": "#1"},
				"west": {"uv": [5.5, 1.25, 7.25, 1.75], "texture": "#1"},
				"up": {"uv": [7.25, 1.75, 5.5, 1.25], "rotation": 270, "texture": "#1"},
				"down": {"uv": [5.5, 1.75, 7.25, 1.25], "rotation": 270, "texture": "#1"}
			}
		},
		{
			"from": [3.5, 8.51, 3.4],
			"to": [13.2, 8.51, 12.75],
			"rotation": {"angle": 0, "axis": "y", "origin": [0, 3, 0]},
			"faces": {
				"north": {"uv": [0, 0, 5, 0], "texture": "#1"},
				"east": {"uv": [0, 0, 5, 0], "texture": "#1"},
				"south": {"uv": [0, 0, 5, 0], "texture": "#1"},
				"west": {"uv": [0, 0, 5, 0], "texture": "#1"},
				"up": {"uv": [0, 5, 5, 0], "texture": "#1"},
				"down": {"uv": [0, 0, 5, 5], "texture": "#1"}
			}
		},
		{
			"from": [10.25, 10.25, 6.5],
			"to": [10.75, 10.75, 7],
			"rotation": {"angle": -22.5, "axis": "z", "origin": [6.25, 8.75, 5.25]},
			"faces": {
				"north": {"uv": [6.75, 0.75, 7, 1], "texture": "#1"},
				"east": {"uv": [6.75, 0.75, 7, 1], "texture": "#1"},
				"south": {"uv": [6.75, 0.75, 7, 1], "texture": "#1"},
				"west": {"uv": [6.75, 0.75, 7, 1], "texture": "#1"},
				"up": {"uv": [7, 1, 6.75, 0.75], "texture": "#1"},
				"down": {"uv": [7, 0.75, 6.75, 1], "texture": "#1"}
			}
		},
		{
			"from": [8.25, 9, 7],
			"to": [8.75, 9.5, 7.5],
			"rotation": {"angle": 45, "axis": "z", "origin": [9.25, 8.75, 6.25]},
			"faces": {
				"north": {"uv": [6.75, 0.75, 7, 1], "texture": "#1"},
				"east": {"uv": [6.75, 0.75, 7, 1], "texture": "#1"},
				"south": {"uv": [6.75, 0.75, 7, 1], "texture": "#1"},
				"west": {"uv": [6.75, 0.75, 7, 1], "texture": "#1"},
				"up": {"uv": [7, 1, 6.75, 0.75], "texture": "#1"},
				"down": {"uv": [7, 0.75, 6.75, 1], "texture": "#1"}
			}
		},
		{
			"from": [7.75, 8, 8.5],
			"to": [8.25, 8.5, 9],
			"rotation": {"angle": 45, "axis": "x", "origin": [7.25, 8.75, 9.25]},
			"faces": {
				"north": {"uv": [6.75, 0.75, 7, 1], "texture": "#1"},
				"east": {"uv": [6.75, 0.75, 7, 1], "texture": "#1"},
				"south": {"uv": [6.75, 0.75, 7, 1], "texture": "#1"},
				"west": {"uv": [6.75, 0.75, 7, 1], "texture": "#1"},
				"up": {"uv": [7, 1, 6.75, 0.75], "texture": "#1"},
				"down": {"uv": [7, 0.75, 6.75, 1], "texture": "#1"}
			}
		},
		{
			"from": [11.25, 7.25, 8],
			"to": [11.75, 7.75, 8.5],
			"rotation": {"angle": 45, "axis": "x", "origin": [7.25, 8.75, 9.25]},
			"faces": {
				"north": {"uv": [6.75, 0.75, 7, 1], "texture": "#1"},
				"east": {"uv": [6.75, 0.75, 7, 1], "texture": "#1"},
				"south": {"uv": [6.75, 0.75, 7, 1], "texture": "#1"},
				"west": {"uv": [6.75, 0.75, 7, 1], "texture": "#1"},
				"up": {"uv": [7, 1, 6.75, 0.75], "texture": "#1"},
				"down": {"uv": [7, 0.75, 6.75, 1], "texture": "#1"}
			}
		},
		{
			"from": [9.5, 9, 9.25],
			"to": [10, 9.5, 9.75],
			"rotation": {"angle": -45, "axis": "x", "origin": [10.25, 8.75, 10.25]},
			"faces": {
				"north": {"uv": [6.75, 0.75, 7, 1], "texture": "#1"},
				"east": {"uv": [6.75, 0.75, 7, 1], "texture": "#1"},
				"south": {"uv": [6.75, 0.75, 7, 1], "texture": "#1"},
				"west": {"uv": [6.75, 0.75, 7, 1], "texture": "#1"},
				"up": {"uv": [7, 1, 6.75, 0.75], "texture": "#1"},
				"down": {"uv": [7, 0.75, 6.75, 1], "texture": "#1"}
			}
		},
		{
			"from": [7.195, 8.4525, 7.28],
			"to": [8.2625, 8.7575, 8.3475],
			"rotation": {"angle": -22.5, "axis": "y", "origin": [6.59375, 8.605, 8.22875]},
			"faces": {
				"north": {"uv": [5.5, 2, 6.5, 2.25], "texture": "#1"},
				"east": {"uv": [5.5, 2, 6.5, 2.25], "texture": "#1"},
				"south": {"uv": [5.5, 2, 6.5, 2.25], "texture": "#1"},
				"west": {"uv": [5.5, 2, 6.5, 2.25], "texture": "#1"},
				"up": {"uv": [6.5, 1, 5.5, 0], "rotation": 270, "texture": "#1"},
				"down": {"uv": [6.5, 0, 5.5, 1], "rotation": 90, "texture": "#1"}
			}
		},
		{
			"from": [10.78, 8.4525, 5.72],
			"to": [11.8475, 8.7575, 6.7875],
			"rotation": {"angle": 0, "axis": "y", "origin": [7.20375, 8.605, 7.31375]},
			"faces": {
				"north": {"uv": [5.5, 2, 6.5, 2.25], "texture": "#1"},
				"east": {"uv": [5.5, 2, 6.5, 2.25], "texture": "#1"},
				"south": {"uv": [5.5, 2, 6.5, 2.25], "texture": "#1"},
				"west": {"uv": [5.5, 2, 6.5, 2.25], "texture": "#1"},
				"up": {"uv": [6.5, 1, 5.5, 0], "texture": "#1"},
				"down": {"uv": [6.5, 0, 5.5, 1], "texture": "#1"}
			}
		},
		{
			"from": [8.66, 8.305, 6.175],
			"to": [10.095, 8.715, 7.61],
			"rotation": {"angle": 22.5, "axis": "y", "origin": [10.8775, 8.51, 6.6425]},
			"faces": {
				"north": {"uv": [5.5, 2, 6.5, 2.25], "texture": "#1"},
				"east": {"uv": [5.5, 2, 6.5, 2.25], "texture": "#1"},
				"south": {"uv": [5.5, 2, 6.5, 2.25], "texture": "#1"},
				"west": {"uv": [5.5, 2, 6.5, 2.25], "texture": "#1"},
				"up": {"uv": [6.5, 1, 5.5, 0], "rotation": 90, "texture": "#1"},
				"down": {"uv": [6.5, 0, 5.5, 1], "rotation": 270, "texture": "#1"}
			}
		},
		{
			"from": [9.04, 8.3975, 9.145],
			"to": [10.4225, 8.7925, 10.5275],
			"rotation": {"angle": 45, "axis": "y", "origin": [9.48125, 7.345, 7.90125]},
			"faces": {
				"north": {"uv": [5.5, 2, 6.5, 2.25], "texture": "#1"},
				"east": {"uv": [5.5, 2, 6.5, 2.25], "texture": "#1"},
				"south": {"uv": [5.5, 2, 6.5, 2.25], "texture": "#1"},
				"west": {"uv": [5.5, 2, 6.5, 2.25], "texture": "#1"},
				"up": {"uv": [6.5, 3.5, 5.5, 2.5], "texture": "#1"},
				"down": {"uv": [6.5, 0, 5.5, 1], "texture": "#1"}
			}
		},
		{
			"from": [3.75, 7.49, 3.4],
			"to": [13.2, 7.49, 13],
			"rotation": {"angle": 0, "axis": "y", "origin": [0, 3, 0]},
			"faces": {
				"north": {"uv": [0, 0, 5, 0], "texture": "#1"},
				"east": {"uv": [0, 0, 5, 0], "texture": "#1"},
				"south": {"uv": [0, 0, 5, 0], "texture": "#1"},
				"west": {"uv": [0, 0, 5, 0], "texture": "#1"},
				"up": {"uv": [0, 5, 5, 0], "texture": "#1"},
				"down": {"uv": [0, 0, 5, 5], "texture": "#1"}
			}
		}
	],
	"display": {
		"thirdperson_righthand": {
			"rotation": [68, -89, 0],
			"translation": [0, 4.5, -1],
			"scale": [1.18, 1.18, 1.18]
		},
		"thirdperson_lefthand": {
			"rotation": [68, 89, 0],
			"translation": [0, 4.5, -1],
			"scale": [1.18, 1.18, 1.18]
		},
		"firstperson_righthand": {
			"rotation": [105.29, -82.44, 113.17],
			"translation": [-1.75, 2, 0]
		},
		"firstperson_lefthand": {
			"rotation": [-56.35, 77.01, 47.72],
			"translation": [-2.25, 2, 0]
		},
		"ground": {
			"translation": [0, -2.5, 0],
			"scale": [1.26, 1.26, 1.26]
		},
		"gui": {
			"rotation": [3, 65, 43],
			"translation": [-1.5, -2, 0],
			"scale": [1.49, 1.49, 1.49]
		},
		"head": {
			"translation": [-3.5, 7.75, 0],
			"scale": [2.53, 2.53, 2.53]
		},
		"fixed": {
			"rotation": [-90, 0, 0],
			"translation": [0, 0, -1.25],
			"scale": [2.78, 2.78, 2.78]
		}
	},
	"groups": [
		{
			"name": "Focaccia_Barese_Pezzo",
			"origin": [8, 8, 8],
			"color": 0,
			"children": [0, 1, 2, 3, 4, 5, 6, 7, 8, 9, 10, 11, 12, 13, 14]
		}
	]
}