{
	"textures": {
		"1": "block/color/varie/decorazioni/cibo/focacciabarese/focacciabarese",
		"particle": "block/color/empty"
	},
	"elements": [
		{
			"from": [6.13604, 7.5, 3.5],
			"to": [9.86396, 8.5, 4.5],
			"rotation": {"angle": 45, "axis": "y", "origin": [8, 8, 8]},
			"faces": {
				"north": {"uv": [5.5, 1.25, 7.25, 1.75], "texture": "#1"},
				"east": {"uv": [6.75, 0, 7.25, 0.5], "texture": "#1"},
				"south": {"uv": [5.5, 1.25, 7.25, 1.75], "texture": "#1"},
				"west": {"uv": [6.75, 0, 7.25, 0.5], "texture": "#1"},
				"up": {"uv": [7.25, 1.75, 5.5, 1.25], "texture": "#1"},
				"down": {"uv": [7.25, 1.25, 5.5, 1.75], "texture": "#1"}
			}
		},
		{
			"from": [6.13604, 7.5, 3.5],
			"to": [9.86396, 8.5, 4.5],
			"rotation": {"angle": 0, "axis": "y", "origin": [8, 8, 8]},
			"faces": {
				"north": {"uv": [5.5, 1.25, 7.25, 1.75], "texture": "#1"},
				"east": {"uv": [5.5, 1.25, 6, 1.75], "texture": "#1"},
				"south": {"uv": [5.5, 1.25, 7.25, 1.75], "texture": "#1"},
				"west": {"uv": [6.5, 1.25, 7, 1.75], "texture": "#1"},
				"up": {"uv": [7.25, 1.75, 5.5, 1.25], "texture": "#1"},
				"down": {"uv": [7.25, 1.25, 5.5, 1.75], "texture": "#1"}
			}
		},
		{
			"from": [6.13604, 7.5, 11.5],
			"to": [9.86396, 8.5, 12.5],
			"rotation": {"angle": 45, "axis": "y", "origin": [8, 8, 8]},
			"faces": {
				"north": {"uv": [5.5, 1.25, 7.25, 1.75], "texture": "#1"},
				"east": {"uv": [5.5, 1.25, 6, 1.75], "texture": "#1"},
				"south": {"uv": [5.5, 1.25, 7.25, 1.75], "texture": "#1"},
				"west": {"uv": [6, 1.25, 6.5, 1.75], "texture": "#1"},
				"up": {"uv": [7.25, 1.75, 5.5, 1.25], "texture": "#1"},
				"down": {"uv": [7.25, 1.25, 5.5, 1.75], "texture": "#1"}
			}
		},
		{
			"from": [6.13604, 7.5, 11.5],
			"to": [9.86396, 8.5, 12.5],
			"rotation": {"angle": 0, "axis": "y", "origin": [8, 8, 8]},
			"faces": {
				"north": {"uv": [5.5, 1.25, 7.25, 1.75], "texture": "#1"},
				"east": {"uv": [5.5, 1.25, 6, 1.75], "texture": "#1"},
				"south": {"uv": [5.5, 1.25, 7.25, 1.75], "texture": "#1"},
				"west": {"uv": [6, 1.25, 6.5, 1.75], "texture": "#1"},
				"up": {"uv": [7.25, 1.75, 5.5, 1.25], "texture": "#1"},
				"down": {"uv": [7.25, 1.25, 5.5, 1.75], "texture": "#1"}
			}
		},
		{
			"from": [3.5, 7.5, 6.13604],
			"to": [4.5, 8.5, 9.86396],
			"rotation": {"angle": 45, "axis": "y", "origin": [8, 8, 8]},
			"faces": {
				"north": {"uv": [5.5, 1.25, 6, 1.75], "texture": "#1"},
				"east": {"uv": [5.5, 1.25, 7.25, 1.75], "texture": "#1"},
				"south": {"uv": [6, 1.25, 6.5, 1.75], "texture": "#1"},
				"west": {"uv": [5.5, 1.25, 7.25, 1.75], "texture": "#1"},
				"up": {"uv": [7.25, 1.75, 5.5, 1.25], "rotation": 270, "texture": "#1"},
				"down": {"uv": [5.5, 1.75, 7.25, 1.25], "rotation": 270, "texture": "#1"}
			}
		},
		{
			"from": [3.5, 7.5, 6.13604],
			"to": [4.5, 8.5, 9.86396],
			"rotation": {"angle": 0, "axis": "y", "origin": [8, 8, 8]},
			"faces": {
				"north": {"uv": [5.5, 1.25, 6, 1.75], "texture": "#1"},
				"east": {"uv": [5.5, 1.25, 7.25, 1.75], "texture": "#1"},
				"south": {"uv": [5.5, 2, 6, 2.5], "texture": "#1"},
				"west": {"uv": [5.5, 1.25, 7.25, 1.75], "texture": "#1"},
				"up": {"uv": [7.25, 1.75, 5.5, 1.25], "rotation": 90, "texture": "#1"},
				"down": {"uv": [5.5, 1.75, 7.25, 1.25], "rotation": 270, "texture": "#1"}
			}
		},
		{
			"from": [11.5, 7.5, 6.13604],
			"to": [12.5, 8.5, 9.86396],
			"rotation": {"angle": 45, "axis": "y", "origin": [8, 8, 8]},
			"faces": {
				"north": {"uv": [5.5, 1.25, 6, 1.75], "texture": "#1"},
				"east": {"uv": [5.5, 1.25, 7.25, 1.75], "texture": "#1"},
				"south": {"uv": [5.5, 1.25, 6, 1.75], "texture": "#1"},
				"west": {"uv": [5.5, 1.25, 7.25, 1.75], "texture": "#1"},
				"up": {"uv": [7.25, 1.75, 5.5, 1.25], "rotation": 270, "texture": "#1"},
				"down": {"uv": [5.5, 1.75, 7.25, 1.25], "rotation": 270, "texture": "#1"}
			}
		},
		{
			"from": [11.5, 7.5, 6.13604],
			"to": [12.5, 8.5, 9.86396],
			"rotation": {"angle": 0, "axis": "y", "origin": [8, 8, 8]},
			"faces": {
				"north": {"uv": [5.5, 1.25, 6, 1.75], "texture": "#1"},
				"east": {"uv": [5.5, 1.25, 7.25, 1.75], "texture": "#1"},
				"south": {"uv": [5.5, 2, 6, 2.5], "texture": "#1"},
				"west": {"uv": [5.5, 1.25, 7.25, 1.75], "texture": "#1"},
				"up": {"uv": [7.25, 1.75, 5.5, 1.25], "rotation": 270, "texture": "#1"},
				"down": {"uv": [5.5, 1.75, 7.25, 1.25], "rotation": 270, "texture": "#1"}
			}
		},
		{
			"from": [3, 8.51, 3.1],
			"to": [13.2, 8.51, 13.2],
			"rotation": {"angle": 0, "axis": "y", "origin": [0, 3, 0]},
			"faces": {
				"north": {"uv": [0, 0, 5, 0], "texture": "#1"},
				"east": {"uv": [0, 0, 5, 0], "texture": "#1"},
				"south": {"uv": [0, 0, 5, 0], "texture": "#1"},
				"west": {"uv": [0, 0, 5, 0], "texture": "#1"},
				"up": {"uv": [0, 5, 5, 0], "texture": "#1"},
				"down": {"uv": [0, 0, 5, 5], "texture": "#1"}
			}
		},
		{
			"from": [6, 8.5, 5],
			"to": [6.5, 9, 5.5],
			"rotation": {"angle": -22.5, "axis": "z", "origin": [6.25, 8.75, 5.25]},
			"faces": {
				"north": {"uv": [6.75, 0.75, 7, 1], "texture": "#1"},
				"east": {"uv": [6.75, 0.75, 7, 1], "texture": "#1"},
				"south": {"uv": [6.75, 0.75, 7, 1], "texture": "#1"},
				"west": {"uv": [6.75, 0.75, 7, 1], "texture": "#1"},
				"up": {"uv": [7, 1, 6.75, 0.75], "texture": "#1"},
				"down": {"uv": [7, 0.75, 6.75, 1], "texture": "#1"}
			}
		},
		{
			"from": [4.5, 7.75, 7.25],
			"to": [5, 8.25, 7.75],
			"rotation": {"angle": -22.5, "axis": "z", "origin": [6.25, 8.75, 5.25]},
			"faces": {
				"north": {"uv": [6.75, 0.75, 7, 1], "texture": "#1"},
				"east": {"uv": [6.75, 0.75, 7, 1], "texture": "#1"},
				"south": {"uv": [6.75, 0.75, 7, 1], "texture": "#1"},
				"west": {"uv": [6.75, 0.75, 7, 1], "texture": "#1"},
				"up": {"uv": [7, 1, 6.75, 0.75], "texture": "#1"},
				"down": {"uv": [7, 0.75, 6.75, 1], "texture": "#1"}
			}
		},
		{
			"from": [7, 8.75, 6.5],
			"to": [7.5, 9.25, 7],
			"rotation": {"angle": -22.5, "axis": "z", "origin": [6.25, 8.75, 5.25]},
			"faces": {
				"north": {"uv": [6.75, 0.75, 7, 1], "texture": "#1"},
				"east": {"uv": [6.75, 0.75, 7, 1], "texture": "#1"},
				"south": {"uv": [6.75, 0.75, 7, 1], "texture": "#1"},
				"west": {"uv": [6.75, 0.75, 7, 1], "texture": "#1"},
				"up": {"uv": [7, 1, 6.75, 0.75], "texture": "#1"},
				"down": {"uv": [7, 0.75, 6.75, 1], "texture": "#1"}
			}
		},
		{
			"from": [8.25, 9, 6],
			"to": [8.75, 9.5, 6.5],
			"rotation": {"angle": 45, "axis": "z", "origin": [9.25, 8.75, 6.25]},
			"faces": {
				"north": {"uv": [6.75, 0.75, 7, 1], "texture": "#1"},
				"east": {"uv": [6.75, 0.75, 7, 1], "texture": "#1"},
				"south": {"uv": [6.75, 0.75, 7, 1], "texture": "#1"},
				"west": {"uv": [6.75, 0.75, 7, 1], "texture": "#1"},
				"up": {"uv": [7, 1, 6.75, 0.75], "texture": "#1"},
				"down": {"uv": [7, 0.75, 6.75, 1], "texture": "#1"}
			}
		},
		{
			"from": [7, 8, 8.75],
			"to": [7.5, 8.5, 9.25],
			"rotation": {"angle": 45, "axis": "x", "origin": [7.25, 8.75, 9.25]},
			"faces": {
				"north": {"uv": [6.75, 0.75, 7, 1], "texture": "#1"},
				"east": {"uv": [6.75, 0.75, 7, 1], "texture": "#1"},
				"south": {"uv": [6.75, 0.75, 7, 1], "texture": "#1"},
				"west": {"uv": [6.75, 0.75, 7, 1], "texture": "#1"},
				"up": {"uv": [7, 1, 6.75, 0.75], "texture": "#1"},
				"down": {"uv": [7, 0.75, 6.75, 1], "texture": "#1"}
			}
		},
		{
			"from": [7, 9.75, 10.75],
			"to": [7.5, 10.25, 11.25],
			"rotation": {"angle": 45, "axis": "x", "origin": [7.25, 8.75, 9.25]},
			"faces": {
				"north": {"uv": [6.75, 0.75, 7, 1], "texture": "#1"},
				"east": {"uv": [6.75, 0.75, 7, 1], "texture": "#1"},
				"south": {"uv": [6.75, 0.75, 7, 1], "texture": "#1"},
				"west": {"uv": [6.75, 0.75, 7, 1], "texture": "#1"},
				"up": {"uv": [7, 1, 6.75, 0.75], "texture": "#1"},
				"down": {"uv": [7, 0.75, 6.75, 1], "texture": "#1"}
			}
		},
		{
			"from": [10.75, 6.75, 7.5],
			"to": [11.25, 7.25, 8],
			"rotation": {"angle": 45, "axis": "x", "origin": [7.25, 8.75, 9.25]},
			"faces": {
				"north": {"uv": [6.75, 0.75, 7, 1], "texture": "#1"},
				"east": {"uv": [6.75, 0.75, 7, 1], "texture": "#1"},
				"south": {"uv": [6.75, 0.75, 7, 1], "texture": "#1"},
				"west": {"uv": [6.75, 0.75, 7, 1], "texture": "#1"},
				"up": {"uv": [7, 1, 6.75, 0.75], "texture": "#1"},
				"down": {"uv": [7, 0.75, 6.75, 1], "texture": "#1"}
			}
		},
		{
			"from": [5, 8.75, 10],
			"to": [5.5, 9.25, 10.5],
			"rotation": {"angle": -22.5, "axis": "x", "origin": [5.25, 8.75, 10.25]},
			"faces": {
				"north": {"uv": [6.75, 0.75, 7, 1], "texture": "#1"},
				"east": {"uv": [6.75, 0.75, 7, 1], "texture": "#1"},
				"south": {"uv": [6.75, 0.75, 7, 1], "texture": "#1"},
				"west": {"uv": [6.75, 0.75, 7, 1], "texture": "#1"},
				"up": {"uv": [7, 1, 6.75, 0.75], "texture": "#1"},
				"down": {"uv": [7, 0.75, 6.75, 1], "texture": "#1"}
			}
		},
		{
			"from": [10, 8.5, 9.75],
			"to": [10.5, 9, 10.25],
			"rotation": {"angle": -45, "axis": "x", "origin": [10.25, 8.75, 10.25]},
			"faces": {
				"north": {"uv": [6.75, 0.75, 7, 1], "texture": "#1"},
				"east": {"uv": [6.75, 0.75, 7, 1], "texture": "#1"},
				"south": {"uv": [6.75, 0.75, 7, 1], "texture": "#1"},
				"west": {"uv": [6.75, 0.75, 7, 1], "texture": "#1"},
				"up": {"uv": [7, 1, 6.75, 0.75], "texture": "#1"},
				"down": {"uv": [7, 0.75, 6.75, 1], "texture": "#1"}
			}
		},
		{
			"from": [8.195, 8.4525, 7.03],
			"to": [9.2625, 8.7575, 8.0975],
			"rotation": {"angle": -22.5, "axis": "y", "origin": [6.59375, 8.605, 8.22875]},
			"faces": {
				"north": {"uv": [5.5, 2, 6.5, 2.25], "texture": "#1"},
				"east": {"uv": [5.5, 2, 6.5, 2.25], "texture": "#1"},
				"south": {"uv": [5.5, 2, 6.5, 2.25], "texture": "#1"},
				"west": {"uv": [5.5, 2, 6.5, 2.25], "texture": "#1"},
				"up": {"uv": [6.5, 1, 5.5, 0], "rotation": 270, "texture": "#1"},
				"down": {"uv": [6.5, 0, 5.5, 1], "rotation": 90, "texture": "#1"}
			}
		},
		{
			"from": [7.03, 8.4525, 9.22],
			"to": [8.0975, 8.7575, 10.2875],
			"rotation": {"angle": 0, "axis": "y", "origin": [7.20375, 8.605, 7.31375]},
			"faces": {
				"north": {"uv": [5.5, 2, 6.5, 2.25], "texture": "#1"},
				"east": {"uv": [5.5, 2, 6.5, 2.25], "texture": "#1"},
				"south": {"uv": [5.5, 2, 6.5, 2.25], "texture": "#1"},
				"west": {"uv": [5.5, 2, 6.5, 2.25], "texture": "#1"},
				"up": {"uv": [6.5, 1, 5.5, 0], "texture": "#1"},
				"down": {"uv": [6.5, 0, 5.5, 1], "texture": "#1"}
			}
		},
		{
			"from": [4.03, 8.4525, 7.72],
			"to": [5.0975, 8.7575, 8.7875],
			"rotation": {"angle": 0, "axis": "y", "origin": [3.95375, 8.605, 5.81375]},
			"faces": {
				"north": {"uv": [5.5, 2, 6.5, 2.25], "texture": "#1"},
				"east": {"uv": [5.5, 2, 6.5, 2.25], "texture": "#1"},
				"south": {"uv": [5.5, 2, 6.5, 2.25], "texture": "#1"},
				"west": {"uv": [5.5, 2, 6.5, 2.25], "texture": "#1"},
				"up": {"uv": [6.5, 1, 5.5, 0], "texture": "#1"},
				"down": {"uv": [6.5, 0, 5.5, 1], "texture": "#1"}
			}
		},
		{
			"from": [4.445, 8.4525, 5.03],
			"to": [5.5125, 8.7575, 6.0975],
			"rotation": {"angle": -22.5, "axis": "y", "origin": [3.34375, 8.605, 6.72875]},
			"faces": {
				"north": {"uv": [5.5, 2, 6.5, 2.25], "texture": "#1"},
				"east": {"uv": [5.5, 2, 6.5, 2.25], "texture": "#1"},
				"south": {"uv": [5.5, 2, 6.5, 2.25], "texture": "#1"},
				"west": {"uv": [5.5, 2, 6.5, 2.25], "texture": "#1"},
				"up": {"uv": [6.5, 1, 5.5, 0], "rotation": 270, "texture": "#1"},
				"down": {"uv": [6.5, 0, 5.5, 1], "rotation": 90, "texture": "#1"}
			}
		},
		{
			"from": [9.16, 8.305, 6.175],
			"to": [10.595, 8.715, 7.61],
			"rotation": {"angle": 0, "axis": "y", "origin": [6.2575, 8.51, 7.0775]},
			"faces": {
				"north": {"uv": [5.5, 2, 6.5, 2.25], "texture": "#1"},
				"east": {"uv": [5.5, 2, 6.5, 2.25], "texture": "#1"},
				"south": {"uv": [5.5, 2, 6.5, 2.25], "texture": "#1"},
				"west": {"uv": [5.5, 2, 6.5, 2.25], "texture": "#1"},
				"up": {"uv": [6.5, 1, 5.5, 0], "texture": "#1"},
				"down": {"uv": [6.5, 0, 5.5, 1], "texture": "#1"}
			}
		},
		{
			"from": [6.16, 8.305, 4.425],
			"to": [7.595, 8.715, 5.86],
			"rotation": {"angle": 0, "axis": "y", "origin": [6.2575, 8.51, 7.0775]},
			"faces": {
				"north": {"uv": [5.5, 2, 6.5, 2.25], "texture": "#1"},
				"east": {"uv": [5.5, 2, 6.5, 2.25], "texture": "#1"},
				"south": {"uv": [5.5, 2, 6.5, 2.25], "texture": "#1"},
				"west": {"uv": [5.5, 2, 6.5, 2.25], "texture": "#1"},
				"up": {"uv": [6.5, 1, 5.5, 0], "texture": "#1"},
				"down": {"uv": [6.5, 0, 5.5, 1], "texture": "#1"}
			}
		},
		{
			"from": [9.54, 8.3975, 8.895],
			"to": [10.9225, 8.7925, 10.2775],
			"rotation": {"angle": 45, "axis": "y", "origin": [9.48125, 7.345, 7.90125]},
			"faces": {
				"north": {"uv": [5.5, 2, 6.5, 2.25], "texture": "#1"},
				"east": {"uv": [5.5, 2, 6.5, 2.25], "texture": "#1"},
				"south": {"uv": [5.5, 2, 6.5, 2.25], "texture": "#1"},
				"west": {"uv": [5.5, 2, 6.5, 2.25], "texture": "#1"},
				"up": {"uv": [6.5, 3.5, 5.5, 2.5], "texture": "#1"},
				"down": {"uv": [6.5, 0, 5.5, 1], "texture": "#1"}
			}
		},
		{
			"from": [4.5775, 8.3975, 6.0775],
			"to": [5.96, 8.7925, 7.46],
			"rotation": {"angle": 45, "axis": "y", "origin": [9.48125, 7.345, 7.90125]},
			"faces": {
				"north": {"uv": [5.5, 2, 6.5, 2.25], "texture": "#1"},
				"east": {"uv": [5.5, 2, 6.5, 2.25], "texture": "#1"},
				"south": {"uv": [5.5, 2, 6.5, 2.25], "texture": "#1"},
				"west": {"uv": [5.5, 2, 6.5, 2.25], "texture": "#1"},
				"up": {"uv": [6.5, 3.5, 5.5, 2.5], "texture": "#1"},
				"down": {"uv": [6.5, 0, 5.5, 1], "texture": "#1"}
			}
		},
		{
			"from": [6.36, 8.305, 8.91],
			"to": [7.795, 8.715, 10.345],
			"rotation": {"angle": 45, "axis": "y", "origin": [9.5375, 8.51, 7.8975]},
			"faces": {
				"north": {"uv": [5.5, 2, 6.5, 2.25], "texture": "#1"},
				"east": {"uv": [5.5, 2, 6.5, 2.25], "texture": "#1"},
				"south": {"uv": [5.5, 2, 6.5, 2.25], "texture": "#1"},
				"west": {"uv": [5.5, 2, 6.5, 2.25], "texture": "#1"},
				"up": {"uv": [6.5, 3.5, 5.5, 2.5], "texture": "#1"},
				"down": {"uv": [6.5, 0, 5.5, 1], "texture": "#1"}
			}
		},
		{
			"from": [10.36, 8.305, 4.66],
			"to": [11.795, 8.715, 6.095],
			"rotation": {"angle": 45, "axis": "y", "origin": [9.5375, 8.51, 7.8975]},
			"faces": {
				"north": {"uv": [5.5, 2, 6.5, 2.25], "texture": "#1"},
				"east": {"uv": [5.5, 2, 6.5, 2.25], "texture": "#1"},
				"south": {"uv": [5.5, 2, 6.5, 2.25], "texture": "#1"},
				"west": {"uv": [5.5, 2, 6.5, 2.25], "texture": "#1"},
				"up": {"uv": [6.5, 3.5, 5.5, 2.5], "texture": "#1"},
				"down": {"uv": [6.5, 0, 5.5, 1], "texture": "#1"}
			}
		},
		{
			"from": [7.36, 8.305, 5.16],
			"to": [8.795, 8.715, 6.595],
			"rotation": {"angle": 45, "axis": "y", "origin": [9.5375, 8.51, 7.8975]},
			"faces": {
				"north": {"uv": [5.5, 2, 6.5, 2.25], "texture": "#1"},
				"east": {"uv": [5.5, 2, 6.5, 2.25], "texture": "#1"},
				"south": {"uv": [5.5, 2, 6.5, 2.25], "texture": "#1"},
				"west": {"uv": [5.5, 2, 6.5, 2.25], "texture": "#1"},
				"up": {"uv": [6.5, 3.5, 5.5, 2.5], "texture": "#1"},
				"down": {"uv": [6.5, 0, 5.5, 1], "texture": "#1"}
			}
		},
		{
			"from": [3, 7.48, 3.9],
			"to": [13, 7.48, 13.9],
			"rotation": {"angle": 0, "axis": "y", "origin": [0, 3, 0]},
			"faces": {
				"north": {"uv": [0, 0, 5, 0], "texture": "#1"},
				"east": {"uv": [0, 0, 5, 0], "texture": "#1"},
				"south": {"uv": [0, 0, 5, 0], "texture": "#1"},
				"west": {"uv": [0, 0, 5, 0], "texture": "#1"},
				"up": {"uv": [5, 5.5, 0, 10.5], "texture": "#1"},
				"down": {"uv": [0, 10.5, 5, 5.5], "texture": "#1"}
			}
		}
	],
	"display": {
		"thirdperson_righthand": {
			"rotation": [55.76, 88.97, 12.12],
			"translation": [0, 3.25, -1],
			"scale": [0.84992, 1.08, 1.05]
		},
		"thirdperson_lefthand": {
			"rotation": [55.76, 88.97, 12.12],
			"translation": [0, 3.25, -1],
			"scale": [0.84992, 1.08, 1.05]
		},
		"firstperson_righthand": {
			"rotation": [105.29, -82.44, 113.17],
			"translation": [-1.25, 0.75, 0],
			"scale": [1.09, 1, 1.42]
		},
		"firstperson_lefthand": {
			"rotation": [105.29, -82.44, 113.17],
			"translation": [-1.25, 0.75, 0],
			"scale": [1.09, 1, 1.42]
		},
		"ground": {
			"translation": [0, -2.5, 0],
			"scale": [1.12, 1.26, 1.41]
		},
		"gui": {
			"rotation": [3, 65, 43],
			"scale": [1.2, 1.49, 1.65]
		},
		"head": {
			"translation": [0, 7.5, 0],
			"scale": [2.6, 2.43, 2.16]
		},
		"fixed": {
			"rotation": [-90, 0, 0],
			"translation": [0, 0, -1.25],
			"scale": [2.87, 2.78, 2.31]
		}
	},
	"groups": [
		{
			"name": "Focaccia_Barese",
			"origin": [8, 8, 8],
			"color": 0,
			"children": [0, 1, 2, 3, 4, 5, 6, 7, 8, 9, 10, 11, 12, 13, 14, 15, 16, 17, 18, 19, 20, 21, 22, 23, 24, 25, 26, 27, 28, 29]
		}
	]
}