{
	"textures": {
		"1": "block/color/varie/decorazioni/cibo/shake/shake",
		"particle": "block/color/empty"
	},
	"elements": [
		{
			"from": [5.5, 0, 5.5],
			"to": [10.5, 1, 10.5],
			"faces": {
				"north": {"uv": [10.5, 7, 13, 7.5], "texture": "#1"},
				"east": {"uv": [13, 7, 10.5, 7.5], "texture": "#1"},
				"south": {"uv": [10.5, 7, 13, 7.5], "texture": "#1"},
				"west": {"uv": [13, 7, 10.5, 7.5], "texture": "#1"},
				"up": {"uv": [10.5, 5, 13, 7.5], "texture": "#1"},
				"down": {"uv": [13, 5, 10.5, 7.5], "texture": "#1"}
			}
		},
		{
			"from": [5.5, 3, 5.5],
			"to": [10.5, 16, 10.5],
			"faces": {
				"north": {"uv": [8, 2, 10.5, 8.5], "texture": "#1"},
				"east": {"uv": [10.5, 2, 8, 8.5], "texture": "#1"},
				"south": {"uv": [8, 2, 10.5, 8.5], "texture": "#1"},
				"west": {"uv": [10.5, 2, 8, 8.5], "texture": "#1"},
				"up": {"uv": [10, 9, 12.5, 11.5], "texture": "#1"},
				"down": {"uv": [13, 5, 10.5, 7.5], "texture": "#1"}
			}
		},
		{
			"from": [5.65, 3.15, 5.65],
			"to": [10.35, 15.85, 10.35],
			"faces": {
				"north": {"uv": [4, 9.5, 6.5, 16], "texture": "#1"},
				"east": {"uv": [6.5, 9.5, 4, 16], "texture": "#1"},
				"south": {"uv": [4, 9.5, 6.5, 16], "texture": "#1"},
				"west": {"uv": [6.5, 9.5, 4, 16], "texture": "#1"},
				"up": {"uv": [4, 7, 6.5, 9.5], "texture": "#1"},
				"down": {"uv": [6.5, 7, 4, 9.5], "texture": "#1"}
			}
		},
		{
			"from": [6.5, 1, 6.5],
			"to": [9.5, 3, 9.5],
			"faces": {
				"north": {"uv": [12.5, 7.5, 11, 8.5], "texture": "#1"},
				"east": {"uv": [11, 7.5, 12.5, 8.5], "texture": "#1"},
				"south": {"uv": [12.5, 7.5, 11, 8.5], "texture": "#1"},
				"west": {"uv": [11, 7.5, 12.5, 8.5], "texture": "#1"},
				"up": {"uv": [11, 7, 12.5, 8.5], "texture": "#1"},
				"down": {"uv": [11, 7, 12.5, 8.5], "texture": "#1"}
			}
		},
		{
			"from": [7, 14, 8],
			"to": [9, 18, 12],
			"faces": {
				"north": {"uv": [1, 7, 2, 5], "texture": "#1"},
				"east": {"uv": [2, 5, 4, 7], "texture": "#1"},
				"south": {"uv": [1, 7, 2, 9], "texture": "#1"},
				"west": {"uv": [2, 7, 4, 9], "texture": "#1"},
				"up": {"uv": [1, 9, 2, 7], "texture": "#1"},
				"down": {"uv": [1, 5, 2, 7], "texture": "#1"}
			}
		},
		{
			"from": [6, 7, 11.25],
			"to": [7, 19, 12.25],
			"rotation": {"angle": -22.5, "axis": "x", "origin": [0, 0, 0]},
			"faces": {
				"north": {"uv": [0.5, 7.5, 1, 13.5], "texture": "#1"},
				"east": {"uv": [0.5, 7.5, 1, 13.5], "texture": "#1"},
				"south": {"uv": [0.5, 7.5, 1, 13.5], "texture": "#1"},
				"west": {"uv": [0.5, 7.5, 1, 13.5], "texture": "#1"},
				"up": {"uv": [0.5, 7, 1, 7.5], "texture": "#1"},
				"down": {"uv": [0.5, 7, 1, 7.5], "texture": "#1"}
			}
		}
	],
	"display": {
		"thirdperson_righthand": {
			"translation": [0, 2, -1],
			"scale": [0.45, 0.45, 0.45]
		},
		"thirdperson_lefthand": {
			"translation": [0.5, 2.25, -1],
			"scale": [0.45, 0.45, 0.45]
		},
		"firstperson_righthand": {
			"rotation": [0, 105, 0],
			"translation": [2.5, -0.25, 0],
			"scale": [0.6, 0.6, 0.6]
		},
		"firstperson_lefthand": {
			"rotation": [0, 114, 0],
			"translation": [2.75, 0, 0],
			"scale": [0.6, 0.6, 0.6]
		},
		"ground": {
			"translation": [0, 4.75, 0]
		},
		"gui": {
			"rotation": [30, 30, 0],
			"translation": [0, -1, 0],
			"scale": [0.6, 0.6, 0.6]
		},
		"head": {
			"translation": [0, 14.25, 0]
		},
		"fixed": {
			"rotation": [-90, 0, 0],
			"translation": [0, 0, -15],
			"scale": [2, 2, 2]
		}
	}
}