{
	"textures": {
		"1": "block/color/varie/decorazioni/cibo/yogurt/yogurt_1",
		"2": "block/color/varie/decorazioni/cibo/yogurt/yogurt_2",
		"particle": "block/color/empty"
	},
	"elements": [
		{
			"from": [4, 0, 4],
			"to": [12, 6, 12],
			"faces": {
				"north": {"uv": [8, 8, 0, 14], "texture": "#1"},
				"east": {"uv": [0, 8, 8, 14], "texture": "#1"},
				"south": {"uv": [8, 8, 0, 14], "texture": "#1"},
				"west": {"uv": [0, 8, 8, 14], "texture": "#1"},
				"up": {"uv": [0, 0, 8, 8], "texture": "#1"},
				"down": {"uv": [8, 8, 16, 16], "texture": "#1"}
			}
		},
		{
			"from": [11, 6, 11],
			"to": [5, 1, 5],
			"faces": {
				"north": {"uv": [8, 14, 2, 9], "texture": "#1"},
				"east": {"uv": [2, 14, 8, 9], "texture": "#1"},
				"south": {"uv": [8, 14, 2, 9], "texture": "#1"},
				"west": {"uv": [2, 14, 8, 9], "texture": "#1"},
				"up": {"uv": [9, 9, 15, 15], "texture": "#1"},
				"down": {"uv": [9, 9, 15, 15], "texture": "#1"}
			}
		},
		{
			"from": [1, 1, 8],
			"to": [4, 5, 8],
			"faces": {
				"north": {"uv": [8, 4, 11, 8], "texture": "#1"},
				"east": {"uv": [0, 0, 0, 6], "texture": "#1"},
				"south": {"uv": [11, 4, 8, 8], "texture": "#1"},
				"west": {"uv": [0, 0, 0, 6], "texture": "#1"},
				"up": {"uv": [0, 0, 6, 0], "texture": "#1"},
				"down": {"uv": [0, 0, 6, 0], "texture": "#1"}
			}
		},
		{
			"from": [5.65, 1, 3.9],
			"to": [9.65, 5, 3.9],
			"rotation": {"angle": 0, "axis": "y", "origin": [0.4, 0, 0]},
			"faces": {
				"north": {"uv": [8, 0, 12, 4], "texture": "#1"},
				"east": {"uv": [0, 0, 0, 6], "texture": "#1"},
				"south": {"uv": [12, 0, 8, 4], "texture": "#1"},
				"west": {"uv": [0, 0, 0, 6], "texture": "#1"},
				"up": {"uv": [0, 0, 6, 0], "texture": "#1"},
				"down": {"uv": [0, 0, 6, 0], "texture": "#1"}
			}
		},
		{
			"from": [4.9, -3.5, 3.75],
			"to": [6.9, -0.5, 3.75],
			"rotation": {"angle": 45, "axis": "z", "origin": [0.4, 0, 0]},
			"faces": {
				"north": {"uv": [14, 4, 11, 8], "texture": "#1"},
				"east": {"uv": [0, 0, 0, 8], "texture": "#1"},
				"south": {"uv": [11, 4, 14, 8], "texture": "#1"},
				"west": {"uv": [0, 0, 0, 8], "texture": "#1"},
				"up": {"uv": [0, 0, 6, 0], "texture": "#1"},
				"down": {"uv": [0, 0, 6, 0], "texture": "#1"}
			}
		},
		{
			"from": [4.9, -4, 12.1],
			"to": [6.9, -1, 12.1],
			"rotation": {"angle": 45, "axis": "z", "origin": [0.4, -0.5, 0]},
			"faces": {
				"north": {"uv": [14, 4, 11, 8], "texture": "#1"},
				"east": {"uv": [0, 0, 0, 8], "texture": "#1"},
				"south": {"uv": [11, 4, 14, 8], "texture": "#1"},
				"west": {"uv": [0, 0, 0, 8], "texture": "#1"},
				"up": {"uv": [0, 0, 6, 0], "texture": "#1"},
				"down": {"uv": [0, 0, 6, 0], "texture": "#1"}
			}
		},
		{
			"from": [3.9, 7.5, 3.75],
			"to": [6.9, 10.5, 3.75],
			"rotation": {"angle": -45, "axis": "z", "origin": [0.4, 0, 0]},
			"faces": {
				"north": {"uv": [12, 0, 16, 4], "texture": "#1"},
				"east": {"uv": [0, 0, 0, 8], "texture": "#1"},
				"south": {"uv": [16, 0, 12, 4], "texture": "#1"},
				"west": {"uv": [0, 0, 0, 8], "texture": "#1"},
				"up": {"uv": [0, 0, 6, 0], "texture": "#1"},
				"down": {"uv": [0, 0, 6, 0], "texture": "#1"}
			}
		},
		{
			"from": [4.4, 6.5, 12.05],
			"to": [7.4, 9.5, 12.05],
			"rotation": {"angle": -45, "axis": "z", "origin": [0.4, -0.25, 0]},
			"faces": {
				"north": {"uv": [12, 0, 16, 4], "texture": "#1"},
				"east": {"uv": [0, 0, 0, 8], "texture": "#1"},
				"south": {"uv": [16, 0, 12, 4], "texture": "#1"},
				"west": {"uv": [0, 0, 0, 8], "texture": "#1"},
				"up": {"uv": [0, 0, 6, 0], "texture": "#1"},
				"down": {"uv": [0, 0, 6, 0], "texture": "#1"}
			}
		},
		{
			"from": [4.5, 3.5, 12.1],
			"to": [8.5, 7.5, 12.1],
			"rotation": {"angle": -22.5, "axis": "z", "origin": [0, -0.25, 0]},
			"faces": {
				"north": {"uv": [8, 0, 12, 4], "texture": "#1"},
				"east": {"uv": [0, 0, 0, 8], "texture": "#1"},
				"south": {"uv": [8, 0, 12, 4], "texture": "#1"},
				"west": {"uv": [0, 0, 0, 8], "texture": "#1"},
				"up": {"uv": [0, 0, 8, 0], "texture": "#1"},
				"down": {"uv": [0, 0, 8, 0], "texture": "#1"}
			}
		},
		{
			"from": [5, 5, 5],
			"to": [11, 5, 11],
			"faces": {
				"north": {"uv": [0, 0, 12, 0], "texture": "#2"},
				"east": {"uv": [0, 0, 12, 0], "texture": "#2"},
				"south": {"uv": [0, 0, 12, 0], "texture": "#2"},
				"west": {"uv": [0, 0, 12, 0], "texture": "#2"},
				"up": {"uv": [6, 6, 0, 0], "texture": "#2"},
				"down": {"uv": [6, 0, 0, 6], "texture": "#2"}
			}
		}
	],
	"display": {
		"thirdperson_righthand": {
			"rotation": [0, 90, 0],
			"translation": [0, 2.5, -3.5],
			"scale": [0.6, 0.6, 0.6]
		},
		"thirdperson_lefthand": {
			"rotation": [0, -90, 0],
			"translation": [-0.5, 2.5, -3.5],
			"scale": [0.6, 0.6, 0.6]
		},
		"firstperson_righthand": {
			"rotation": [0, 90, 0],
			"translation": [1, 5, 0.5],
			"scale": [0.6, 0.6, 0.6]
		},
		"firstperson_lefthand": {
			"translation": [1.5, 4.5, 0],
			"scale": [0.6, 0.6, 0.6]
		},
		"ground": {
			"translation": [0, 0.75, 0],
			"scale": [0.5, 0.5, 0.5]
		},
		"gui": {
			"rotation": [30, -20, -10],
			"translation": [1.5, 4.5, 0],
			"scale": [1.1, 1.1, 1.1]
		},
		"head": {
			"translation": [0, 11.25, 0],
			"scale": [0.6, 0.6, 0.6]
		},
		"fixed": {
			"rotation": [-90, 0, 0],
			"translation": [0, 0, -8]
		}
	}
}