{
	"credit": "Made by SrDarmith - YouTube: Mainclay",
	"textures": {
		"1": "block/color/armi/ditone/ditone_1",
		"2": "block/color/armi/ditone/ditone_2",
		"3": "block/color/armi/ditone/ditone_3",
		"particle": "block/color/armi/ditone/ditone_1"
	},
	"elements": [
		{
			"from": [-9.925, 8.15, 7.5],
			"to": [15.325, 8.65, 7.75],
			"rotation": {"angle": 0, "axis": "y", "origin": [6.25, 1.75, 0]},
			"faces": {
				"north": {"uv": [3.5, 6.25, 16, 6.75], "texture": "#1", "cullface": "west"},
				"east": {"uv": [8.25, 6.25, 9.5, 7.75], "texture": "#1", "cullface": "west"},
				"south": {"uv": [0, 6.25, 12.5, 6.75], "texture": "#1", "cullface": "west"},
				"west": {"uv": [7.5, 6.25, 7.75, 6.75], "texture": "#1", "cullface": "west"},
				"up": {"uv": [0, 7.5, 12.5, 7.75], "texture": "#1", "cullface": "west"},
				"down": {"uv": [16, 7.75, 3.5, 7.5], "texture": "#1", "cullface": "west"}
			}
		},
		{
			"from": [-9.925, 8.15, 8.25],
			"to": [15.325, 8.65, 8.5],
			"rotation": {"angle": 0, "axis": "y", "origin": [6.25, 1.75, 0]},
			"faces": {
				"north": {"uv": [3.5, 6.25, 16, 6.75], "texture": "#1", "cullface": "west"},
				"east": {"uv": [7.5, 6.25, 8.75, 7.75], "texture": "#1", "cullface": "west"},
				"south": {"uv": [0, 6.25, 12.5, 6.75], "texture": "#1", "cullface": "west"},
				"west": {"uv": [8.25, 6.25, 8.5, 6.75], "texture": "#1", "cullface": "west"},
				"up": {"uv": [0, 8.25, 12.5, 8.5], "texture": "#1", "cullface": "west"},
				"down": {"uv": [16, 8.5, 3.5, 8.25], "texture": "#1", "cullface": "west"}
			}
		},
		{
			"from": [-9.925, 8.65, 7.75],
			"to": [17.825, 8.9, 8.25],
			"rotation": {"angle": 0, "axis": "y", "origin": [6.25, 1.75, 0]},
			"faces": {
				"north": {"uv": [1, 6, 16, 6.25], "texture": "#1", "cullface": "west"},
				"south": {"uv": [0, 6, 15, 6.25], "texture": "#1", "cullface": "west"},
				"west": {"uv": [7.75, 6, 8.25, 6.25], "texture": "#1", "cullface": "west"},
				"up": {"uv": [0, 7.75, 15, 8.25], "texture": "#1", "cullface": "west"},
				"down": {"uv": [16, 8.25, 1, 7.75], "texture": "#1", "cullface": "west"}
			}
		},
		{
			"from": [-9.925, 7.9, 7.75],
			"to": [19.075, 8.15, 8.25],
			"rotation": {"angle": 0, "axis": "y", "origin": [6.25, 1.75, 0]},
			"faces": {
				"north": {"uv": [0, 6.75, 16, 7], "texture": "#1"},
				"east": {"uv": [7.75, 6.75, 9.25, 8], "texture": "#1"},
				"south": {"uv": [0, 6.75, 16, 7], "texture": "#1"},
				"west": {"uv": [7.75, 6.75, 8.25, 7], "texture": "#1"},
				"up": {"uv": [0, 7.75, 16, 8.25], "texture": "#1"},
				"down": {"uv": [16, 8.25, 0, 7.75], "texture": "#1"}
			}
		},
		{
			"from": [19.325, 8.525, 7.25],
			"to": [19.575, 8.775, 7.75],
			"rotation": {"angle": 0, "axis": "y", "origin": [5, 1.8, 0]},
			"faces": {
				"north": {"uv": [1, 6.25, 1.5, 6.5], "texture": "#2", "cullface": "east"},
				"east": {"uv": [7.5, 6.25, 8.5, 6.5], "texture": "#2", "cullface": "east"},
				"south": {"uv": [14.5, 6.25, 15, 6.5], "texture": "#2", "cullface": "east"},
				"west": {"uv": [7.5, 6.25, 8.5, 6.5], "texture": "#2", "cullface": "east"},
				"up": {"uv": [14.5, 7.5, 15, 8.5], "texture": "#2", "cullface": "east"}
			}
		},
		{
			"from": [17.75, 5.75, 7.5],
			"to": [18, 7, 8.5],
			"rotation": {"angle": 0, "axis": "y", "origin": [4.5, 0, 0]},
			"faces": {
				"north": {"uv": [2.5, 8.75, 2.75, 10], "texture": "#1"},
				"east": {"uv": [7.5, 8.75, 8.5, 10], "texture": "#1"},
				"south": {"uv": [13.25, 8.75, 13.5, 10], "texture": "#1"},
				"west": {"uv": [7.5, 8.75, 8.5, 10], "texture": "#1"},
				"down": {"uv": [2.75, 8.5, 2.5, 7.5], "texture": "#1"}
			}
		},
		{
			"from": [18, 5.75, 7.5],
			"to": [19.75, 6, 8.5],
			"rotation": {"angle": 0, "axis": "y", "origin": [4.5, 0, 0]},
			"faces": {
				"north": {"uv": [0.75, 10, 2.5, 10.25], "texture": "#1"},
				"east": {"uv": [7.5, 10, 8.5, 10.25], "texture": "#1"},
				"south": {"uv": [13.5, 10, 15.25, 10.25], "texture": "#1"},
				"west": {"uv": [7.5, 10, 8.5, 10.25], "texture": "#1"},
				"up": {"uv": [13.5, 7.5, 15.25, 8.5], "texture": "#1"},
				"down": {"uv": [2.5, 8.5, 0.75, 7.5], "texture": "#1"}
			}
		},
		{
			"from": [19.75, 5.75, 7.5],
			"to": [20, 7, 8.5],
			"rotation": {"angle": 0, "axis": "y", "origin": [4.5, 0, 0]},
			"faces": {
				"north": {"uv": [0.5, 9, 0.75, 10], "texture": "#1"},
				"east": {"uv": [7.5, 9, 8.5, 10], "texture": "#1"},
				"south": {"uv": [15.25, 9, 15.5, 10], "texture": "#1"},
				"west": {"uv": [7.5, 9, 8.5, 10], "texture": "#1"},
				"down": {"uv": [0.75, 8.5, 0.5, 7.5], "texture": "#1"}
			}
		},
		{
			"from": [19.3, 6.4, 7.75],
			"to": [19.55, 7.4, 8.25],
			"rotation": {"angle": -22.5, "axis": "z", "origin": [19, 7.5, 7.75]},
			"faces": {
				"north": {"uv": [0.75, 2, 1.25, 3.25], "texture": "#1"},
				"east": {"uv": [7.75, 2, 8.25, 3.25], "texture": "#1"},
				"south": {"uv": [14.75, 2, 15.25, 3.25], "texture": "#1"},
				"west": {"uv": [7.75, 2, 8.25, 3.25], "texture": "#1"},
				"down": {"uv": [1.25, 8.25, 0.75, 7.75], "texture": "#1"}
			}
		},
		{
			"from": [11.25, 6.25, 7.25],
			"to": [12, 7.5, 8.75],
			"rotation": {"angle": 0, "axis": "y", "origin": [4.75, -1.25, 0]},
			"faces": {
				"north": {"uv": [0.75, 7.25, 15, 16], "texture": "#3"},
				"east": {"uv": [0, 0, 9.5, 11], "texture": "#3"},
				"south": {"uv": [10.5, 7.25, 16, 16], "texture": "#3"},
				"west": {"uv": [7.25, 7.25, 16, 16], "texture": "#3"},
				"down": {"uv": [15, 16, 0.75, 7.25], "texture": "#3"}
			}
		},
		{
			"from": [16, 6.25, 7.25],
			"to": [16.5, 7.5, 8.75],
			"rotation": {"angle": 0, "axis": "y", "origin": [4.75, -1.25, 0]},
			"faces": {
				"north": {"uv": [0.75, 7.25, 15, 16], "texture": "#3"},
				"east": {"uv": [0, 0, 9.5, 11], "texture": "#3"},
				"south": {"uv": [10.5, 7.25, 16, 16], "texture": "#3"},
				"west": {"uv": [7.25, 7.25, 16, 16], "texture": "#3"},
				"down": {"uv": [15, 16, 0.75, 7.25], "texture": "#3"}
			}
		},
		{
			"from": [12, 6.5, 7.25],
			"to": [16, 7.5, 8.75],
			"rotation": {"angle": 0, "axis": "y", "origin": [4.75, -1.25, 0]},
			"faces": {
				"north": {"uv": [0.75, 7.25, 15, 16], "texture": "#3"},
				"east": {"uv": [0, 0, 9.5, 11], "texture": "#3"},
				"south": {"uv": [10.5, 7.25, 16, 16], "texture": "#3"},
				"west": {"uv": [7.25, 7.25, 16, 16], "texture": "#3"},
				"down": {"uv": [15, 16, 0.75, 7.25], "texture": "#3"}
			}
		},
		{
			"from": [18.075, 9.025, 7.75],
			"to": [19.325, 9.275, 8.25],
			"rotation": {"angle": 0, "axis": "y", "origin": [5, 1.8, 0]},
			"faces": {
				"north": {"uv": [0, 6, 1, 6.25], "texture": "#2", "cullface": "east"},
				"east": {"uv": [7.75, 6, 8.25, 6.25], "texture": "#2", "cullface": "east"},
				"south": {"uv": [15, 6, 16, 6.25], "texture": "#2", "cullface": "east"},
				"up": {"uv": [15, 7.75, 16, 8.25], "texture": "#2", "cullface": "east"}
			}
		},
		{
			"from": [17.825, 8.525, 7.5],
			"to": [19.325, 9.025, 8.5],
			"rotation": {"angle": 0, "axis": "y", "origin": [5, 1.8, 0]},
			"faces": {
				"north": {"uv": [0, 6.25, 1.25, 6.75], "texture": "#2", "cullface": "east"},
				"east": {"uv": [7.5, 6.25, 8.5, 6.75], "texture": "#2", "cullface": "east"},
				"south": {"uv": [14.75, 6.25, 16, 6.75], "texture": "#2", "cullface": "east"},
				"west": {"uv": [7.5, 6.25, 8.5, 6.75], "texture": "#2", "cullface": "east"},
				"up": {"uv": [14.75, 7.5, 16, 8.5], "texture": "#2", "cullface": "east"},
				"down": {"uv": [1.25, 8.5, 0, 7.5], "texture": "#2", "cullface": "east"}
			}
		},
		{
			"from": [19.325, 11.125, 19.55],
			"to": [19.575, 12.625, 19.8],
			"rotation": {"angle": 45, "axis": "x", "origin": [16.25, 25.55, 8.75]},
			"faces": {
				"north": {"uv": [7.5, 7, 8.5, 9], "texture": "#2", "cullface": "east"},
				"east": {"uv": [6.75, 7, 7, 9], "texture": "#2", "cullface": "east"},
				"south": {"uv": [7.5, 7, 8.5, 9], "texture": "#2", "cullface": "east"},
				"west": {"uv": [9, 7, 9.25, 9], "texture": "#2", "cullface": "east"},
				"down": {"uv": [8.5, 9.25, 7.5, 9], "texture": "#2", "cullface": "east"}
			}
		},
		{
			"from": [19.075, 14.3, 10.6],
			"to": [19.825, 15.05, 11.35],
			"rotation": {"angle": 45, "axis": "x", "origin": [0, 16.8, 0]},
			"faces": {
				"north": {"uv": [0, 8.25, 0, 9], "texture": "#2", "cullface": "east"},
				"east": {"uv": [6.25, 8.25, 7, 9], "texture": "#2", "cullface": "east"},
				"south": {"uv": [16, 8.25, 16, 9], "texture": "#2", "cullface": "east"},
				"west": {"uv": [9, 8.25, 9.75, 9], "texture": "#2", "cullface": "east"},
				"up": {"uv": [16, 9, 16, 9.75], "texture": "#2", "cullface": "east"},
				"down": {"uv": [0, 9.75, 0, 9], "texture": "#2", "cullface": "east"}
			}
		},
		{
			"from": [3.5, 10, 7.5],
			"to": [6.75, 10.75, 8.5],
			"rotation": {"angle": 0, "axis": "y", "origin": [-0.25, 0, 0]},
			"faces": {
				"north": {"uv": [0, 14, 3, 16], "texture": "#1"},
				"east": {"uv": [0, 14, 3, 16], "texture": "#1"},
				"south": {"uv": [0, 14, 3, 16], "texture": "#1"},
				"west": {"uv": [0, 14, 3, 16], "texture": "#1"}
			}
		},
		{
			"from": [13.25, 9.75, 7.5],
			"to": [15.25, 10.5, 8.5],
			"rotation": {"angle": 0, "axis": "y", "origin": [-0.25, 0, 0]},
			"faces": {
				"north": {"uv": [0, 14, 3, 16], "texture": "#1"},
				"east": {"uv": [0, 14, 3, 16], "texture": "#1"},
				"south": {"uv": [0, 14, 3, 16], "texture": "#1"},
				"west": {"uv": [0, 14, 3, 16], "texture": "#1"},
				"down": {"uv": [3, 16, 0, 14], "texture": "#1"}
			}
		},
		{
			"from": [2.25, 10.75, 7.5],
			"to": [8.5, 11, 8.5],
			"rotation": {"angle": 0, "axis": "y", "origin": [-0.25, 0, 0]},
			"faces": {
				"north": {"uv": [0, 14, 3, 16], "texture": "#1", "cullface": "east"},
				"south": {"uv": [0, 14, 3, 16], "texture": "#1", "cullface": "east"},
				"up": {"uv": [0, 14, 3, 16], "texture": "#1", "cullface": "east"},
				"down": {"uv": [3, 16, 0, 14], "texture": "#1", "cullface": "east"}
			}
		},
		{
			"from": [2, 11, 8.5],
			"to": [9, 12, 8.75],
			"rotation": {"angle": 0, "axis": "y", "origin": [-0.25, 0, 0]},
			"faces": {
				"north": {"uv": [0, 14, 3, 16], "texture": "#1", "cullface": "east"},
				"east": {"uv": [0, 14, 3, 16], "texture": "#1", "cullface": "east"},
				"south": {"uv": [0, 14, 3, 16], "texture": "#1", "cullface": "east"},
				"west": {"uv": [0, 14, 3, 16], "texture": "#1", "cullface": "east"},
				"up": {"uv": [0, 14, 3, 16], "texture": "#1", "cullface": "east"},
				"down": {"uv": [3, 16, 0, 14], "texture": "#1", "cullface": "east"}
			}
		},
		{
			"from": [2.25, 12, 7.5],
			"to": [8.5, 12.25, 8.5],
			"rotation": {"angle": 0, "axis": "y", "origin": [-0.25, 0, 0]},
			"faces": {
				"north": {"uv": [0, 14, 3, 16], "texture": "#1", "cullface": "east"},
				"south": {"uv": [0, 14, 3, 16], "texture": "#1", "cullface": "east"},
				"up": {"uv": [0, 14, 3, 16], "texture": "#1", "cullface": "east"},
				"down": {"uv": [3, 16, 0, 14], "texture": "#1", "cullface": "east"}
			}
		},
		{
			"from": [2, 11, 7.25],
			"to": [9, 12, 7.5],
			"rotation": {"angle": 0, "axis": "y", "origin": [-0.25, 0, 0]},
			"faces": {
				"north": {"uv": [0, 14, 3, 16], "texture": "#1", "cullface": "east"},
				"east": {"uv": [0, 14, 3, 16], "texture": "#1", "cullface": "east"},
				"south": {"uv": [0, 14, 3, 16], "texture": "#1", "cullface": "east"},
				"west": {"uv": [0, 14, 3, 16], "texture": "#1", "cullface": "east"},
				"up": {"uv": [0, 14, 3, 16], "texture": "#1", "cullface": "east"},
				"down": {"uv": [3, 16, 0, 14], "texture": "#1", "cullface": "east"}
			}
		},
		{
			"from": [8.5, 12, 7.25],
			"to": [9, 12.25, 8.75],
			"rotation": {"angle": 0, "axis": "y", "origin": [-0.25, 0, 0]},
			"faces": {
				"north": {"uv": [0, 14, 3, 16], "texture": "#1", "cullface": "east"},
				"east": {"uv": [0, 14, 3, 16], "texture": "#1", "cullface": "east"},
				"south": {"uv": [0, 14, 3, 16], "texture": "#1", "cullface": "east"},
				"west": {"uv": [0, 14, 3, 16], "texture": "#1", "cullface": "east"},
				"up": {"uv": [0, 14, 3, 16], "texture": "#1", "cullface": "east"},
				"down": {"uv": [0, 16, 3, 14], "texture": "#1", "cullface": "east"}
			}
		},
		{
			"from": [12.5, 12.25, 7.25],
			"to": [16.75, 12.5, 8.75],
			"rotation": {"angle": 0, "axis": "y", "origin": [-0.25, 0, 0]},
			"faces": {
				"north": {"uv": [0, 14, 3, 16], "texture": "#1", "cullface": "east"},
				"east": {"uv": [0, 14, 3, 16], "texture": "#1", "cullface": "east"},
				"south": {"uv": [0, 14, 3, 16], "texture": "#1", "cullface": "east"},
				"west": {"uv": [0, 14, 3, 16], "texture": "#1", "cullface": "east"},
				"up": {"uv": [0, 14, 3, 16], "texture": "#1", "cullface": "east"},
				"down": {"uv": [0, 16, 3, 14], "texture": "#1", "cullface": "east"}
			}
		},
		{
			"from": [8.5, 10.75, 7.25],
			"to": [9, 11, 8.75],
			"rotation": {"angle": 0, "axis": "y", "origin": [-0.25, 0, 0]},
			"faces": {
				"north": {"uv": [0, 14, 3, 16], "texture": "#1", "cullface": "east"},
				"east": {"uv": [0, 14, 3, 16], "texture": "#1", "cullface": "east"},
				"south": {"uv": [0, 14, 3, 16], "texture": "#1", "cullface": "east"},
				"west": {"uv": [0, 14, 3, 16], "texture": "#1", "cullface": "east"},
				"up": {"uv": [0, 14, 3, 16], "texture": "#1", "cullface": "east"},
				"down": {"uv": [0, 16, 3, 14], "texture": "#1", "cullface": "east"}
			}
		},
		{
			"from": [12.5, 10.5, 7.25],
			"to": [16.75, 10.75, 8.75],
			"rotation": {"angle": 0, "axis": "y", "origin": [-0.25, 0, 0]},
			"faces": {
				"north": {"uv": [0, 14, 3, 16], "texture": "#1", "cullface": "east"},
				"east": {"uv": [0, 14, 3, 16], "texture": "#1", "cullface": "east"},
				"south": {"uv": [0, 14, 3, 16], "texture": "#1", "cullface": "east"},
				"west": {"uv": [0, 14, 3, 16], "texture": "#1", "cullface": "east"},
				"up": {"uv": [0, 14, 3, 16], "texture": "#1", "cullface": "east"},
				"down": {"uv": [0, 16, 3, 14], "texture": "#1", "cullface": "east"}
			}
		},
		{
			"from": [12.5, 10.75, 8.75],
			"to": [16.75, 12.25, 9],
			"rotation": {"angle": 0, "axis": "y", "origin": [-0.25, 0, 0]},
			"faces": {
				"north": {"uv": [0, 14, 3, 16], "texture": "#1", "cullface": "east"},
				"east": {"uv": [0, 14, 3, 16], "texture": "#1", "cullface": "east"},
				"south": {"uv": [0, 14, 3, 16], "texture": "#1", "cullface": "east"},
				"west": {"uv": [0, 14, 3, 16], "texture": "#1", "cullface": "east"},
				"up": {"uv": [0, 14, 3, 16], "texture": "#1", "cullface": "east"},
				"down": {"uv": [0, 16, 3, 14], "texture": "#1", "cullface": "east"}
			}
		},
		{
			"from": [12.5, 10.75, 7],
			"to": [16.75, 12.25, 7.25],
			"rotation": {"angle": 0, "axis": "y", "origin": [-0.25, 0, 0]},
			"faces": {
				"north": {"uv": [0, 14, 3, 16], "texture": "#1", "cullface": "east"},
				"east": {"uv": [0, 14, 3, 16], "texture": "#1", "cullface": "east"},
				"south": {"uv": [0, 14, 3, 16], "texture": "#1", "cullface": "east"},
				"west": {"uv": [0, 14, 3, 16], "texture": "#1", "cullface": "east"},
				"up": {"uv": [0, 14, 3, 16], "texture": "#1", "cullface": "east"},
				"down": {"uv": [0, 16, 3, 14], "texture": "#1", "cullface": "east"}
			}
		},
		{
			"from": [12.5, 12, 7.25],
			"to": [16.75, 12.25, 7.5],
			"rotation": {"angle": 0, "axis": "y", "origin": [-0.25, 0, 0]},
			"faces": {
				"east": {"uv": [0, 14, 3, 16], "texture": "#1", "cullface": "east"},
				"south": {"uv": [0, 14, 3, 16], "texture": "#1", "cullface": "east"},
				"down": {"uv": [0, 16, 3, 14], "texture": "#1", "cullface": "east"}
			}
		},
		{
			"from": [12.5, 12, 8.5],
			"to": [16.75, 12.25, 8.75],
			"rotation": {"angle": 0, "axis": "y", "origin": [-0.25, 0, 0]},
			"faces": {
				"north": {"uv": [0, 14, 3, 16], "texture": "#1", "cullface": "east"},
				"east": {"uv": [0, 14, 3, 16], "texture": "#1", "cullface": "east"},
				"down": {"uv": [0, 16, 3, 14], "texture": "#1", "cullface": "east"}
			}
		},
		{
			"from": [12.5, 10.75, 7.25],
			"to": [16.75, 11, 7.5],
			"rotation": {"angle": 0, "axis": "y", "origin": [-0.25, 0, 0]},
			"faces": {
				"east": {"uv": [0, 14, 3, 16], "texture": "#1", "cullface": "east"},
				"south": {"uv": [0, 14, 3, 16], "texture": "#1", "cullface": "east"},
				"up": {"uv": [0, 14, 3, 16], "texture": "#1", "cullface": "east"}
			}
		},
		{
			"from": [12.5, 10.75, 8.5],
			"to": [16.75, 11, 8.75],
			"rotation": {"angle": 0, "axis": "y", "origin": [-0.25, 0, 0]},
			"faces": {
				"north": {"uv": [0, 14, 3, 16], "texture": "#1", "cullface": "east"},
				"east": {"uv": [0, 14, 3, 16], "texture": "#1", "cullface": "east"},
				"up": {"uv": [0, 14, 3, 16], "texture": "#1", "cullface": "east"}
			}
		},
		{
			"from": [4.75, 11, 6.75],
			"to": [5.75, 12, 7.25],
			"rotation": {"angle": 0, "axis": "y", "origin": [-0.25, 0, 0]},
			"faces": {
				"north": {"uv": [0, 14, 3, 16], "texture": "#1"},
				"east": {"uv": [0, 14, 3, 16], "texture": "#1"},
				"west": {"uv": [0, 14, 3, 16], "texture": "#1"},
				"up": {"uv": [0, 14, 3, 16], "texture": "#1"},
				"down": {"uv": [3, 16, 0, 14], "texture": "#1"}
			}
		},
		{
			"from": [4.75, 12.25, 7.5],
			"to": [5.75, 13, 8.5],
			"rotation": {"angle": 0, "axis": "y", "origin": [-0.25, 0, 0]},
			"faces": {
				"north": {"uv": [0, 14, 3, 16], "texture": "#1"},
				"east": {"uv": [0, 14, 3, 16], "texture": "#1"},
				"south": {"uv": [0, 14, 3, 16], "texture": "#1"},
				"west": {"uv": [0, 14, 3, 16], "texture": "#1"},
				"up": {"uv": [0, 14, 3, 16], "texture": "#1"}
			}
		},
		{
			"from": [9, 12.25, 7.25],
			"to": [10.75, 12.5, 8.75],
			"rotation": {"angle": 0, "axis": "y", "origin": [-0.25, 0, 0]},
			"faces": {
				"north": {"uv": [0, 14, 3, 16], "texture": "#1"},
				"east": {"uv": [0, 14, 3, 16], "texture": "#1"},
				"south": {"uv": [0, 14, 3, 16], "texture": "#1"},
				"west": {"uv": [0, 14, 3, 16], "texture": "#1"},
				"up": {"uv": [0, 14, 3, 16], "texture": "#1"},
				"down": {"uv": [3, 16, 0, 14], "texture": "#1"}
			}
		},
		{
			"from": [9, 10.75, 7],
			"to": [12, 12.25, 7.25],
			"rotation": {"angle": 0, "axis": "y", "origin": [-0.25, 0, 0]},
			"faces": {
				"north": {"uv": [0, 14, 3, 16], "texture": "#1"},
				"east": {"uv": [0, 14, 3, 16], "texture": "#1"},
				"south": {"uv": [0, 14, 3, 16], "texture": "#1"},
				"west": {"uv": [0, 14, 3, 16], "texture": "#1"},
				"up": {"uv": [0, 14, 3, 16], "texture": "#1"},
				"down": {"uv": [3, 16, 0, 14], "texture": "#1"}
			}
		},
		{
			"from": [9, 10.5, 7.25],
			"to": [10.75, 10.75, 8.75],
			"rotation": {"angle": 0, "axis": "y", "origin": [-0.25, 0, 0]},
			"faces": {
				"north": {"uv": [0, 14, 3, 16], "texture": "#1"},
				"east": {"uv": [0, 14, 3, 16], "texture": "#1"},
				"south": {"uv": [0, 14, 3, 16], "texture": "#1"},
				"west": {"uv": [0, 14, 3, 16], "texture": "#1"},
				"up": {"uv": [0, 14, 3, 16], "texture": "#1"},
				"down": {"uv": [3, 16, 0, 14], "texture": "#1"}
			}
		},
		{
			"from": [9, 10.75, 8.75],
			"to": [12, 12.25, 9],
			"rotation": {"angle": 0, "axis": "y", "origin": [-0.25, 0, 0]},
			"faces": {
				"north": {"uv": [0, 14, 3, 16], "texture": "#1"},
				"east": {"uv": [0, 14, 3, 16], "texture": "#1"},
				"south": {"uv": [0, 14, 3, 16], "texture": "#1"},
				"west": {"uv": [0, 14, 3, 16], "texture": "#1"},
				"up": {"uv": [0, 14, 3, 16], "texture": "#1"},
				"down": {"uv": [3, 16, 0, 14], "texture": "#1"}
			}
		},
		{
			"from": [10.75, 12.25, 7.25],
			"to": [12, 12.5, 8.75],
			"rotation": {"angle": 0, "axis": "y", "origin": [-0.25, 0, 0]},
			"faces": {
				"north": {"uv": [0, 14, 3, 16], "texture": "#1"},
				"east": {"uv": [0, 14, 3, 16], "texture": "#1"},
				"south": {"uv": [0, 14, 3, 16], "texture": "#1"},
				"west": {"uv": [0, 14, 3, 16], "texture": "#1"},
				"up": {"uv": [0, 14, 3, 16], "texture": "#1"},
				"down": {"uv": [3, 16, 0, 14], "texture": "#1"}
			}
		},
		{
			"from": [10.75, 10.5, 7.25],
			"to": [12, 10.75, 8.75],
			"rotation": {"angle": 0, "axis": "y", "origin": [-0.25, 0, 0]},
			"faces": {
				"north": {"uv": [0, 14, 3, 16], "texture": "#1"},
				"east": {"uv": [0, 14, 3, 16], "texture": "#1"},
				"south": {"uv": [0, 14, 3, 16], "texture": "#1"},
				"west": {"uv": [0, 14, 3, 16], "texture": "#1"},
				"up": {"uv": [0, 14, 3, 16], "texture": "#1"},
				"down": {"uv": [3, 16, 0, 14], "texture": "#1"}
			}
		},
		{
			"from": [4.25, 16.2, 7.25],
			"to": [6.25, 16.45, 8.75],
			"rotation": {"angle": -22.5, "axis": "z", "origin": [-0.25, 0, 0]},
			"faces": {
				"north": {"uv": [0, 14, 3, 16], "texture": "#1"},
				"east": {"uv": [0, 14, 3, 16], "texture": "#1"},
				"south": {"uv": [0, 14, 3, 16], "texture": "#1"},
				"west": {"uv": [0, 14, 3, 16], "texture": "#1"},
				"up": {"uv": [0, 14, 3, 16], "texture": "#1"},
				"down": {"uv": [3, 16, 0, 14], "texture": "#1"}
			}
		},
		{
			"from": [16.25, 10.5, 7],
			"to": [16.5, 10.75, 7.25],
			"rotation": {"angle": 0, "axis": "y", "origin": [-0.25, 0, 0]},
			"faces": {
				"north": {"uv": [15, 11, 16, 12], "texture": "#1"},
				"east": {"uv": [15, 11, 16, 12], "texture": "#1"},
				"south": {"uv": [15, 11, 16, 12], "texture": "#1"},
				"west": {"uv": [15, 11, 16, 12], "texture": "#1"},
				"up": {"uv": [15, 11, 16, 12], "texture": "#1"},
				"down": {"uv": [16, 12, 15, 11], "texture": "#1"}
			}
		},
		{
			"from": [16.25, 10.75, 6.85],
			"to": [16.5, 12.25, 7],
			"rotation": {"angle": 0, "axis": "y", "origin": [-0.25, 0, 0]},
			"faces": {
				"north": {"uv": [15, 11, 16, 12], "texture": "#1"},
				"east": {"uv": [15, 11, 16, 12], "texture": "#1"},
				"south": {"uv": [15, 11, 16, 12], "texture": "#1"},
				"west": {"uv": [15, 11, 16, 12], "texture": "#1"},
				"up": {"uv": [15, 11, 16, 12], "texture": "#1"},
				"down": {"uv": [16, 12, 15, 11], "texture": "#1"}
			}
		},
		{
			"from": [16.25, 12.25, 7],
			"to": [16.5, 12.5, 7.25],
			"rotation": {"angle": 0, "axis": "y", "origin": [-0.25, 0, 0]},
			"faces": {
				"north": {"uv": [15, 11, 16, 12], "texture": "#1"},
				"east": {"uv": [15, 11, 16, 12], "texture": "#1"},
				"south": {"uv": [15, 11, 16, 12], "texture": "#1"},
				"west": {"uv": [15, 11, 16, 12], "texture": "#1"},
				"up": {"uv": [15, 11, 16, 12], "texture": "#1"},
				"down": {"uv": [16, 12, 15, 11], "texture": "#1"}
			}
		},
		{
			"from": [16.25, 10.35, 7.25],
			"to": [16.5, 10.5, 8.75],
			"rotation": {"angle": 0, "axis": "y", "origin": [-0.25, 0, 0]},
			"faces": {
				"north": {"uv": [15, 11, 16, 12], "texture": "#1"},
				"east": {"uv": [15, 11, 16, 12], "texture": "#1"},
				"south": {"uv": [15, 11, 16, 12], "texture": "#1"},
				"west": {"uv": [15, 11, 16, 12], "texture": "#1"},
				"up": {"uv": [15, 11, 16, 12], "texture": "#1"},
				"down": {"uv": [16, 12, 15, 11], "texture": "#1"}
			}
		},
		{
			"from": [16.25, 10.5, 8.75],
			"to": [16.5, 10.75, 9],
			"rotation": {"angle": 0, "axis": "y", "origin": [-0.25, 0, 0]},
			"faces": {
				"north": {"uv": [15, 11, 16, 12], "texture": "#1"},
				"east": {"uv": [15, 11, 16, 12], "texture": "#1"},
				"south": {"uv": [15, 11, 16, 12], "texture": "#1"},
				"west": {"uv": [15, 11, 16, 12], "texture": "#1"},
				"up": {"uv": [15, 11, 16, 12], "texture": "#1"},
				"down": {"uv": [16, 12, 15, 11], "texture": "#1"}
			}
		},
		{
			"from": [16.25, 10.75, 9],
			"to": [16.5, 12.25, 9.15],
			"rotation": {"angle": 0, "axis": "y", "origin": [-0.25, 0, 0]},
			"faces": {
				"north": {"uv": [15, 11, 16, 12], "texture": "#1"},
				"east": {"uv": [15, 11, 16, 12], "texture": "#1"},
				"south": {"uv": [15, 11, 16, 12], "texture": "#1"},
				"west": {"uv": [15, 11, 16, 12], "texture": "#1"},
				"up": {"uv": [15, 11, 16, 12], "texture": "#1"},
				"down": {"uv": [16, 12, 15, 11], "texture": "#1"}
			}
		},
		{
			"from": [16.25, 12.25, 8.75],
			"to": [16.5, 12.5, 9],
			"rotation": {"angle": 0, "axis": "y", "origin": [-0.25, 0, 0]},
			"faces": {
				"north": {"uv": [15, 11, 16, 12], "texture": "#1"},
				"east": {"uv": [15, 11, 16, 12], "texture": "#1"},
				"south": {"uv": [15, 11, 16, 12], "texture": "#1"},
				"west": {"uv": [15, 11, 16, 12], "texture": "#1"},
				"up": {"uv": [15, 11, 16, 12], "texture": "#1"},
				"down": {"uv": [16, 12, 15, 11], "texture": "#1"}
			}
		},
		{
			"from": [16.25, 12.5, 7.25],
			"to": [16.5, 12.65, 8.75],
			"rotation": {"angle": 0, "axis": "y", "origin": [-0.25, 0, 0]},
			"faces": {
				"north": {"uv": [15, 11, 16, 12], "texture": "#1"},
				"east": {"uv": [15, 11, 16, 12], "texture": "#1"},
				"south": {"uv": [15, 11, 16, 12], "texture": "#1"},
				"west": {"uv": [15, 11, 16, 12], "texture": "#1"},
				"up": {"uv": [15, 11, 16, 12], "texture": "#1"},
				"down": {"uv": [16, 12, 15, 11], "texture": "#1"}
			}
		},
		{
			"from": [16.5, 12.5, 7.25],
			"to": [17.75, 12.75, 8.75],
			"rotation": {"angle": 0, "axis": "y", "origin": [-0.25, 0, 0]},
			"faces": {
				"north": {"uv": [15, 11, 16, 12], "texture": "#1"},
				"east": {"uv": [15, 11, 16, 12], "texture": "#1"},
				"south": {"uv": [15, 11, 16, 12], "texture": "#1"},
				"west": {"uv": [15, 11, 16, 12], "texture": "#1"},
				"up": {"uv": [15, 11, 16, 12], "texture": "#1"},
				"down": {"uv": [16, 12, 15, 11], "texture": "#1"}
			}
		},
		{
			"from": [16.5, 10.75, 9],
			"to": [17.75, 12.25, 9.25],
			"rotation": {"angle": 0, "axis": "y", "origin": [-0.25, 0, 0]},
			"faces": {
				"north": {"uv": [15, 11, 16, 12], "texture": "#1"},
				"east": {"uv": [15, 11, 16, 12], "texture": "#1"},
				"south": {"uv": [15, 11, 16, 12], "texture": "#1"},
				"west": {"uv": [15, 11, 16, 12], "texture": "#1"},
				"up": {"uv": [15, 11, 16, 12], "texture": "#1"},
				"down": {"uv": [16, 12, 15, 11], "texture": "#1"}
			}
		},
		{
			"from": [16.5, 10.25, 7.25],
			"to": [17.75, 10.5, 8.75],
			"rotation": {"angle": 0, "axis": "y", "origin": [-0.25, 0, 0]},
			"faces": {
				"north": {"uv": [15, 11, 16, 12], "texture": "#1"},
				"east": {"uv": [15, 11, 16, 12], "texture": "#1"},
				"south": {"uv": [15, 11, 16, 12], "texture": "#1"},
				"west": {"uv": [15, 11, 16, 12], "texture": "#1"},
				"up": {"uv": [15, 11, 16, 12], "texture": "#1"},
				"down": {"uv": [16, 12, 15, 11], "texture": "#1"}
			}
		},
		{
			"from": [16.5, 10.75, 6.75],
			"to": [17.75, 12.25, 7],
			"rotation": {"angle": 0, "axis": "y", "origin": [-0.25, 0, 0]},
			"faces": {
				"north": {"uv": [15, 11, 16, 12], "texture": "#1"},
				"east": {"uv": [15, 11, 16, 12], "texture": "#1"},
				"south": {"uv": [15, 11, 16, 12], "texture": "#1"},
				"west": {"uv": [15, 11, 16, 12], "texture": "#1"},
				"up": {"uv": [15, 11, 16, 12], "texture": "#1"},
				"down": {"uv": [16, 12, 15, 11], "texture": "#1"}
			}
		},
		{
			"from": [16.5, 12.25, 7],
			"to": [17.75, 12.5, 7.25],
			"rotation": {"angle": 0, "axis": "y", "origin": [-0.25, 0, 0]},
			"faces": {
				"north": {"uv": [15, 11, 16, 12], "texture": "#1"},
				"east": {"uv": [15, 11, 16, 12], "texture": "#1"},
				"south": {"uv": [15, 11, 16, 12], "texture": "#1"},
				"west": {"uv": [15, 11, 16, 12], "texture": "#1"},
				"up": {"uv": [15, 11, 16, 12], "texture": "#1"},
				"down": {"uv": [16, 12, 15, 11], "texture": "#1"}
			}
		},
		{
			"from": [16.5, 12.25, 8.75],
			"to": [17.75, 12.5, 9],
			"rotation": {"angle": 0, "axis": "y", "origin": [-0.25, 0, 0]},
			"faces": {
				"north": {"uv": [15, 11, 16, 12], "texture": "#1"},
				"east": {"uv": [15, 11, 16, 12], "texture": "#1"},
				"south": {"uv": [15, 11, 16, 12], "texture": "#1"},
				"west": {"uv": [15, 11, 16, 12], "texture": "#1"},
				"up": {"uv": [15, 11, 16, 12], "texture": "#1"},
				"down": {"uv": [16, 12, 15, 11], "texture": "#1"}
			}
		},
		{
			"from": [16.75, 10.45, 6.95],
			"to": [17, 10.8, 7.3],
			"rotation": {"angle": 0, "axis": "y", "origin": [-0.25, 0, 0]},
			"faces": {
				"north": {"uv": [15, 11, 16, 12], "texture": "#1"},
				"east": {"uv": [15, 11, 16, 12], "texture": "#1"},
				"south": {"uv": [15, 11, 16, 12], "texture": "#1"},
				"west": {"uv": [15, 11, 16, 12], "texture": "#1"},
				"up": {"uv": [15, 11, 16, 12], "texture": "#1"},
				"down": {"uv": [16, 12, 15, 11], "texture": "#1"}
			}
		},
		{
			"from": [16.75, 10.7, 6.7],
			"to": [17, 12.3, 7.05],
			"rotation": {"angle": 0, "axis": "y", "origin": [-0.25, 0, 0]},
			"faces": {
				"north": {"uv": [15, 11, 16, 12], "texture": "#1"},
				"east": {"uv": [15, 11, 16, 12], "texture": "#1"},
				"south": {"uv": [15, 11, 16, 12], "texture": "#1"},
				"west": {"uv": [15, 11, 16, 12], "texture": "#1"},
				"up": {"uv": [15, 11, 16, 12], "texture": "#1"},
				"down": {"uv": [16, 12, 15, 11], "texture": "#1"}
			}
		},
		{
			"from": [16.75, 12.2, 6.95],
			"to": [17, 12.55, 7.3],
			"rotation": {"angle": 0, "axis": "y", "origin": [-0.25, 0, 0]},
			"faces": {
				"north": {"uv": [15, 11, 16, 12], "texture": "#1"},
				"east": {"uv": [15, 11, 16, 12], "texture": "#1"},
				"south": {"uv": [15, 11, 16, 12], "texture": "#1"},
				"west": {"uv": [15, 11, 16, 12], "texture": "#1"},
				"up": {"uv": [15, 11, 16, 12], "texture": "#1"},
				"down": {"uv": [16, 12, 15, 11], "texture": "#1"}
			}
		},
		{
			"from": [16.75, 10.2, 7.2],
			"to": [17, 10.55, 8.8],
			"rotation": {"angle": 0, "axis": "y", "origin": [-0.25, 0, 0]},
			"faces": {
				"north": {"uv": [15, 11, 16, 12], "texture": "#1"},
				"east": {"uv": [15, 11, 16, 12], "texture": "#1"},
				"south": {"uv": [15, 11, 16, 12], "texture": "#1"},
				"west": {"uv": [15, 11, 16, 12], "texture": "#1"},
				"up": {"uv": [15, 11, 16, 12], "texture": "#1"},
				"down": {"uv": [16, 12, 15, 11], "texture": "#1"}
			}
		},
		{
			"from": [16.75, 10.45, 8.7],
			"to": [17, 10.8, 9.05],
			"rotation": {"angle": 0, "axis": "y", "origin": [-0.25, 0, 0]},
			"faces": {
				"north": {"uv": [15, 11, 16, 12], "texture": "#1"},
				"east": {"uv": [15, 11, 16, 12], "texture": "#1"},
				"south": {"uv": [15, 11, 16, 12], "texture": "#1"},
				"west": {"uv": [15, 11, 16, 12], "texture": "#1"},
				"up": {"uv": [15, 11, 16, 12], "texture": "#1"},
				"down": {"uv": [16, 12, 15, 11], "texture": "#1"}
			}
		},
		{
			"from": [16.75, 10.7, 8.95],
			"to": [17, 12.3, 9.3],
			"rotation": {"angle": 0, "axis": "y", "origin": [-0.25, 0, 0]},
			"faces": {
				"north": {"uv": [15, 11, 16, 12], "texture": "#1"},
				"east": {"uv": [15, 11, 16, 12], "texture": "#1"},
				"south": {"uv": [15, 11, 16, 12], "texture": "#1"},
				"west": {"uv": [15, 11, 16, 12], "texture": "#1"},
				"up": {"uv": [15, 11, 16, 12], "texture": "#1"},
				"down": {"uv": [16, 12, 15, 11], "texture": "#1"}
			}
		},
		{
			"from": [16.75, 12.45, 7.2],
			"to": [17, 12.8, 8.8],
			"rotation": {"angle": 0, "axis": "y", "origin": [-0.25, 0, 0]},
			"faces": {
				"north": {"uv": [15, 11, 16, 12], "texture": "#1"},
				"east": {"uv": [15, 11, 16, 12], "texture": "#1"},
				"south": {"uv": [15, 11, 16, 12], "texture": "#1"},
				"west": {"uv": [15, 11, 16, 12], "texture": "#1"},
				"up": {"uv": [15, 11, 16, 12], "texture": "#1"},
				"down": {"uv": [16, 12, 15, 11], "texture": "#1"}
			}
		},
		{
			"from": [16.75, 12.2, 8.7],
			"to": [17, 12.55, 9.05],
			"rotation": {"angle": 0, "axis": "y", "origin": [-0.25, 0, 0]},
			"faces": {
				"north": {"uv": [15, 11, 16, 12], "texture": "#1"},
				"east": {"uv": [15, 11, 16, 12], "texture": "#1"},
				"south": {"uv": [15, 11, 16, 12], "texture": "#1"},
				"west": {"uv": [15, 11, 16, 12], "texture": "#1"},
				"up": {"uv": [15, 11, 16, 12], "texture": "#1"},
				"down": {"uv": [16, 12, 15, 11], "texture": "#1"}
			}
		},
		{
			"from": [17.25, 10.45, 6.95],
			"to": [17.5, 10.8, 7.3],
			"rotation": {"angle": 0, "axis": "y", "origin": [-0.25, 0, 0]},
			"faces": {
				"north": {"uv": [15, 11, 16, 12], "texture": "#1"},
				"east": {"uv": [15, 11, 16, 12], "texture": "#1"},
				"south": {"uv": [15, 11, 16, 12], "texture": "#1"},
				"west": {"uv": [15, 11, 16, 12], "texture": "#1"},
				"up": {"uv": [15, 11, 16, 12], "texture": "#1"},
				"down": {"uv": [16, 12, 15, 11], "texture": "#1"}
			}
		},
		{
			"from": [17.25, 10.7, 6.7],
			"to": [17.5, 12.3, 7.05],
			"rotation": {"angle": 0, "axis": "y", "origin": [-0.25, 0, 0]},
			"faces": {
				"north": {"uv": [15, 11, 16, 12], "texture": "#1"},
				"east": {"uv": [15, 11, 16, 12], "texture": "#1"},
				"south": {"uv": [15, 11, 16, 12], "texture": "#1"},
				"west": {"uv": [15, 11, 16, 12], "texture": "#1"},
				"up": {"uv": [15, 11, 16, 12], "texture": "#1"},
				"down": {"uv": [16, 12, 15, 11], "texture": "#1"}
			}
		},
		{
			"from": [17.25, 12.2, 6.95],
			"to": [17.5, 12.55, 7.3],
			"rotation": {"angle": 0, "axis": "y", "origin": [-0.25, 0, 0]},
			"faces": {
				"north": {"uv": [15, 11, 16, 12], "texture": "#1"},
				"east": {"uv": [15, 11, 16, 12], "texture": "#1"},
				"south": {"uv": [15, 11, 16, 12], "texture": "#1"},
				"west": {"uv": [15, 11, 16, 12], "texture": "#1"},
				"up": {"uv": [15, 11, 16, 12], "texture": "#1"},
				"down": {"uv": [16, 12, 15, 11], "texture": "#1"}
			}
		},
		{
			"from": [17.25, 10.2, 7.2],
			"to": [17.5, 10.55, 8.8],
			"rotation": {"angle": 0, "axis": "y", "origin": [-0.25, 0, 0]},
			"faces": {
				"north": {"uv": [15, 11, 16, 12], "texture": "#1"},
				"east": {"uv": [15, 11, 16, 12], "texture": "#1"},
				"south": {"uv": [15, 11, 16, 12], "texture": "#1"},
				"west": {"uv": [15, 11, 16, 12], "texture": "#1"},
				"up": {"uv": [15, 11, 16, 12], "texture": "#1"},
				"down": {"uv": [16, 12, 15, 11], "texture": "#1"}
			}
		},
		{
			"from": [17.25, 10.45, 8.7],
			"to": [17.5, 10.8, 9.05],
			"rotation": {"angle": 0, "axis": "y", "origin": [-0.25, 0, 0]},
			"faces": {
				"north": {"uv": [15, 11, 16, 12], "texture": "#1"},
				"east": {"uv": [15, 11, 16, 12], "texture": "#1"},
				"south": {"uv": [15, 11, 16, 12], "texture": "#1"},
				"west": {"uv": [15, 11, 16, 12], "texture": "#1"},
				"up": {"uv": [15, 11, 16, 12], "texture": "#1"},
				"down": {"uv": [16, 12, 15, 11], "texture": "#1"}
			}
		},
		{
			"from": [17.25, 10.7, 8.95],
			"to": [17.5, 12.3, 9.3],
			"rotation": {"angle": 0, "axis": "y", "origin": [-0.25, 0, 0]},
			"faces": {
				"north": {"uv": [15, 11, 16, 12], "texture": "#1"},
				"east": {"uv": [15, 11, 16, 12], "texture": "#1"},
				"south": {"uv": [15, 11, 16, 12], "texture": "#1"},
				"west": {"uv": [15, 11, 16, 12], "texture": "#1"},
				"up": {"uv": [15, 11, 16, 12], "texture": "#1"},
				"down": {"uv": [16, 12, 15, 11], "texture": "#1"}
			}
		},
		{
			"from": [17.25, 12.45, 7.2],
			"to": [17.5, 12.8, 8.8],
			"rotation": {"angle": 0, "axis": "y", "origin": [-0.25, 0, 0]},
			"faces": {
				"north": {"uv": [15, 11, 16, 12], "texture": "#1"},
				"east": {"uv": [15, 11, 16, 12], "texture": "#1"},
				"south": {"uv": [15, 11, 16, 12], "texture": "#1"},
				"west": {"uv": [15, 11, 16, 12], "texture": "#1"},
				"up": {"uv": [15, 11, 16, 12], "texture": "#1"},
				"down": {"uv": [16, 12, 15, 11], "texture": "#1"}
			}
		},
		{
			"from": [17.25, 12.2, 8.7],
			"to": [17.5, 12.55, 9.05],
			"rotation": {"angle": 0, "axis": "y", "origin": [-0.25, 0, 0]},
			"faces": {
				"north": {"uv": [15, 11, 16, 12], "texture": "#1"},
				"east": {"uv": [15, 11, 16, 12], "texture": "#1"},
				"south": {"uv": [15, 11, 16, 12], "texture": "#1"},
				"west": {"uv": [15, 11, 16, 12], "texture": "#1"},
				"up": {"uv": [15, 11, 16, 12], "texture": "#1"},
				"down": {"uv": [16, 12, 15, 11], "texture": "#1"}
			}
		},
		{
			"from": [17.75, 10.45, 6.95],
			"to": [18, 10.8, 7.3],
			"rotation": {"angle": 0, "axis": "y", "origin": [-0.25, 0, 0]},
			"faces": {
				"north": {"uv": [15, 11, 16, 12], "texture": "#1"},
				"east": {"uv": [15, 11, 16, 12], "texture": "#1"},
				"south": {"uv": [15, 11, 16, 12], "texture": "#1"},
				"west": {"uv": [15, 11, 16, 12], "texture": "#1"},
				"up": {"uv": [15, 11, 16, 12], "texture": "#1"},
				"down": {"uv": [16, 12, 15, 11], "texture": "#1"}
			}
		},
		{
			"from": [17.75, 10.7, 6.7],
			"to": [18, 12.3, 7.05],
			"rotation": {"angle": 0, "axis": "y", "origin": [-0.25, 0, 0]},
			"faces": {
				"north": {"uv": [15, 11, 16, 12], "texture": "#1"},
				"east": {"uv": [15, 11, 16, 12], "texture": "#1"},
				"south": {"uv": [15, 11, 16, 12], "texture": "#1"},
				"west": {"uv": [15, 11, 16, 12], "texture": "#1"},
				"up": {"uv": [15, 11, 16, 12], "texture": "#1"},
				"down": {"uv": [16, 12, 15, 11], "texture": "#1"}
			}
		},
		{
			"from": [17.75, 12.2, 6.95],
			"to": [18, 12.55, 7.3],
			"rotation": {"angle": 0, "axis": "y", "origin": [-0.25, 0, 0]},
			"faces": {
				"north": {"uv": [15, 11, 16, 12], "texture": "#1"},
				"east": {"uv": [15, 11, 16, 12], "texture": "#1"},
				"south": {"uv": [15, 11, 16, 12], "texture": "#1"},
				"west": {"uv": [15, 11, 16, 12], "texture": "#1"},
				"up": {"uv": [15, 11, 16, 12], "texture": "#1"},
				"down": {"uv": [16, 12, 15, 11], "texture": "#1"}
			}
		},
		{
			"from": [17.75, 10.2, 7.2],
			"to": [18, 10.55, 8.8],
			"rotation": {"angle": 0, "axis": "y", "origin": [-0.25, 0, 0]},
			"faces": {
				"north": {"uv": [15, 11, 16, 12], "texture": "#1"},
				"east": {"uv": [15, 11, 16, 12], "texture": "#1"},
				"south": {"uv": [15, 11, 16, 12], "texture": "#1"},
				"west": {"uv": [15, 11, 16, 12], "texture": "#1"},
				"up": {"uv": [15, 11, 16, 12], "texture": "#1"},
				"down": {"uv": [16, 12, 15, 11], "texture": "#1"}
			}
		},
		{
			"from": [17.75, 10.45, 8.7],
			"to": [18, 10.8, 9.05],
			"rotation": {"angle": 0, "axis": "y", "origin": [-0.25, 0, 0]},
			"faces": {
				"north": {"uv": [15, 11, 16, 12], "texture": "#1"},
				"east": {"uv": [15, 11, 16, 12], "texture": "#1"},
				"south": {"uv": [15, 11, 16, 12], "texture": "#1"},
				"west": {"uv": [15, 11, 16, 12], "texture": "#1"},
				"up": {"uv": [15, 11, 16, 12], "texture": "#1"},
				"down": {"uv": [16, 12, 15, 11], "texture": "#1"}
			}
		},
		{
			"from": [17.75, 10.7, 8.95],
			"to": [18, 12.3, 9.3],
			"rotation": {"angle": 0, "axis": "y", "origin": [-0.25, 0, 0]},
			"faces": {
				"north": {"uv": [15, 11, 16, 12], "texture": "#1"},
				"east": {"uv": [15, 11, 16, 12], "texture": "#1"},
				"south": {"uv": [15, 11, 16, 12], "texture": "#1"},
				"west": {"uv": [15, 11, 16, 12], "texture": "#1"},
				"up": {"uv": [15, 11, 16, 12], "texture": "#1"},
				"down": {"uv": [16, 12, 15, 11], "texture": "#1"}
			}
		},
		{
			"from": [17.75, 12.45, 7.2],
			"to": [18, 12.8, 8.8],
			"rotation": {"angle": 0, "axis": "y", "origin": [-0.25, 0, 0]},
			"faces": {
				"north": {"uv": [15, 11, 16, 12], "texture": "#1"},
				"east": {"uv": [15, 11, 16, 12], "texture": "#1"},
				"south": {"uv": [15, 11, 16, 12], "texture": "#1"},
				"west": {"uv": [15, 11, 16, 12], "texture": "#1"},
				"up": {"uv": [15, 11, 16, 12], "texture": "#1"},
				"down": {"uv": [16, 12, 15, 11], "texture": "#1"}
			}
		},
		{
			"from": [17.75, 12.2, 8.7],
			"to": [18, 12.55, 9.05],
			"rotation": {"angle": 0, "axis": "y", "origin": [-0.25, 0, 0]},
			"faces": {
				"north": {"uv": [15, 11, 16, 12], "texture": "#1"},
				"east": {"uv": [15, 11, 16, 12], "texture": "#1"},
				"south": {"uv": [15, 11, 16, 12], "texture": "#1"},
				"west": {"uv": [15, 11, 16, 12], "texture": "#1"},
				"up": {"uv": [15, 11, 16, 12], "texture": "#1"},
				"down": {"uv": [16, 12, 15, 11], "texture": "#1"}
			}
		},
		{
			"from": [16.5, 10.5, 7],
			"to": [17.75, 10.75, 7.25],
			"rotation": {"angle": 0, "axis": "y", "origin": [-0.25, 0, 0]},
			"faces": {
				"north": {"uv": [15, 11, 16, 12], "texture": "#1"},
				"east": {"uv": [15, 11, 16, 12], "texture": "#1"},
				"south": {"uv": [15, 11, 16, 12], "texture": "#1"},
				"west": {"uv": [15, 11, 16, 12], "texture": "#1"},
				"up": {"uv": [15, 11, 16, 12], "texture": "#1"},
				"down": {"uv": [16, 12, 15, 11], "texture": "#1"}
			}
		},
		{
			"from": [16.5, 10.5, 8.75],
			"to": [17.75, 10.75, 9],
			"rotation": {"angle": 0, "axis": "y", "origin": [-0.25, 0, 0]},
			"faces": {
				"north": {"uv": [15, 11, 16, 12], "texture": "#1"},
				"east": {"uv": [15, 11, 16, 12], "texture": "#1"},
				"south": {"uv": [15, 11, 16, 12], "texture": "#1"},
				"west": {"uv": [15, 11, 16, 12], "texture": "#1"},
				"up": {"uv": [15, 11, 16, 12], "texture": "#1"},
				"down": {"uv": [16, 12, 15, 11], "texture": "#1"}
			}
		},
		{
			"from": [16.5, 5.75, 7.5],
			"to": [17.75, 7, 8.5],
			"rotation": {"angle": 0, "axis": "y", "origin": [4.75, -1.25, 0]},
			"faces": {
				"north": {"uv": [0.75, 7.25, 15, 16], "texture": "#3"},
				"east": {"uv": [0, 0, 9.5, 11], "texture": "#3"},
				"south": {"uv": [10.5, 7.25, 16, 16], "texture": "#3"},
				"west": {"uv": [7.25, 7.25, 16, 16], "texture": "#3"},
				"down": {"uv": [15, 16, 0.75, 7.25], "texture": "#3"}
			}
		},
		{
			"from": [10.25, 7, 7.125],
			"to": [19.25, 9, 8.875],
			"rotation": {"angle": 0, "axis": "y", "origin": [5, -1.25, 0]},
			"faces": {
				"north": {"uv": [0.75, 7.25, 15, 16], "texture": "#3"},
				"east": {"uv": [0, 0, 10.5, 12], "texture": "#3"},
				"south": {"uv": [10.5, 7.25, 16, 16], "texture": "#3"},
				"west": {"uv": [7.25, 7.25, 16, 16], "texture": "#3"},
				"up": {"uv": [0, 0, 10.5, 12], "texture": "#3"},
				"down": {"uv": [15, 16, 0.75, 7.25], "texture": "#3"}
			}
		},
		{
			"from": [19.25, 7, 7.125],
			"to": [20.5, 8.5, 8.875],
			"rotation": {"angle": 0, "axis": "y", "origin": [5, -1.25, 0]},
			"faces": {
				"north": {"uv": [0.75, 7.25, 15, 16], "texture": "#3"},
				"east": {"uv": [0, 0, 10.5, 12], "texture": "#3"},
				"south": {"uv": [10.5, 7.25, 16, 16], "texture": "#3"},
				"west": {"uv": [7.25, 7.25, 16, 16], "texture": "#3"},
				"up": {"uv": [0, 0, 10.5, 12], "texture": "#3"},
				"down": {"uv": [15, 16, 0.75, 7.25], "texture": "#3"}
			}
		},
		{
			"from": [11.75, 4.5, 7.5],
			"to": [16.25, 6.5, 8.5],
			"rotation": {"angle": 0, "axis": "y", "origin": [4.75, -1.25, 0]},
			"faces": {
				"north": {"uv": [10.5, 7.25, 15.25, 8.75], "texture": "#1"},
				"east": {"uv": [0, 0, 0, 0], "texture": "#1"},
				"south": {"uv": [10.5, 7.25, 15.25, 8.75], "texture": "#1"},
				"west": {"uv": [7.25, 7.25, 8.75, 8.75], "texture": "#1"},
				"down": {"uv": [5.5, 8.75, 0.75, 7.25], "texture": "#1"}
			}
		},
		{
			"from": [10.25, 9, 7.375],
			"to": [18.75, 10, 8.625],
			"rotation": {"angle": 0, "axis": "y", "origin": [5, -1.25, 0]},
			"faces": {
				"north": {"uv": [0.75, 7.25, 15, 16], "texture": "#3"},
				"east": {"uv": [0, 0, 10.5, 12], "texture": "#3"},
				"south": {"uv": [10.5, 7.25, 16, 16], "texture": "#3"},
				"west": {"uv": [7.25, 7.25, 16, 16], "texture": "#3"},
				"up": {"uv": [0, 0, 10.5, 12], "texture": "#3"},
				"down": {"uv": [15, 16, 0.75, 7.25], "texture": "#3"}
			}
		},
		{
			"from": [-4.575, 8.5, 7.75],
			"to": [18.4, 10.25, 8.25],
			"rotation": {"angle": 0, "axis": "y", "origin": [6.25, -1.25, 0]},
			"faces": {
				"north": {"uv": [0.75, 7.25, 15, 16], "texture": "#3"},
				"east": {"uv": [0, 0, 10.5, 12], "texture": "#3"},
				"south": {"uv": [10.5, 7.25, 16, 16], "texture": "#3"},
				"west": {"uv": [7.25, 7.25, 16, 16], "texture": "#3"},
				"up": {"uv": [0, 0, 10.5, 12], "texture": "#3"},
				"down": {"uv": [15, 16, 0.75, 7.25], "texture": "#3"}
			}
		},
		{
			"from": [-5.575, 7, 7.125],
			"to": [10.175, 9, 8.875],
			"rotation": {"angle": 0, "axis": "y", "origin": [6.25, -1.25, 0]},
			"faces": {
				"north": {"uv": [0.75, 7.25, 15, 16], "texture": "#3"},
				"east": {"uv": [0, 0, 10.5, 12], "texture": "#3"},
				"south": {"uv": [10.5, 7.25, 16, 16], "texture": "#3"},
				"west": {"uv": [7.25, 7.25, 16, 16], "texture": "#3"},
				"up": {"uv": [0, 0, 10.5, 12], "texture": "#3"},
				"down": {"uv": [15, 16, 0.75, 7.25], "texture": "#3"}
			}
		},
		{
			"from": [8.675, 6, 7.25],
			"to": [11.175, 6.5, 8.75],
			"rotation": {"angle": 0, "axis": "y", "origin": [4.75, -1.25, 0]},
			"faces": {
				"north": {"uv": [0, 10.85, 0.75, 11.95], "texture": "#1"},
				"east": {"uv": [0, 0, 0, 0], "texture": "#1"},
				"south": {"uv": [0, 10.85, 0.75, 11.95], "texture": "#1"},
				"west": {"uv": [0, 10.85, 0.7, 11.95], "texture": "#1"},
				"up": {"uv": [0, 0, 0, 0], "texture": "#1"},
				"down": {"uv": [0.75, 11.95, 0, 10.75], "texture": "#1"}
			}
		},
		{
			"from": [6.175, 6.5, 7],
			"to": [8.675, 8.25, 9],
			"rotation": {"angle": 0, "axis": "y", "origin": [4.75, -1.25, 0]},
			"faces": {
				"north": {"uv": [0, 10.85, 0.75, 11.95], "texture": "#1"},
				"east": {"uv": [0, 0, 0, 0], "texture": "#1"},
				"south": {"uv": [0, 10.85, 0.75, 11.95], "texture": "#1"},
				"west": {"uv": [0, 10.85, 0.7, 11.95], "texture": "#1"},
				"up": {"uv": [0, 0, 0, 0], "texture": "#1"},
				"down": {"uv": [0.75, 11.95, 0, 10.75], "texture": "#1"}
			}
		},
		{
			"from": [3.425, 6.25, 7.25],
			"to": [3.675, 6.75, 8.75],
			"rotation": {"angle": 0, "axis": "y", "origin": [4.75, -1.25, 0]},
			"faces": {
				"north": {"uv": [0, 11.25, 0.75, 11.75], "texture": "#1"},
				"east": {"uv": [0, 0, 0, 0], "texture": "#1"},
				"south": {"uv": [0, 11.15, 0.75, 11.65], "texture": "#1"},
				"west": {"uv": [0, 11.65, 0.7, 11.95], "texture": "#1"},
				"up": {"uv": [0, 0, 0, 0], "texture": "#1"},
				"down": {"uv": [0.75, 11.95, 0, 11.25], "texture": "#1"}
			}
		},
		{
			"from": [14.325, 8.525, 7.75],
			"to": [19.575, 9.025, 8.25],
			"rotation": {"angle": 0, "axis": "y", "origin": [5, 1.8, 0]},
			"faces": {
				"north": {"uv": [1, 6.25, 1.5, 6.5], "texture": "#2", "cullface": "east"},
				"east": {"uv": [7.5, 6.25, 8.5, 6.5], "texture": "#2", "cullface": "east"},
				"south": {"uv": [14.5, 6.25, 15, 6.5], "texture": "#2", "cullface": "east"},
				"west": {"uv": [7.5, 6.25, 8.5, 6.5], "texture": "#2", "cullface": "east"},
				"up": {"uv": [14.5, 7.5, 15, 8.5], "texture": "#2", "cullface": "east"}
			}
		},
		{
			"from": [3.675, 6.5, 7],
			"to": [6.175, 7, 8.75],
			"rotation": {"angle": 0, "axis": "y", "origin": [4.75, -1.25, 0]},
			"faces": {
				"north": {"uv": [0, 11.35, 0.75, 11.75], "texture": "#1"},
				"east": {"uv": [0, 0, 0, 0], "texture": "#1"},
				"south": {"uv": [0, 10.85, 0.75, 11.95], "texture": "#1"},
				"west": {"uv": [0, 11.15, 0.7, 11.95], "texture": "#1"},
				"up": {"uv": [0, 0, 0, 0], "texture": "#1"},
				"down": {"uv": [0.75, 11.95, 0, 11.05], "texture": "#1"}
			}
		},
		{
			"from": [3.425, 6.75, 7],
			"to": [6.175, 8.25, 9],
			"rotation": {"angle": 0, "axis": "y", "origin": [4.75, -1.25, 0]},
			"faces": {
				"north": {"uv": [0, 10.85, 0.75, 11.95], "texture": "#1"},
				"east": {"uv": [0, 0, 0, 0], "texture": "#1"},
				"south": {"uv": [0, 10.85, 0.75, 11.95], "texture": "#1"},
				"west": {"uv": [0, 10.85, 0.7, 11.95], "texture": "#1"},
				"up": {"uv": [0, 0, 0, 0], "texture": "#1"},
				"down": {"uv": [0.75, 11.95, 0, 10.75], "texture": "#1"}
			}
		},
		{
			"from": [6.175, 6.25, 7.25],
			"to": [8.675, 6.75, 8.75],
			"rotation": {"angle": 0, "axis": "y", "origin": [4.75, -1.25, 0]},
			"faces": {
				"north": {"uv": [0, 10.85, 0.75, 11.95], "texture": "#1"},
				"east": {"uv": [0, 0, 0, 0], "texture": "#1"},
				"south": {"uv": [0, 10.85, 0.75, 11.95], "texture": "#1"},
				"west": {"uv": [0, 10.85, 0.7, 11.95], "texture": "#1"},
				"up": {"uv": [0, 0, 0, 0], "texture": "#1"},
				"down": {"uv": [0.75, 11.95, 0, 10.75], "texture": "#1"}
			}
		},
		{
			"from": [8.675, 6.25, 7],
			"to": [11.175, 8.25, 9],
			"rotation": {"angle": 0, "axis": "y", "origin": [4.75, -1.25, 0]},
			"faces": {
				"north": {"uv": [0, 10.85, 0.75, 11.95], "texture": "#1"},
				"east": {"uv": [0, 0, 0, 0], "texture": "#1"},
				"south": {"uv": [0, 10.85, 0.75, 11.95], "texture": "#1"},
				"west": {"uv": [0, 10.85, 0.7, 11.95], "texture": "#1"},
				"up": {"uv": [0, 0, 0, 0], "texture": "#1"},
				"down": {"uv": [0.75, 11.95, 0, 10.75], "texture": "#1"}
			}
		},
		{
			"from": [-9.35, -2.375, 7.375],
			"to": [-7.625, -0.95, 8.625],
			"rotation": {"angle": -45, "axis": "z", "origin": [6.25, -1.25, 0]},
			"faces": {
				"north": {"uv": [10.5, 16, 0, 7], "texture": "#3"},
				"east": {"uv": [0, 0, 10.5, 12], "texture": "#3"},
				"south": {"uv": [13.5, 16, 3, 7], "texture": "#3"},
				"west": {"uv": [10.5, 16, 0, 7], "texture": "#3"},
				"up": {"uv": [0, 0, 10.5, 12], "texture": "#3"},
				"down": {"uv": [0, 7, 10.5, 16], "texture": "#3"}
			}
		},
		{
			"from": [2, 10.75, 7.5],
			"to": [2.25, 11, 8.5],
			"rotation": {"angle": 0, "axis": "y", "origin": [-0.25, 0, 0]},
			"faces": {
				"north": {"uv": [0, 14, 3, 16], "texture": "#1"},
				"east": {"uv": [0, 14, 3, 16], "texture": "#1"},
				"south": {"uv": [0, 14, 3, 16], "texture": "#1"},
				"west": {"uv": [0, 14, 3, 16], "texture": "#1"},
				"up": {"uv": [0, 14, 3, 16], "texture": "#1"},
				"down": {"uv": [3, 16, 0, 14], "texture": "#1"}
			}
		},
		{
			"from": [2, 12, 7.5],
			"to": [2.25, 12.25, 8.5],
			"rotation": {"angle": 0, "axis": "y", "origin": [-0.25, 0, 0]},
			"faces": {
				"north": {"uv": [0, 14, 3, 16], "texture": "#1"},
				"east": {"uv": [0, 14, 3, 16], "texture": "#1"},
				"south": {"uv": [0, 14, 3, 16], "texture": "#1"},
				"west": {"uv": [0, 14, 3, 16], "texture": "#1"},
				"up": {"uv": [0, 14, 3, 16], "texture": "#1"},
				"down": {"uv": [3, 16, 0, 14], "texture": "#1"}
			}
		},
		{
			"from": [4.75, 11, 8.75],
			"to": [5.75, 12, 9.5],
			"rotation": {"angle": 0, "axis": "y", "origin": [-0.25, 0, 0]},
			"faces": {
				"east": {"uv": [0, 14, 3, 16], "rotation": 270, "texture": "#1"},
				"south": {"uv": [0, 14, 3, 16], "texture": "#1"},
				"west": {"uv": [0, 14, 3, 16], "rotation": 90, "texture": "#1"},
				"up": {"uv": [0, 14, 3, 16], "rotation": 180, "texture": "#1"},
				"down": {"uv": [0, 14, 3, 16], "texture": "#1"}
			}
		},
		{
			"from": [13.75, 12.4, 7.5],
			"to": [14.75, 12.9, 8.5],
			"rotation": {"angle": 0, "axis": "y", "origin": [-0.25, 0, 0]},
			"faces": {
				"north": {"uv": [0, 14, 3, 16], "texture": "#1"},
				"east": {"uv": [0, 14, 3, 16], "texture": "#1"},
				"south": {"uv": [0, 14, 3, 16], "texture": "#1"},
				"west": {"uv": [0, 14, 3, 16], "texture": "#1"},
				"up": {"uv": [0, 14, 3, 16], "texture": "#1"}
			}
		},
		{
			"from": [4.5, 16.2, 7],
			"to": [6, 16.45, 9],
			"rotation": {"angle": -22.5, "axis": "z", "origin": [-0.25, 0, 0]},
			"faces": {
				"north": {"uv": [0, 14, 3, 16], "texture": "#1"},
				"east": {"uv": [0, 14, 3, 16], "texture": "#1"},
				"south": {"uv": [0, 14, 3, 16], "texture": "#1"},
				"west": {"uv": [0, 14, 3, 16], "texture": "#1"},
				"up": {"uv": [0, 14, 3, 16], "texture": "#1"},
				"down": {"uv": [3, 16, 0, 14], "texture": "#1"}
			}
		},
		{
			"from": [-9.425, 8.075, 7.425],
			"to": [-8.925, 8.725, 7.825],
			"rotation": {"angle": 0, "axis": "y", "origin": [6.25, 1.75, 0]},
			"faces": {
				"north": {"uv": [16, 16, 14, 14], "texture": "#1", "cullface": "west"},
				"east": {"uv": [16, 16, 14, 14], "texture": "#1", "cullface": "west"},
				"south": {"uv": [16, 16, 14, 14], "texture": "#1", "cullface": "west"},
				"west": {"uv": [16, 16, 14, 14], "texture": "#1", "cullface": "west"},
				"up": {"uv": [16, 16, 14, 14], "texture": "#1", "cullface": "west"},
				"down": {"uv": [14, 14, 16, 16], "texture": "#1", "cullface": "west"}
			}
		},
		{
			"from": [-9.425, 8.075, 8.175],
			"to": [-8.925, 8.725, 8.575],
			"rotation": {"angle": 0, "axis": "y", "origin": [6.25, 1.75, 0]},
			"faces": {
				"north": {"uv": [16, 16, 14, 14], "texture": "#1", "cullface": "west"},
				"east": {"uv": [16, 16, 14, 14], "texture": "#1", "cullface": "west"},
				"south": {"uv": [16, 16, 14, 14], "texture": "#1", "cullface": "west"},
				"west": {"uv": [16, 16, 14, 14], "texture": "#1", "cullface": "west"},
				"up": {"uv": [16, 16, 14, 14], "texture": "#1", "cullface": "west"},
				"down": {"uv": [14, 14, 16, 16], "texture": "#1", "cullface": "west"}
			}
		},
		{
			"from": [-9.425, 8.575, 7.675],
			"to": [-8.925, 8.975, 8.325],
			"rotation": {"angle": 0, "axis": "y", "origin": [6.25, 1.75, 0]},
			"faces": {
				"north": {"uv": [16, 16, 14, 14], "texture": "#1", "cullface": "west"},
				"east": {"uv": [16, 16, 14, 14], "texture": "#1"},
				"south": {"uv": [16, 16, 14, 14], "texture": "#1", "cullface": "west"},
				"west": {"uv": [16, 16, 14, 14], "texture": "#1", "cullface": "west"},
				"up": {"uv": [16, 16, 14, 14], "texture": "#1", "cullface": "west"},
				"down": {"uv": [14, 14, 16, 16], "texture": "#1", "cullface": "west"}
			}
		},
		{
			"from": [-9.425, 7.825, 7.675],
			"to": [-8.925, 8.225, 8.325],
			"rotation": {"angle": 0, "axis": "y", "origin": [6.25, 1.75, 0]},
			"faces": {
				"north": {"uv": [16, 16, 14, 14], "texture": "#1"},
				"east": {"uv": [16, 16, 14, 14], "texture": "#1"},
				"south": {"uv": [16, 16, 14, 14], "texture": "#1"},
				"west": {"uv": [16, 16, 14, 14], "texture": "#1"},
				"up": {"uv": [16, 16, 14, 14], "texture": "#1"},
				"down": {"uv": [14, 14, 16, 16], "texture": "#1"}
			}
		},
		{
			"from": [-5.35, 6.75, 7.875],
			"to": [4.625, 7, 8.375],
			"rotation": {"angle": 0, "axis": "y", "origin": [5, -1.125, 0]},
			"faces": {
				"north": {"uv": [0.75, 7.25, 5.5, 8.75], "texture": "#3"},
				"east": {"uv": [0, 0, 0, 0], "texture": "#3"},
				"south": {"uv": [10.5, 7.25, 15.25, 8.75], "texture": "#3"},
				"west": {"uv": [7.25, 7.25, 8.75, 8.75], "texture": "#3"},
				"up": {"uv": [0, 0, 0, 0], "texture": "#3"},
				"down": {"uv": [5.5, 8.75, 0.75, 7.25], "texture": "#3"}
			}
		},
		{
			"from": [-4.575, 9, 7.375],
			"to": [10.15, 10, 8.625],
			"rotation": {"angle": 0, "axis": "y", "origin": [6.25, -1.25, 0]},
			"faces": {
				"north": {"uv": [13.5, 16, 0, 7], "texture": "#3"},
				"east": {"uv": [0, 0, 10.5, 12], "texture": "#3"},
				"south": {"uv": [13.5, 16, 0, 7], "texture": "#3"},
				"west": {"uv": [13.5, 16, 0, 7], "texture": "#3"},
				"up": {"uv": [0, 0, 10.5, 12], "texture": "#3"},
				"down": {"uv": [0, 7, 13.5, 16], "texture": "#3"}
			}
		},
		{
			"from": [8.825, 10.85, 7.35],
			"to": [9.15, 11.525, 8.65],
			"rotation": {"angle": 45, "axis": "z", "origin": [6.5, -1.125, 0]},
			"faces": {
				"north": {"uv": [15, 11, 16, 12], "texture": "#1"},
				"east": {"uv": [15, 11, 16, 12], "texture": "#1"},
				"south": {"uv": [15, 11, 16, 12], "texture": "#1"},
				"west": {"uv": [15, 11, 16, 12], "texture": "#1"},
				"up": {"uv": [15, 11, 16, 12], "texture": "#1"},
				"down": {"uv": [16, 12, 15, 11], "texture": "#1"}
			}
		},
		{
			"from": [10.325, 10.85, 7.35],
			"to": [10.65, 11.525, 8.65],
			"rotation": {"angle": 45, "axis": "z", "origin": [8, -1.125, 0]},
			"faces": {
				"north": {"uv": [15, 11, 16, 12], "texture": "#1"},
				"east": {"uv": [15, 11, 16, 12], "texture": "#1"},
				"south": {"uv": [15, 11, 16, 12], "texture": "#1"},
				"west": {"uv": [15, 11, 16, 12], "texture": "#1"},
				"up": {"uv": [15, 11, 16, 12], "texture": "#1"},
				"down": {"uv": [16, 12, 15, 11], "texture": "#1"}
			}
		},
		{
			"from": [11.825, 10.85, 7.35],
			"to": [12.15, 11.525, 8.65],
			"rotation": {"angle": 45, "axis": "z", "origin": [9.5, -1.125, 0]},
			"faces": {
				"north": {"uv": [15, 11, 16, 12], "texture": "#1"},
				"east": {"uv": [15, 11, 16, 12], "texture": "#1"},
				"south": {"uv": [15, 11, 16, 12], "texture": "#1"},
				"west": {"uv": [15, 11, 16, 12], "texture": "#1"},
				"up": {"uv": [15, 11, 16, 12], "texture": "#1"},
				"down": {"uv": [16, 12, 15, 11], "texture": "#1"}
			}
		},
		{
			"from": [13.325, 10.85, 7.35],
			"to": [13.65, 11.525, 8.65],
			"rotation": {"angle": 45, "axis": "z", "origin": [11, -1.125, 0]},
			"faces": {
				"north": {"uv": [15, 11, 16, 12], "texture": "#1"},
				"east": {"uv": [15, 11, 16, 12], "texture": "#1"},
				"south": {"uv": [15, 11, 16, 12], "texture": "#1"},
				"west": {"uv": [15, 11, 16, 12], "texture": "#1"},
				"up": {"uv": [15, 11, 16, 12], "texture": "#1"},
				"down": {"uv": [16, 12, 15, 11], "texture": "#1"}
			}
		},
		{
			"from": [14.825, 10.85, 7.35],
			"to": [15.15, 11.525, 8.65],
			"rotation": {"angle": 45, "axis": "z", "origin": [12.5, -1.125, 0]},
			"faces": {
				"north": {"uv": [15, 11, 16, 12], "texture": "#1"},
				"east": {"uv": [15, 11, 16, 12], "texture": "#1"},
				"south": {"uv": [15, 11, 16, 12], "texture": "#1"},
				"west": {"uv": [15, 11, 16, 12], "texture": "#1"},
				"up": {"uv": [15, 11, 16, 12], "texture": "#1"},
				"down": {"uv": [16, 12, 15, 11], "texture": "#1"}
			}
		},
		{
			"from": [16.325, 10.85, 7.35],
			"to": [16.65, 11.525, 8.65],
			"rotation": {"angle": 45, "axis": "z", "origin": [14, -1.125, 0]},
			"faces": {
				"north": {"uv": [15, 11, 16, 12], "texture": "#1"},
				"east": {"uv": [15, 11, 16, 12], "texture": "#1"},
				"south": {"uv": [15, 11, 16, 12], "texture": "#1"},
				"west": {"uv": [15, 11, 16, 12], "texture": "#1"},
				"up": {"uv": [15, 11, 16, 12], "texture": "#1"},
				"down": {"uv": [16, 12, 15, 11], "texture": "#1"}
			}
		},
		{
			"from": [17.825, 10.85, 7.35],
			"to": [18.15, 11.525, 8.65],
			"rotation": {"angle": 45, "axis": "z", "origin": [15.5, -1.125, 0]},
			"faces": {
				"north": {"uv": [15, 11, 16, 12], "texture": "#1"},
				"east": {"uv": [15, 11, 16, 12], "texture": "#1"},
				"south": {"uv": [15, 11, 16, 12], "texture": "#1"},
				"west": {"uv": [15, 11, 16, 12], "texture": "#1"},
				"up": {"uv": [15, 11, 16, 12], "texture": "#1"},
				"down": {"uv": [16, 12, 15, 11], "texture": "#1"}
			}
		},
		{
			"from": [8.825, 10.1, 7.1],
			"to": [9.15, 10.85, 8.9],
			"rotation": {"angle": 45, "axis": "z", "origin": [6.5, -1.125, 0]},
			"faces": {
				"north": {"uv": [15, 11, 16, 12], "texture": "#1"},
				"east": {"uv": [15, 11, 16, 12], "texture": "#1"},
				"south": {"uv": [15, 11, 16, 12], "texture": "#1"},
				"west": {"uv": [15, 11, 16, 12], "texture": "#1"},
				"up": {"uv": [15, 11, 16, 12], "texture": "#1"},
				"down": {"uv": [16, 12, 15, 11], "texture": "#1"}
			}
		},
		{
			"from": [10.325, 10.1, 7.1],
			"to": [10.65, 10.85, 8.9],
			"rotation": {"angle": 45, "axis": "z", "origin": [8, -1.125, 0]},
			"faces": {
				"north": {"uv": [15, 11, 16, 12], "texture": "#1"},
				"east": {"uv": [15, 11, 16, 12], "texture": "#1"},
				"south": {"uv": [15, 11, 16, 12], "texture": "#1"},
				"west": {"uv": [15, 11, 16, 12], "texture": "#1"},
				"up": {"uv": [15, 11, 16, 12], "texture": "#1"},
				"down": {"uv": [16, 12, 15, 11], "texture": "#1"}
			}
		},
		{
			"from": [11.825, 10.1, 7.1],
			"to": [12.15, 10.85, 8.9],
			"rotation": {"angle": 45, "axis": "z", "origin": [9.5, -1.125, 0]},
			"faces": {
				"north": {"uv": [15, 11, 16, 12], "texture": "#1"},
				"east": {"uv": [15, 11, 16, 12], "texture": "#1"},
				"south": {"uv": [15, 11, 16, 12], "texture": "#1"},
				"west": {"uv": [15, 11, 16, 12], "texture": "#1"},
				"up": {"uv": [15, 11, 16, 12], "texture": "#1"},
				"down": {"uv": [16, 12, 15, 11], "texture": "#1"}
			}
		},
		{
			"from": [13.325, 10.1, 7.1],
			"to": [13.65, 10.85, 8.9],
			"rotation": {"angle": 45, "axis": "z", "origin": [11, -1.125, 0]},
			"faces": {
				"north": {"uv": [15, 11, 16, 12], "texture": "#1"},
				"east": {"uv": [15, 11, 16, 12], "texture": "#1"},
				"south": {"uv": [15, 11, 16, 12], "texture": "#1"},
				"west": {"uv": [15, 11, 16, 12], "texture": "#1"},
				"up": {"uv": [15, 11, 16, 12], "texture": "#1"},
				"down": {"uv": [16, 12, 15, 11], "texture": "#1"}
			}
		},
		{
			"from": [14.825, 10.1, 7.1],
			"to": [15.15, 10.85, 8.9],
			"rotation": {"angle": 45, "axis": "z", "origin": [12.5, -1.125, 0]},
			"faces": {
				"north": {"uv": [15, 11, 16, 12], "texture": "#1"},
				"east": {"uv": [15, 11, 16, 12], "texture": "#1"},
				"south": {"uv": [15, 11, 16, 12], "texture": "#1"},
				"west": {"uv": [15, 11, 16, 12], "texture": "#1"},
				"up": {"uv": [15, 11, 16, 12], "texture": "#1"},
				"down": {"uv": [16, 12, 15, 11], "texture": "#1"}
			}
		},
		{
			"from": [16.325, 10.1, 7.1],
			"to": [16.65, 10.85, 8.9],
			"rotation": {"angle": 45, "axis": "z", "origin": [14, -1.125, 0]},
			"faces": {
				"north": {"uv": [15, 11, 16, 12], "texture": "#1"},
				"east": {"uv": [15, 11, 16, 12], "texture": "#1"},
				"south": {"uv": [15, 11, 16, 12], "texture": "#1"},
				"west": {"uv": [15, 11, 16, 12], "texture": "#1"},
				"up": {"uv": [15, 11, 16, 12], "texture": "#1"},
				"down": {"uv": [16, 12, 15, 11], "texture": "#1"}
			}
		},
		{
			"from": [17.825, 10.1, 7.1],
			"to": [18.15, 10.85, 8.9],
			"rotation": {"angle": 45, "axis": "z", "origin": [15.5, -1.125, 0]},
			"faces": {
				"north": {"uv": [15, 11, 16, 12], "texture": "#1"},
				"east": {"uv": [15, 11, 16, 12], "texture": "#1"},
				"south": {"uv": [15, 11, 16, 12], "texture": "#1"},
				"west": {"uv": [15, 11, 16, 12], "texture": "#1"},
				"up": {"uv": [15, 11, 16, 12], "texture": "#1"},
				"down": {"uv": [16, 12, 15, 11], "texture": "#1"}
			}
		},
		{
			"from": [7.325, 10.1, 7.1],
			"to": [7.65, 10.85, 8.9],
			"rotation": {"angle": 45, "axis": "z", "origin": [5, -1.125, 0]},
			"faces": {
				"north": {"uv": [15, 11, 16, 12], "texture": "#1"},
				"east": {"uv": [15, 11, 16, 12], "texture": "#1"},
				"south": {"uv": [15, 11, 16, 12], "texture": "#1"},
				"west": {"uv": [15, 11, 16, 12], "texture": "#1"},
				"up": {"uv": [15, 11, 16, 12], "texture": "#1"},
				"down": {"uv": [16, 12, 15, 11], "texture": "#1"}
			}
		},
		{
			"from": [7.325, 10.85, 7.35],
			"to": [7.65, 11.525, 8.65],
			"rotation": {"angle": 45, "axis": "z", "origin": [5, -1.125, 0]},
			"faces": {
				"north": {"uv": [15, 11, 16, 12], "texture": "#1"},
				"east": {"uv": [15, 11, 16, 12], "texture": "#1"},
				"south": {"uv": [15, 11, 16, 12], "texture": "#1"},
				"west": {"uv": [15, 11, 16, 12], "texture": "#1"},
				"up": {"uv": [15, 11, 16, 12], "texture": "#1"},
				"down": {"uv": [16, 12, 15, 11], "texture": "#1"}
			}
		},
		{
			"from": [4.525, 6.875, 6.975],
			"to": [4.775, 7.125, 9.025],
			"rotation": {"angle": 0, "axis": "y", "origin": [4.75, -1.25, 0]},
			"faces": {
				"north": {"uv": [0.75, 7.25, 5.5, 8.75], "texture": "#2"},
				"east": {"uv": [0, 0, 0, 0], "texture": "#2"},
				"south": {"uv": [10.5, 7.25, 15.25, 8.75], "texture": "#2"},
				"west": {"uv": [7.25, 7.25, 8.75, 8.75], "texture": "#2"},
				"up": {"uv": [0, 0, 0, 0], "texture": "#2"},
				"down": {"uv": [5.5, 8.75, 0.75, 7.25], "texture": "#2"}
			}
		},
		{
			"from": [6.025, 7.8, 6.975],
			"to": [6.275, 8.05, 9.025],
			"rotation": {"angle": 0, "axis": "y", "origin": [4.75, -1.25, 0]},
			"faces": {
				"north": {"uv": [0.75, 7.25, 5.5, 8.75], "texture": "#2"},
				"east": {"uv": [0, 0, 0, 0], "texture": "#2"},
				"south": {"uv": [10.5, 7.25, 15.25, 8.75], "texture": "#2"},
				"west": {"uv": [7.25, 7.25, 8.75, 8.75], "texture": "#2"},
				"up": {"uv": [0, 0, 0, 0], "texture": "#2"},
				"down": {"uv": [5.5, 8.75, 0.75, 7.25], "texture": "#2"}
			}
		},
		{
			"from": [7.275, 6.625, 6.975],
			"to": [7.525, 6.875, 9.025],
			"rotation": {"angle": 0, "axis": "y", "origin": [4.75, -1.25, 0]},
			"faces": {
				"north": {"uv": [0.75, 7.25, 5.5, 8.75], "texture": "#2"},
				"east": {"uv": [0, 0, 0, 0], "texture": "#2"},
				"south": {"uv": [10.5, 7.25, 15.25, 8.75], "texture": "#2"},
				"west": {"uv": [7.25, 7.25, 8.75, 8.75], "texture": "#2"},
				"up": {"uv": [0, 0, 0, 0], "texture": "#2"},
				"down": {"uv": [5.5, 8.75, 0.75, 7.25], "texture": "#2"}
			}
		},
		{
			"from": [8.775, 7.8, 6.975],
			"to": [9.025, 8.05, 9.025],
			"rotation": {"angle": 0, "axis": "y", "origin": [4.75, -1.25, 0]},
			"faces": {
				"north": {"uv": [0.75, 7.25, 5.5, 8.75], "texture": "#2"},
				"east": {"uv": [0, 0, 0, 0], "texture": "#2"},
				"south": {"uv": [10.5, 7.25, 15.25, 8.75], "texture": "#2"},
				"west": {"uv": [7.25, 7.25, 8.75, 8.75], "texture": "#2"},
				"up": {"uv": [0, 0, 0, 0], "texture": "#2"},
				"down": {"uv": [5.5, 8.75, 0.75, 7.25], "texture": "#2"}
			}
		},
		{
			"from": [10.025, 6.375, 6.975],
			"to": [10.275, 6.625, 9.025],
			"rotation": {"angle": 0, "axis": "y", "origin": [4.75, -1.25, 0]},
			"faces": {
				"north": {"uv": [0.75, 7.25, 5.5, 8.75], "texture": "#2"},
				"east": {"uv": [0, 0, 0, 0], "texture": "#2"},
				"south": {"uv": [10.5, 7.25, 15.25, 8.75], "texture": "#2"},
				"west": {"uv": [7.25, 7.25, 8.75, 8.75], "texture": "#2"},
				"up": {"uv": [0, 0, 0, 0], "texture": "#2"},
				"down": {"uv": [5.5, 8.75, 0.75, 7.25], "texture": "#2"}
			}
		},
		{
			"from": [20, 5.75, 7.5],
			"to": [21.5, 8.375, 8.5],
			"rotation": {"angle": 0, "axis": "y", "origin": [4.5, -1.25, 0]},
			"faces": {
				"north": {"uv": [0, 11.1, 0.75, 11.7], "texture": "#1"},
				"east": {"uv": [0, 11.1, 0.8, 11.8], "texture": "#1", "cullface": "east"},
				"south": {"uv": [0, 11.1, 0.75, 11.8], "texture": "#1"},
				"west": {"uv": [0, 11.1, 0.8, 11.8], "texture": "#1"},
				"up": {"uv": [0, 11.05, 0.75, 11.85], "texture": "#1"},
				"down": {"uv": [0.75, 11.75, 0, 11.15], "texture": "#1"}
			}
		},
		{
			"from": [20.9822, 6, 7.5],
			"to": [22.3072, 8.2, 8.5],
			"rotation": {"angle": -22.5, "axis": "z", "origin": [19.9822, 8, 7.25]},
			"faces": {
				"north": {"uv": [0, 11.3, 0.65, 11.85], "texture": "#1", "cullface": "east"},
				"east": {"uv": [0, 11.25, 0.7, 11.8], "texture": "#1", "cullface": "east"},
				"south": {"uv": [0, 11.2, 0.75, 11.85], "texture": "#1", "cullface": "east"},
				"west": {"uv": [0, 11.25, 0.8, 11.9], "texture": "#1", "cullface": "east"},
				"up": {"uv": [0, 11.1, 0.85, 11.9], "texture": "#1", "cullface": "east"},
				"down": {"uv": [0, 11.3, 0.65, 11.9], "texture": "#1", "cullface": "east"}
			}
		},
		{
			"from": [20.55, 4.5, 7.5],
			"to": [22.25, 6.65, 8.5],
			"rotation": {"angle": 22.5, "axis": "z", "origin": [21.675, 6, 7.5]},
			"faces": {
				"north": {"uv": [0, 11.05, 0.8, 11.75], "texture": "#1", "cullface": "east"},
				"east": {"uv": [0, 11.05, 0.9, 11.85], "texture": "#1", "cullface": "east"},
				"south": {"uv": [0, 11.05, 0.8, 11.85], "texture": "#1", "cullface": "east"},
				"west": {"uv": [0, 11.05, 0.8, 11.85], "texture": "#1", "cullface": "east"},
				"up": {"uv": [0, 11.1, 0.7, 11.8], "texture": "#1", "cullface": "east"},
				"down": {"uv": [0, 11.1, 0.7, 11.8], "texture": "#1", "cullface": "east"}
			}
		},
		{
			"from": [30.75, 3.25, 7.25],
			"to": [31.25, 8, 8.75],
			"rotation": {"angle": 0, "axis": "y", "origin": [4.25, 2, 0]},
			"faces": {
				"north": {"uv": [0, 13.75, 1, 16], "texture": "#1", "cullface": "east"},
				"east": {"uv": [0, 13.75, 0.5, 16], "texture": "#1", "cullface": "east"},
				"south": {"uv": [1, 13.75, 0, 16], "texture": "#1", "cullface": "east"},
				"west": {"uv": [0, 13.75, 0.5, 16], "texture": "#1", "cullface": "east"},
				"up": {"uv": [1, 13, 0, 12.5], "texture": "#1", "cullface": "east"},
				"down": {"uv": [0, 12.5, 1, 13], "texture": "#1", "cullface": "east"}
			}
		},
		{
			"from": [23.55, 4.6, 7.5],
			"to": [24.8, 5.85, 8.5],
			"rotation": {"angle": 0, "axis": "y", "origin": [21.5, 6.25, 7.5]},
			"faces": {
				"north": {"uv": [0, 11.05, 1, 11.85], "texture": "#1", "cullface": "east"},
				"east": {"uv": [0, 11.05, 0.9, 11.75], "texture": "#1", "cullface": "east"},
				"south": {"uv": [0, 11.05, 0.8, 11.85], "texture": "#1", "cullface": "east"},
				"west": {"uv": [0, 10.95, 0.9, 11.85], "texture": "#1", "cullface": "east"},
				"up": {"uv": [0, 11, 0.8, 11.8], "texture": "#1", "cullface": "east"},
				"down": {"uv": [0, 11, 0.9, 11.8], "texture": "#1", "cullface": "east"}
			}
		},
		{
			"from": [21.025, 3.6, 7.5],
			"to": [22.5, 5.35, 8.5],
			"rotation": {"angle": 0, "axis": "y", "origin": [21.675, 6, 7.5]},
			"faces": {
				"north": {"uv": [0, 11.15, 0.9, 11.95], "texture": "#1", "cullface": "east"},
				"east": {"uv": [0, 11.35, 0.8, 11.95], "texture": "#1", "cullface": "east"},
				"south": {"uv": [0, 11.15, 0.9, 11.95], "texture": "#1", "cullface": "east"},
				"west": {"uv": [0, 11.35, 0.9, 11.85], "texture": "#1", "cullface": "east"},
				"up": {"uv": [0, 11.2, 0.8, 12], "texture": "#1", "cullface": "east"},
				"down": {"uv": [0, 11.1, 0.8, 12], "texture": "#1", "cullface": "east"}
			}
		},
		{
			"from": [24.55, 4.35, 7.5],
			"to": [26.55, 5.1, 8.5],
			"rotation": {"angle": 0, "axis": "y", "origin": [21.5, 6.25, 7.5]},
			"faces": {
				"north": {"uv": [0, 11.05, 0.9, 11.95], "texture": "#1", "cullface": "east"},
				"east": {"uv": [0, 11.25, 0.8, 11.85], "texture": "#1", "cullface": "east"},
				"south": {"uv": [0, 11.05, 0.8, 11.95], "texture": "#1", "cullface": "east"},
				"west": {"uv": [0, 11.15, 0.8, 11.95], "texture": "#1", "cullface": "east"},
				"up": {"uv": [0, 11.2, 0.8, 11.9], "texture": "#1", "cullface": "east"},
				"down": {"uv": [0, 11.1, 0.8, 11.9], "texture": "#1", "cullface": "east"}
			}
		},
		{
			"from": [26.05, 4.1, 7.5],
			"to": [28.05, 4.85, 8.5],
			"rotation": {"angle": 0, "axis": "y", "origin": [21.5, 6.25, 7.5]},
			"faces": {
				"north": {"uv": [0, 11.05, 0.9, 11.95], "texture": "#1", "cullface": "east"},
				"east": {"uv": [0, 11.25, 0.8, 11.85], "texture": "#1", "cullface": "east"},
				"south": {"uv": [0, 11.05, 0.8, 11.95], "texture": "#1", "cullface": "east"},
				"west": {"uv": [0, 11.15, 0.8, 11.95], "texture": "#1", "cullface": "east"},
				"up": {"uv": [0, 11.2, 0.8, 11.9], "texture": "#1", "cullface": "east"},
				"down": {"uv": [0, 11.1, 0.8, 11.9], "texture": "#1", "cullface": "east"}
			}
		},
		{
			"from": [27.55, 3.85, 7.5],
			"to": [30.75, 4.6, 8.5],
			"rotation": {"angle": 0, "axis": "y", "origin": [21.5, 6.25, 7.5]},
			"faces": {
				"north": {"uv": [0, 11.05, 0.9, 11.95], "texture": "#1", "cullface": "east"},
				"east": {"uv": [0, 11.25, 0.8, 11.85], "texture": "#1", "cullface": "east"},
				"south": {"uv": [0, 11.05, 0.8, 11.95], "texture": "#1", "cullface": "east"},
				"west": {"uv": [0, 11.15, 0.8, 11.95], "texture": "#1", "cullface": "east"},
				"up": {"uv": [0, 11.2, 0.8, 11.9], "texture": "#1", "cullface": "east"},
				"down": {"uv": [0, 11.1, 0.8, 11.9], "texture": "#1", "cullface": "east"}
			}
		},
		{
			"from": [29.05, 3.6, 7.5],
			"to": [30.75, 3.85, 8.5],
			"rotation": {"angle": 0, "axis": "y", "origin": [21.5, 6.25, 7.5]},
			"faces": {
				"north": {"uv": [0, 11.05, 0.9, 11.95], "texture": "#1", "cullface": "east"},
				"east": {"uv": [0, 11.25, 0.8, 11.85], "texture": "#1", "cullface": "east"},
				"south": {"uv": [0, 11.05, 0.8, 11.95], "texture": "#1", "cullface": "east"},
				"west": {"uv": [0, 11.15, 0.8, 11.95], "texture": "#1", "cullface": "east"},
				"up": {"uv": [0, 11.2, 0.8, 11.9], "texture": "#1", "cullface": "east"},
				"down": {"uv": [0, 11.1, 0.8, 11.9], "texture": "#1", "cullface": "east"}
			}
		},
		{
			"from": [23.8, 5.85, 7.5],
			"to": [24.8, 7.35, 8.5],
			"rotation": {"angle": 0, "axis": "y", "origin": [21.5, 6.25, 7.5]},
			"faces": {
				"north": {"uv": [0, 11.05, 1, 11.85], "texture": "#1", "cullface": "east"},
				"east": {"uv": [0, 11.05, 0.9, 11.75], "texture": "#1", "cullface": "east"},
				"south": {"uv": [0, 11.05, 0.8, 11.85], "texture": "#1", "cullface": "east"},
				"west": {"uv": [0, 10.95, 0.9, 11.85], "texture": "#1", "cullface": "east"},
				"up": {"uv": [0, 11, 0.8, 11.8], "texture": "#1", "cullface": "east"},
				"down": {"uv": [0, 11, 0.9, 11.8], "texture": "#1", "cullface": "east"}
			}
		},
		{
			"from": [27, 6.85, 7.5],
			"to": [30.75, 7.85, 8.5],
			"rotation": {"angle": 0, "axis": "y", "origin": [21.5, 6.25, 7.5]},
			"faces": {
				"north": {"uv": [0, 11.05, 1, 11.85], "texture": "#1", "cullface": "east"},
				"east": {"uv": [0, 11.05, 0.9, 11.75], "texture": "#1", "cullface": "east"},
				"south": {"uv": [0, 11.05, 0.8, 11.85], "texture": "#1", "cullface": "east"},
				"west": {"uv": [0, 10.95, 0.9, 11.85], "texture": "#1", "cullface": "east"},
				"up": {"uv": [0, 11, 0.8, 11.8], "texture": "#1", "cullface": "east"},
				"down": {"uv": [0, 11, 0.9, 11.8], "texture": "#1", "cullface": "east"}
			}
		},
		{
			"from": [24.8, 5.1, 7.5],
			"to": [25.05, 5.35, 8.5],
			"rotation": {"angle": 0, "axis": "y", "origin": [21.5, 6.25, 7.5]},
			"faces": {
				"north": {"uv": [0, 11.05, 1, 11.85], "texture": "#1", "cullface": "east"},
				"east": {"uv": [0, 11.05, 0.9, 11.75], "texture": "#1", "cullface": "east"},
				"south": {"uv": [0, 11.05, 0.8, 11.85], "texture": "#1", "cullface": "east"},
				"west": {"uv": [0, 10.95, 0.9, 11.85], "texture": "#1", "cullface": "east"},
				"up": {"uv": [0, 11, 0.8, 11.8], "texture": "#1", "cullface": "east"},
				"down": {"uv": [0, 11, 0.9, 11.8], "texture": "#1", "cullface": "east"}
			}
		},
		{
			"from": [24.8, 6.85, 7.5],
			"to": [25.05, 7.1, 8.5],
			"rotation": {"angle": 0, "axis": "y", "origin": [21.5, 6.25, 7.5]},
			"faces": {
				"north": {"uv": [0, 11.05, 1, 11.85], "texture": "#1", "cullface": "east"},
				"east": {"uv": [0, 11.05, 0.9, 11.75], "texture": "#1", "cullface": "east"},
				"south": {"uv": [0, 11.05, 0.8, 11.85], "texture": "#1", "cullface": "east"},
				"west": {"uv": [0, 10.95, 0.9, 11.85], "texture": "#1", "cullface": "east"},
				"up": {"uv": [0, 11, 0.8, 11.8], "texture": "#1", "cullface": "east"},
				"down": {"uv": [0, 11, 0.9, 11.8], "texture": "#1", "cullface": "east"}
			}
		},
		{
			"from": [23.55, 7.1, 7.5],
			"to": [23.8, 7.35, 8.5],
			"rotation": {"angle": 0, "axis": "y", "origin": [21.5, 6.25, 7.5]},
			"faces": {
				"north": {"uv": [0, 11.05, 1, 11.85], "texture": "#1", "cullface": "east"},
				"east": {"uv": [0, 11.05, 0.9, 11.75], "texture": "#1", "cullface": "east"},
				"south": {"uv": [0, 11.05, 0.8, 11.85], "texture": "#1", "cullface": "east"},
				"west": {"uv": [0, 10.95, 0.9, 11.85], "texture": "#1", "cullface": "east"},
				"up": {"uv": [0, 11, 0.8, 11.8], "texture": "#1", "cullface": "east"},
				"down": {"uv": [0, 11, 0.9, 11.8], "texture": "#1", "cullface": "east"}
			}
		},
		{
			"from": [22.35, 5.6, 7.5],
			"to": [22.6, 5.85, 8.5],
			"rotation": {"angle": 0, "axis": "y", "origin": [22, 6.25, 7.5]},
			"faces": {
				"north": {"uv": [0, 11.05, 1, 11.85], "texture": "#1", "cullface": "east"},
				"east": {"uv": [0, 11.05, 0.9, 11.75], "texture": "#1", "cullface": "east"},
				"south": {"uv": [0, 11.05, 0.8, 11.85], "texture": "#1", "cullface": "east"},
				"west": {"uv": [0, 10.95, 0.9, 11.85], "texture": "#1", "cullface": "east"},
				"up": {"uv": [0, 11, 0.8, 11.8], "texture": "#1", "cullface": "east"},
				"down": {"uv": [0, 11, 0.9, 11.8], "texture": "#1", "cullface": "east"}
			}
		},
		{
			"from": [22.1, 7.1, 7.5],
			"to": [22.35, 7.35, 8.5],
			"rotation": {"angle": 0, "axis": "y", "origin": [22, 6.25, 7.5]},
			"faces": {
				"north": {"uv": [0, 11.05, 1, 11.85], "texture": "#1", "cullface": "east"},
				"east": {"uv": [0, 11.05, 0.9, 11.75], "texture": "#1", "cullface": "east"},
				"south": {"uv": [0, 11.05, 0.8, 11.85], "texture": "#1", "cullface": "east"},
				"west": {"uv": [0, 10.95, 0.9, 11.85], "texture": "#1", "cullface": "east"},
				"up": {"uv": [0, 11, 0.8, 11.8], "texture": "#1", "cullface": "east"},
				"down": {"uv": [0, 11, 0.9, 11.8], "texture": "#1", "cullface": "east"}
			}
		},
		{
			"from": [29.8, 4.6, 7.5],
			"to": [30.75, 6.85, 8.5],
			"rotation": {"angle": 0, "axis": "y", "origin": [21.5, 6.25, 7.5]},
			"faces": {
				"north": {"uv": [0, 11.05, 1, 11.85], "texture": "#1", "cullface": "east"},
				"east": {"uv": [0, 11.05, 0.9, 11.75], "texture": "#1", "cullface": "east"},
				"south": {"uv": [0, 11.05, 0.8, 11.85], "texture": "#1", "cullface": "east"},
				"west": {"uv": [0, 10.95, 0.9, 11.85], "texture": "#1", "cullface": "east"},
				"up": {"uv": [0, 11, 0.8, 11.8], "texture": "#1", "cullface": "east"},
				"down": {"uv": [0, 11, 0.9, 11.8], "texture": "#1", "cullface": "east"}
			}
		},
		{
			"from": [29.55, 6.6, 7.5],
			"to": [29.8, 6.85, 8.5],
			"rotation": {"angle": 0, "axis": "y", "origin": [21.5, 6.25, 7.5]},
			"faces": {
				"north": {"uv": [0, 11.05, 1, 11.85], "texture": "#1", "cullface": "east"},
				"east": {"uv": [0, 11.05, 0.9, 11.75], "texture": "#1", "cullface": "east"},
				"south": {"uv": [0, 11.05, 0.8, 11.85], "texture": "#1", "cullface": "east"},
				"west": {"uv": [0, 10.95, 0.9, 11.85], "texture": "#1", "cullface": "east"},
				"up": {"uv": [0, 11, 0.8, 11.8], "texture": "#1", "cullface": "east"},
				"down": {"uv": [0, 11, 0.9, 11.8], "texture": "#1", "cullface": "east"}
			}
		},
		{
			"from": [29.55, 4.6, 7.5],
			"to": [29.8, 4.85, 8.5],
			"rotation": {"angle": 0, "axis": "y", "origin": [21.5, 6.25, 7.5]},
			"faces": {
				"north": {"uv": [0, 11.05, 1, 11.85], "texture": "#1", "cullface": "east"},
				"east": {"uv": [0, 11.05, 0.9, 11.75], "texture": "#1", "cullface": "east"},
				"south": {"uv": [0, 11.05, 0.8, 11.85], "texture": "#1", "cullface": "east"},
				"west": {"uv": [0, 10.95, 0.9, 11.85], "texture": "#1", "cullface": "east"},
				"up": {"uv": [0, 11, 0.8, 11.8], "texture": "#1", "cullface": "east"},
				"down": {"uv": [0, 11, 0.9, 11.8], "texture": "#1", "cullface": "east"}
			}
		},
		{
			"from": [22.5, 3.9, 7.5],
			"to": [22.8, 4.6, 8.5],
			"rotation": {"angle": 0, "axis": "y", "origin": [22, 6, 7.5]},
			"faces": {
				"north": {"uv": [0, 11.05, 1, 11.85], "texture": "#1", "cullface": "east"},
				"east": {"uv": [0, 11.05, 0.9, 11.75], "texture": "#1", "cullface": "east"},
				"south": {"uv": [0, 11.05, 0.8, 11.85], "texture": "#1", "cullface": "east"},
				"west": {"uv": [0, 10.95, 0.9, 11.85], "texture": "#1", "cullface": "east"},
				"up": {"uv": [0, 11, 0.8, 11.8], "texture": "#1", "cullface": "east"},
				"down": {"uv": [0, 11, 0.9, 11.8], "texture": "#1", "cullface": "east"}
			}
		},
		{
			"from": [22.475, 4.6, 7.5],
			"to": [23.55, 5.6, 8.5],
			"rotation": {"angle": 0, "axis": "y", "origin": [21.5, 6.25, 7.5]},
			"faces": {
				"north": {"uv": [0, 11.05, 1, 11.85], "texture": "#1", "cullface": "east"},
				"east": {"uv": [0, 11.05, 0.9, 11.75], "texture": "#1", "cullface": "east"},
				"south": {"uv": [0, 11.05, 0.8, 11.85], "texture": "#1", "cullface": "east"},
				"west": {"uv": [0, 10.95, 0.9, 11.85], "texture": "#1", "cullface": "east"},
				"up": {"uv": [0, 11, 0.8, 11.8], "texture": "#1", "cullface": "east"},
				"down": {"uv": [0, 11, 0.9, 11.8], "texture": "#1", "cullface": "east"}
			}
		},
		{
			"from": [20.75, 7.35, 7.5],
			"to": [24.75, 8.1, 8.5],
			"rotation": {"angle": 0, "axis": "y", "origin": [21.5, 6.25, 7.5]},
			"faces": {
				"north": {"uv": [0, 11.05, 1, 11.85], "texture": "#1", "cullface": "east"},
				"east": {"uv": [0, 11.05, 0.9, 11.75], "texture": "#1", "cullface": "east"},
				"south": {"uv": [0, 11.05, 0.8, 11.85], "texture": "#1", "cullface": "east"},
				"west": {"uv": [0, 10.95, 0.9, 11.85], "texture": "#1", "cullface": "east"},
				"up": {"uv": [0, 11, 0.8, 11.8], "texture": "#1", "cullface": "east"},
				"down": {"uv": [0, 11, 0.9, 11.8], "texture": "#1", "cullface": "east"}
			}
		},
		{
			"from": [24.75, 7.1, 7.5],
			"to": [27.5, 8.1, 8.5],
			"rotation": {"angle": 0, "axis": "y", "origin": [21.5, 6.25, 7.5]},
			"faces": {
				"north": {"uv": [0, 11.05, 1, 11.85], "texture": "#1", "cullface": "east"},
				"east": {"uv": [0, 11.05, 0.9, 11.75], "texture": "#1", "cullface": "east"},
				"south": {"uv": [0, 11.05, 0.8, 11.85], "texture": "#1", "cullface": "east"},
				"west": {"uv": [0, 10.95, 0.9, 11.85], "texture": "#1", "cullface": "east"},
				"up": {"uv": [0, 11, 0.8, 11.8], "texture": "#1", "cullface": "east"},
				"down": {"uv": [0, 11, 0.9, 11.8], "texture": "#1", "cullface": "east"}
			}
		},
		{
			"from": [25, 8.1, 7.75],
			"to": [27.25, 8.5, 8.25],
			"rotation": {"angle": 0, "axis": "y", "origin": [4.25, -1, 0]},
			"faces": {
				"north": {"uv": [0.75, 7.25, 5.5, 8.75], "texture": "#1"},
				"east": {"uv": [0, 0, 0, 0], "texture": "#1"},
				"south": {"uv": [10.5, 7.25, 15.25, 8.75], "texture": "#1"},
				"west": {"uv": [7.25, 7.25, 8.75, 8.75], "texture": "#1"},
				"up": {"uv": [0, 0, 0, 0], "texture": "#1"},
				"down": {"uv": [5.5, 8.75, 0.75, 7.25], "texture": "#1"}
			}
		},
		{
			"from": [24.5, 8.35, 7.5],
			"to": [28.5, 9.25, 8.5],
			"rotation": {"angle": 0, "axis": "y", "origin": [4.25, -1, 0]},
			"faces": {
				"north": {"uv": [0.75, 7.25, 5.5, 8.75], "texture": "#1"},
				"east": {"uv": [0, 0, 0, 0], "texture": "#1"},
				"south": {"uv": [10.5, 7.25, 15.25, 8.75], "texture": "#1"},
				"west": {"uv": [7.25, 7.25, 8.75, 8.75], "texture": "#1"},
				"up": {"uv": [0, 0, 1, 1], "texture": "#1"},
				"down": {"uv": [5.5, 8.75, 0.75, 7.25], "texture": "#1"}
			}
		}
	],
	"gui_light": "front",
	"display": {
		"thirdperson_righthand": {
			"rotation": [0, -90, 0],
			"translation": [0, 1, -8.75],
			"scale": [0.76, 0.76, 0.76]
		},
		"thirdperson_lefthand": {
			"rotation": [0, 90, 0],
			"translation": [0, 1, -8.75],
			"scale": [0.76, 0.76, 0.76]
		},
		"firstperson_righthand": {
			"rotation": [0, -90, 0],
			"translation": [2.75, 2, -9.5],
			"scale": [1.14, 1.14, 1.14]
		},
		"firstperson_lefthand": {
			"rotation": [0, 90, 0],
			"translation": [2, 2, -8.75],
			"scale": [1.14, 1.14, 1.14]
		},
		"ground": {
			"rotation": [82, -1, 0],
			"translation": [-0.25, -1.75, 0],
			"scale": [0.6, 0.6, 0.6]
		},
		"gui": {
			"rotation": [-2.33, 48.8, 29.88],
			"translation": [-0.75, -0.5, 0],
			"scale": [0.49, 0.49, 0.57]
		},
		"head": {
			"rotation": [0, -90, 0],
			"translation": [0, 8.25, 0]
		},
		"fixed": {
			"rotation": [0, 180, -45],
			"translation": [1.75, 3, 0],
			"scale": [0.7, 0.7, 0.7]
		}
	}
}