{
	"credit": "Made with Blockbench",
	"textures": {
		"0": "block/color/graymetal_light",
		"1": "block/color/red_concrete",
		"2": "block/color/jetspecial",
		"3": "block/color/stimjet",
		"4": "block/color/lightergray",
		"particle": "block/color/graymetal_light"
	},
	"elements": [
		{
			"from": [7.19, 7, 7.55],
			"to": [8.81, 7.5, 8.45],
			"rotation": {"angle": 0, "axis": "y", "origin": [7.91, 7, 7.55]},
			"faces": {
				"north": {"uv": [0, 0, 1.8, 0.5], "texture": "#1"},
				"south": {"uv": [0, 0, 1.8, 0.5], "texture": "#1"},
				"down": {"uv": [0, 0, 1.8, 1], "texture": "#1"}
			}
		},
		{
			"from": [6.79078, 7, 7.97298],
			"to": [6.97078, 7.5, 8.24298],
			"rotation": {"angle": 22.5, "axis": "y", "origin": [7.51078, 7, 7.34298]},
			"faces": {
				"west": {"uv": [0, 0, 0.3, 0.5], "texture": "#1"},
				"up": {"uv": [0, 0, 0.2, 0.3], "texture": "#1"},
				"down": {"uv": [0, 0, 0.2, 0.3], "texture": "#1"}
			}
		},
		{
			"from": [6.79078, 7, 7.75702],
			"to": [6.97078, 7.5, 8.02702],
			"rotation": {"angle": -22.5, "axis": "y", "origin": [7.51078, 7, 8.65702]},
			"faces": {
				"west": {"uv": [0.3, 0, 0.6, 0.5], "texture": "#1"},
				"up": {"uv": [0, 0.3, 0.2, 0.6], "texture": "#1"},
				"down": {"uv": [0, 0.3, 0.2, 0.6], "texture": "#1"}
			}
		},
		{
			"from": [9.02922, 7, 7.97298],
			"to": [9.20922, 7.5, 8.24298],
			"rotation": {"angle": -22.5, "axis": "y", "origin": [8.48922, 7, 7.34298]},
			"faces": {
				"east": {"uv": [0.3, 0, 0.6, 0.5], "texture": "#1"},
				"up": {"uv": [0.2, 0, 0.4, 0.3], "texture": "#1"},
				"down": {"uv": [0.2, 0, 0.4, 0.3], "texture": "#1"}
			}
		},
		{
			"from": [9.02922, 7, 7.75702],
			"to": [9.20922, 7.5, 8.02702],
			"rotation": {"angle": 22.5, "axis": "y", "origin": [8.48922, 7, 8.65702]},
			"faces": {
				"east": {"uv": [0, 0, 0.3, 0.5], "texture": "#1"},
				"up": {"uv": [0.2, 0.3, 0.4, 0.6], "texture": "#1"},
				"down": {"uv": [0.2, 0.3, 0.4, 0.6], "texture": "#1"}
			}
		},
		{
			"from": [7.08668, 7, 7.79945],
			"to": [8.91332, 7.5, 8.20055],
			"rotation": {"angle": 0, "axis": "y", "origin": [7.80668, 7, 7.30055]},
			"faces": {
				"east": {"uv": [0, 0, 0.44567, 0.5], "texture": "#1"},
				"west": {"uv": [0, 0, 0.44567, 0.5], "texture": "#1"},
				"down": {"uv": [0, 0, 2.02961, 0.44567], "texture": "#1"}
			}
		},
		{
			"from": [7.271, 6.8, 7.595],
			"to": [8.729, 7, 8.405],
			"rotation": {"angle": 0, "axis": "y", "origin": [7.919, 6.8, 7.595]},
			"faces": {
				"north": {"uv": [0, 0, 1.8, 0.5], "texture": "#1"},
				"south": {"uv": [0, 0, 1.8, 0.5], "texture": "#1"},
				"down": {"uv": [0, 0, 1.8, 1], "texture": "#1"}
			}
		},
		{
			"from": [6.9117, 6.8, 7.97568],
			"to": [7.0737, 7, 8.21868],
			"rotation": {"angle": 22.5, "axis": "y", "origin": [7.5597, 6.8, 7.40868]},
			"faces": {
				"west": {"uv": [0, 0, 0.3, 0.5], "texture": "#1"},
				"up": {"uv": [0, 0, 0.2, 0.3], "texture": "#1"},
				"down": {"uv": [0, 0, 0.2, 0.3], "texture": "#1"}
			}
		},
		{
			"from": [6.9117, 6.8, 7.78132],
			"to": [7.0737, 7, 8.02432],
			"rotation": {"angle": -22.5, "axis": "y", "origin": [7.5597, 6.8, 8.59132]},
			"faces": {
				"west": {"uv": [0.3, 0, 0.6, 0.5], "texture": "#1"},
				"up": {"uv": [0, 0.3, 0.2, 0.6], "texture": "#1"},
				"down": {"uv": [0, 0.3, 0.2, 0.6], "texture": "#1"}
			}
		},
		{
			"from": [8.9263, 6.8, 7.97568],
			"to": [9.0883, 7, 8.21868],
			"rotation": {"angle": -22.5, "axis": "y", "origin": [8.4403, 6.8, 7.40868]},
			"faces": {
				"east": {"uv": [0.3, 0, 0.6, 0.5], "texture": "#1"},
				"up": {"uv": [0.2, 0, 0.4, 0.3], "texture": "#1"},
				"down": {"uv": [0.2, 0, 0.4, 0.3], "texture": "#1"}
			}
		},
		{
			"from": [8.9263, 6.8, 7.78132],
			"to": [9.0883, 7, 8.02432],
			"rotation": {"angle": 22.5, "axis": "y", "origin": [8.4403, 6.8, 8.59132]},
			"faces": {
				"east": {"uv": [0, 0, 0.3, 0.5], "texture": "#1"},
				"up": {"uv": [0.2, 0.3, 0.4, 0.6], "texture": "#1"},
				"down": {"uv": [0.2, 0.3, 0.4, 0.6], "texture": "#1"}
			}
		},
		{
			"from": [7.17801, 6.8, 7.8195],
			"to": [8.82199, 7, 8.1805],
			"rotation": {"angle": 0, "axis": "y", "origin": [7.82601, 6.8, 7.3705]},
			"faces": {
				"east": {"uv": [0, 0, 0.44567, 0.5], "texture": "#1"},
				"west": {"uv": [0, 0, 0.44567, 0.5], "texture": "#1"},
				"down": {"uv": [0, 0, 2.02961, 0.44567], "texture": "#1"}
			}
		},
		{
			"name": "hexadecagon",
			"from": [7.91049, 6.4, 7.55],
			"to": [8.08951, 7, 7.65],
			"rotation": {"angle": -45, "axis": "y", "origin": [8, 6.5, 8]},
			"faces": {
				"north": {"uv": [0, 0, 1, 1], "rotation": 90, "texture": "#1"},
				"south": {"uv": [0, 0, 1, 1], "rotation": 270, "texture": "#1"},
				"up": {"uv": [0, 0, 1, 1], "rotation": 270, "texture": "#1"},
				"down": {"uv": [0, 0, 1, 1], "rotation": 270, "texture": "#1"}
			}
		},
		{
			"name": "hexadecagon",
			"from": [7.91049, 6.4, 7.55],
			"to": [8.08951, 7, 7.65],
			"rotation": {"angle": -22.5, "axis": "y", "origin": [8, 6.5, 8]},
			"faces": {
				"north": {"uv": [0, 0, 1, 1], "rotation": 90, "texture": "#1"},
				"south": {"uv": [0, 0, 1, 1], "rotation": 270, "texture": "#1"},
				"up": {"uv": [0, 0, 1, 1], "rotation": 270, "texture": "#1"},
				"down": {"uv": [0, 0, 1, 1], "rotation": 270, "texture": "#1"}
			}
		},
		{
			"name": "hexadecagon",
			"from": [7.91049, 6.4, 7.55],
			"to": [8.08951, 7, 7.65],
			"rotation": {"angle": 0, "axis": "x", "origin": [8, 6.5, 8]},
			"faces": {
				"north": {"uv": [0, 0, 1, 1], "rotation": 90, "texture": "#1"},
				"south": {"uv": [0, 0, 1, 1], "rotation": 270, "texture": "#1"},
				"down": {"uv": [0, 0, 1, 1], "rotation": 270, "texture": "#1"}
			}
		},
		{
			"name": "hexadecagon",
			"from": [7.91049, 6.4, 7.55],
			"to": [8.08951, 7, 7.65],
			"rotation": {"angle": 22.5, "axis": "y", "origin": [8, 6.5, 8]},
			"faces": {
				"north": {"uv": [0, 0, 1, 1], "rotation": 90, "texture": "#1"},
				"south": {"uv": [0, 0, 1, 1], "rotation": 270, "texture": "#1"},
				"up": {"uv": [0, 0, 1, 1], "rotation": 270, "texture": "#1"},
				"down": {"uv": [0, 0, 1, 1], "rotation": 270, "texture": "#1"}
			}
		},
		{
			"name": "hexadecagon",
			"from": [7.91049, 6.4, 7.55],
			"to": [8.08951, 7, 7.65],
			"rotation": {"angle": 45, "axis": "y", "origin": [8, 6.5, 8]},
			"faces": {
				"north": {"uv": [0, 0, 1, 1], "rotation": 90, "texture": "#1"},
				"south": {"uv": [0, 0, 1, 1], "rotation": 270, "texture": "#1"},
				"up": {"uv": [0, 0, 1, 1], "rotation": 270, "texture": "#1"},
				"down": {"uv": [0, 0, 1, 1], "rotation": 270, "texture": "#1"}
			}
		},
		{
			"name": "hexadecagon",
			"from": [7.91049, 6.4, 8.35],
			"to": [8.08951, 7, 8.45],
			"rotation": {"angle": 45, "axis": "y", "origin": [8, 6.5, 8]},
			"faces": {
				"north": {"uv": [0, 1, 1, 0], "rotation": 270, "texture": "#1"},
				"south": {"uv": [0, 1, 1, 0], "rotation": 90, "texture": "#1"},
				"up": {"uv": [1, 0, 0, 1], "rotation": 270, "texture": "#1"},
				"down": {"uv": [1, 0, 0, 1], "rotation": 270, "texture": "#1"}
			}
		},
		{
			"name": "hexadecagon",
			"from": [7.91049, 6.4, 8.35],
			"to": [8.08951, 7, 8.45],
			"rotation": {"angle": 22.5, "axis": "y", "origin": [8, 6.5, 8]},
			"faces": {
				"north": {"uv": [0, 1, 1, 0], "rotation": 270, "texture": "#1"},
				"south": {"uv": [0, 1, 1, 0], "rotation": 90, "texture": "#1"},
				"up": {"uv": [1, 0, 0, 1], "rotation": 270, "texture": "#1"},
				"down": {"uv": [1, 0, 0, 1], "rotation": 270, "texture": "#1"}
			}
		},
		{
			"name": "hexadecagon",
			"from": [7.91049, 6.4, 8.35],
			"to": [8.08951, 7, 8.45],
			"rotation": {"angle": 0, "axis": "x", "origin": [8, 6.5, 8]},
			"faces": {
				"north": {"uv": [0, 1, 1, 0], "rotation": 270, "texture": "#1"},
				"south": {"uv": [0, 1, 1, 0], "rotation": 90, "texture": "#1"},
				"down": {"uv": [1, 0, 0, 1], "rotation": 270, "texture": "#1"}
			}
		},
		{
			"name": "hexadecagon",
			"from": [7.91049, 6.4, 8.35],
			"to": [8.08951, 7, 8.45],
			"rotation": {"angle": -22.5, "axis": "y", "origin": [8, 6.5, 8]},
			"faces": {
				"north": {"uv": [0, 1, 1, 0], "rotation": 270, "texture": "#1"},
				"south": {"uv": [0, 1, 1, 0], "rotation": 90, "texture": "#1"},
				"up": {"uv": [1, 0, 0, 1], "rotation": 270, "texture": "#1"},
				"down": {"uv": [1, 0, 0, 1], "rotation": 270, "texture": "#1"}
			}
		},
		{
			"name": "hexadecagon",
			"from": [7.91049, 6.4, 8.35],
			"to": [8.08951, 7, 8.45],
			"rotation": {"angle": -45, "axis": "y", "origin": [8, 6.5, 8]},
			"faces": {
				"north": {"uv": [0, 1, 1, 0], "rotation": 270, "texture": "#1"},
				"south": {"uv": [0, 1, 1, 0], "rotation": 90, "texture": "#1"},
				"up": {"uv": [1, 0, 0, 1], "rotation": 270, "texture": "#1"},
				"down": {"uv": [1, 0, 0, 1], "rotation": 270, "texture": "#1"}
			}
		},
		{
			"name": "hexadecagon",
			"from": [7.55, 6.4, 7.91049],
			"to": [7.65, 7, 8.08951],
			"rotation": {"angle": -22.5, "axis": "y", "origin": [8, 6.5, 8]},
			"faces": {
				"east": {"uv": [0, 0, 1, 1], "rotation": 270, "texture": "#1"},
				"west": {"uv": [0, 0, 1, 1], "rotation": 270, "texture": "#1"},
				"up": {"uv": [0, 0, 1, 1], "rotation": 270, "texture": "#1"},
				"down": {"uv": [0, 0, 1, 1], "rotation": 270, "texture": "#1"}
			}
		},
		{
			"name": "hexadecagon",
			"from": [7.55, 6.4, 7.91049],
			"to": [7.65, 7, 8.08951],
			"rotation": {"angle": 0, "axis": "x", "origin": [8, 6.5, 8]},
			"faces": {
				"east": {"uv": [0, 0, 1, 1], "rotation": 270, "texture": "#1"},
				"west": {"uv": [0, 0, 1, 1], "rotation": 270, "texture": "#1"},
				"down": {"uv": [0, 0, 1, 1], "rotation": 270, "texture": "#1"}
			}
		},
		{
			"name": "hexadecagon",
			"from": [7.55, 6.4, 7.91049],
			"to": [7.65, 7, 8.08951],
			"rotation": {"angle": 22.5, "axis": "y", "origin": [8, 6.5, 8]},
			"faces": {
				"east": {"uv": [0, 0, 1, 1], "rotation": 270, "texture": "#1"},
				"west": {"uv": [0, 0, 1, 1], "rotation": 270, "texture": "#1"},
				"up": {"uv": [0, 0, 1, 1], "rotation": 270, "texture": "#1"},
				"down": {"uv": [0, 0, 1, 1], "rotation": 270, "texture": "#1"}
			}
		},
		{
			"name": "hexadecagon",
			"from": [8.35, 6.4, 7.91049],
			"to": [8.45, 7, 8.08951],
			"rotation": {"angle": 22.5, "axis": "y", "origin": [8, 6.5, 8]},
			"faces": {
				"east": {"uv": [0, 1, 1, 0], "rotation": 270, "texture": "#1"},
				"west": {"uv": [0, 1, 1, 0], "rotation": 270, "texture": "#1"},
				"up": {"uv": [0, 1, 1, 0], "rotation": 270, "texture": "#1"},
				"down": {"uv": [0, 1, 1, 0], "rotation": 270, "texture": "#1"}
			}
		},
		{
			"name": "hexadecagon",
			"from": [8.35, 6.4, 7.91049],
			"to": [8.45, 7, 8.08951],
			"rotation": {"angle": 0, "axis": "x", "origin": [8, 6.5, 8]},
			"faces": {
				"east": {"uv": [0, 1, 1, 0], "rotation": 270, "texture": "#1"},
				"west": {"uv": [0, 1, 1, 0], "rotation": 270, "texture": "#1"},
				"down": {"uv": [0, 1, 1, 0], "rotation": 270, "texture": "#1"}
			}
		},
		{
			"name": "hexadecagon",
			"from": [8.35, 6.4, 7.91049],
			"to": [8.45, 7, 8.08951],
			"rotation": {"angle": -22.5, "axis": "y", "origin": [8, 6.5, 8]},
			"faces": {
				"east": {"uv": [0, 1, 1, 0], "rotation": 270, "texture": "#1"},
				"west": {"uv": [0, 1, 1, 0], "rotation": 270, "texture": "#1"},
				"up": {"uv": [0, 1, 1, 0], "rotation": 270, "texture": "#1"},
				"down": {"uv": [0, 1, 1, 0], "rotation": 270, "texture": "#1"}
			}
		},
		{
			"from": [6.9446, 8.5, 7.76825],
			"to": [9.0554, 9, 8.23175],
			"rotation": {"angle": 0, "axis": "y", "origin": [7.7766, 8.5, 7.19175]},
			"faces": {
				"east": {"uv": [0, 0, 0.44567, 1], "texture": "#0"},
				"west": {"uv": [0, 0, 0.44567, 1], "texture": "#0"},
				"up": {"uv": [0, 0, 2.02961, 0.44567], "texture": "#0"},
				"down": {"uv": [0, 0, 2.02961, 0.44567], "texture": "#0"}
			}
		},
		{
			"from": [9.18932, 8.5, 7.71923],
			"to": [9.39732, 9, 8.03123],
			"rotation": {"angle": 22.5, "axis": "y", "origin": [8.56532, 8.5, 8.75923]},
			"faces": {
				"east": {"uv": [0, 0, 0.3, 1], "texture": "#0"},
				"up": {"uv": [0.2, 0.3, 0.4, 0.6], "texture": "#0"},
				"down": {"uv": [0.2, 0.3, 0.4, 0.6], "texture": "#0"}
			}
		},
		{
			"from": [9.18932, 8.5, 7.96877],
			"to": [9.39732, 9, 8.28077],
			"rotation": {"angle": -22.5, "axis": "y", "origin": [8.56532, 8.5, 7.24077]},
			"faces": {
				"east": {"uv": [0.3, 0, 0.6, 1], "texture": "#0"},
				"up": {"uv": [0.2, 0, 0.4, 0.3], "texture": "#0"},
				"down": {"uv": [0.2, 0, 0.4, 0.3], "texture": "#0"}
			}
		},
		{
			"from": [6.60268, 8.5, 7.71923],
			"to": [6.81068, 9, 8.03123],
			"rotation": {"angle": -22.5, "axis": "y", "origin": [7.43468, 8.5, 8.75923]},
			"faces": {
				"west": {"uv": [0.3, 0, 0.6, 1], "texture": "#0"},
				"up": {"uv": [0, 0.3, 0.2, 0.6], "texture": "#0"},
				"down": {"uv": [0, 0.3, 0.2, 0.6], "texture": "#0"}
			}
		},
		{
			"from": [6.60268, 8.5, 7.96877],
			"to": [6.81068, 9, 8.28077],
			"rotation": {"angle": 22.5, "axis": "y", "origin": [7.43468, 8.5, 7.24077]},
			"faces": {
				"west": {"uv": [0, 0, 0.3, 1], "texture": "#0"},
				"up": {"uv": [0, 0, 0.2, 0.3], "texture": "#0"},
				"down": {"uv": [0, 0, 0.2, 0.3], "texture": "#0"}
			}
		},
		{
			"from": [7.064, 8.5, 7.48],
			"to": [8.936, 9, 8.52],
			"rotation": {"angle": 0, "axis": "y", "origin": [7.896, 8.5, 7.48]},
			"faces": {
				"north": {"uv": [0, 0, 1.8, 1], "texture": "#0"},
				"south": {"uv": [0, 0, 1.8, 1], "texture": "#0"},
				"up": {"uv": [0, 0, 1.8, 1], "texture": "#0"},
				"down": {"uv": [0, 0, 1.8, 1], "texture": "#0"}
			}
		},
		{
			"from": [7.1, 7.5, 7.5],
			"to": [8.9, 10.3, 8.5],
			"rotation": {"angle": 0, "axis": "y", "origin": [7.9, 7.5, 7.5]},
			"faces": {
				"north": {"uv": [0, 0, 1.8, 2.8], "texture": "#0"},
				"south": {"uv": [0, 0, 1.8, 2.8], "texture": "#0"},
				"down": {"uv": [0, 0, 1.8, 1], "texture": "#0"}
			}
		},
		{
			"from": [7.3, 16.4, 7.5],
			"to": [8.7, 17.3, 8.5],
			"rotation": {"angle": 0, "axis": "y", "origin": [7.9, 7.5, 7.5]},
			"faces": {
				"north": {"uv": [0, 0, 1.4, 0.9], "texture": "#0"},
				"south": {"uv": [0, 0, 1.4, 0.9], "texture": "#0"},
				"up": {"uv": [0, 0, 1.4, 1], "texture": "#0"},
				"down": {"uv": [0, 0, 1.4, 1], "texture": "#0"}
			}
		},
		{
			"from": [6.65642, 7.5, 7.96997],
			"to": [6.85642, 17.7, 8.26997],
			"rotation": {"angle": 22.5, "axis": "y", "origin": [7.45642, 7.5, 7.26997]},
			"faces": {
				"west": {"uv": [0, 0, 0.3, 10.2], "texture": "#0"},
				"down": {"uv": [0, 0, 0.2, 0.3], "texture": "#0"}
			}
		},
		{
			"from": [6.65642, 7.5, 7.73003],
			"to": [6.85642, 17.7, 8.03003],
			"rotation": {"angle": -22.5, "axis": "y", "origin": [7.45642, 7.5, 8.73003]},
			"faces": {
				"west": {"uv": [0.3, 0, 0.6, 10.2], "texture": "#0"},
				"down": {"uv": [0, 0.3, 0.2, 0.6], "texture": "#0"}
			}
		},
		{
			"from": [9.14358, 7.5, 7.96997],
			"to": [9.34358, 17.7, 8.26997],
			"rotation": {"angle": -22.5, "axis": "y", "origin": [8.54358, 7.5, 7.26997]},
			"faces": {
				"east": {"uv": [0.3, 0, 0.6, 10.2], "texture": "#0"},
				"down": {"uv": [0.2, 0, 0.4, 0.3], "texture": "#0"}
			}
		},
		{
			"from": [9.14358, 7.5, 7.73003],
			"to": [9.34358, 17.7, 8.03003],
			"rotation": {"angle": 22.5, "axis": "y", "origin": [8.54358, 7.5, 8.73003]},
			"faces": {
				"east": {"uv": [0, 0, 0.3, 10.2], "texture": "#0"},
				"down": {"uv": [0.2, 0.3, 0.4, 0.6], "texture": "#0"}
			}
		},
		{
			"from": [6.98519, 7.5, 7.77716],
			"to": [9.01481, 10.3, 8.22284],
			"rotation": {"angle": 0, "axis": "y", "origin": [7.78519, 7.5, 7.22284]},
			"faces": {
				"east": {"uv": [0, 0, 0.44567, 2.8], "texture": "#0"},
				"west": {"uv": [0, 0, 0.44567, 2.8], "texture": "#0"},
				"down": {"uv": [0, 0, 2.02961, 0.44567], "texture": "#0"}
			}
		},
		{
			"from": [6.98519, 16.4, 7.77716],
			"to": [9.01481, 17.7, 8.22284],
			"rotation": {"angle": 0, "axis": "y", "origin": [7.78519, 7.5, 7.22284]},
			"faces": {
				"east": {"uv": [0, 0, 0.44567, 1.3], "texture": "#0"},
				"west": {"uv": [0, 0, 0.44567, 1.3], "texture": "#0"}
			}
		},
		{
			"from": [6.98519, 17.7, 7.77716],
			"to": [9.01481, 18.8, 8.22284],
			"rotation": {"angle": 0, "axis": "y", "origin": [7.78519, 8.3, 7.22284]},
			"faces": {
				"east": {"uv": [0, 0, 0.44567, 1.1], "texture": "#2"},
				"west": {"uv": [0, 0, 0.44567, 1.1], "texture": "#2"},
				"up": {"uv": [0, 0, 2.02961, 0.44567], "texture": "#2"}
			}
		},
		{
			"from": [6.65642, 17.7, 7.96997],
			"to": [6.85642, 18.8, 8.26997],
			"rotation": {"angle": 22.5, "axis": "y", "origin": [7.45642, 8.3, 7.26997]},
			"faces": {
				"west": {"uv": [0, 0, 0.3, 1.1], "texture": "#2"},
				"up": {"uv": [0, 0, 0.2, 0.3], "texture": "#2"}
			}
		},
		{
			"from": [6.65642, 17.7, 7.73003],
			"to": [6.85642, 18.8, 8.03003],
			"rotation": {"angle": -22.5, "axis": "y", "origin": [7.45642, 8.3, 8.73003]},
			"faces": {
				"west": {"uv": [0.3, 0, 0.6, 1.1], "texture": "#2"},
				"up": {"uv": [0, 0.3, 0.2, 0.6], "texture": "#2"}
			}
		},
		{
			"from": [9.14358, 17.7, 7.96997],
			"to": [9.34358, 18.8, 8.26997],
			"rotation": {"angle": -22.5, "axis": "y", "origin": [8.54358, 8.3, 7.26997]},
			"faces": {
				"east": {"uv": [0.3, 0, 0.6, 1.1], "texture": "#2"},
				"up": {"uv": [0.2, 0, 0.4, 0.3], "texture": "#2"}
			}
		},
		{
			"from": [9.14358, 17.7, 7.73003],
			"to": [9.34358, 18.8, 8.03003],
			"rotation": {"angle": 22.5, "axis": "y", "origin": [8.54358, 8.3, 8.73003]},
			"faces": {
				"east": {"uv": [0, 0, 0.3, 1.1], "texture": "#2"},
				"up": {"uv": [0.2, 0.3, 0.4, 0.6], "texture": "#2"}
			}
		},
		{
			"from": [6.9446, 9.1, 7.76825],
			"to": [9.0554, 9.6, 8.23175],
			"rotation": {"angle": 0, "axis": "y", "origin": [7.7766, 9.1, 7.19175]},
			"faces": {
				"east": {"uv": [0, 0, 0.44567, 1], "texture": "#0"},
				"west": {"uv": [0, 0, 0.44567, 1], "texture": "#0"},
				"up": {"uv": [0, 0, 2.02961, 0.44567], "texture": "#0"},
				"down": {"uv": [0, 0, 2.02961, 0.44567], "texture": "#0"}
			}
		},
		{
			"from": [9.18932, 9.1, 7.71923],
			"to": [9.39732, 9.6, 8.03123],
			"rotation": {"angle": 22.5, "axis": "y", "origin": [8.56532, 9.1, 8.75923]},
			"faces": {
				"east": {"uv": [0, 0, 0.3, 1], "texture": "#0"},
				"up": {"uv": [0.2, 0.3, 0.4, 0.6], "texture": "#0"},
				"down": {"uv": [0.2, 0.3, 0.4, 0.6], "texture": "#0"}
			}
		},
		{
			"from": [9.18932, 9.1, 7.96877],
			"to": [9.39732, 9.6, 8.28077],
			"rotation": {"angle": -22.5, "axis": "y", "origin": [8.56532, 9.1, 7.24077]},
			"faces": {
				"east": {"uv": [0.3, 0, 0.6, 1], "texture": "#0"},
				"up": {"uv": [0.2, 0, 0.4, 0.3], "texture": "#0"},
				"down": {"uv": [0.2, 0, 0.4, 0.3], "texture": "#0"}
			}
		},
		{
			"from": [6.60268, 9.1, 7.71923],
			"to": [6.81068, 9.6, 8.03123],
			"rotation": {"angle": -22.5, "axis": "y", "origin": [7.43468, 9.1, 8.75923]},
			"faces": {
				"west": {"uv": [0.3, 0, 0.6, 1], "texture": "#0"},
				"up": {"uv": [0, 0.3, 0.2, 0.6], "texture": "#0"},
				"down": {"uv": [0, 0.3, 0.2, 0.6], "texture": "#0"}
			}
		},
		{
			"from": [6.60268, 9.1, 7.96877],
			"to": [6.81068, 9.6, 8.28077],
			"rotation": {"angle": 22.5, "axis": "y", "origin": [7.43468, 9.1, 7.24077]},
			"faces": {
				"west": {"uv": [0, 0, 0.3, 1], "texture": "#0"},
				"up": {"uv": [0, 0, 0.2, 0.3], "texture": "#0"},
				"down": {"uv": [0, 0, 0.2, 0.3], "texture": "#0"}
			}
		},
		{
			"from": [7.064, 9.1, 7.48],
			"to": [8.936, 9.6, 8.52],
			"rotation": {"angle": 0, "axis": "y", "origin": [7.896, 9.1, 7.48]},
			"faces": {
				"north": {"uv": [0, 0, 1.8, 1], "texture": "#0"},
				"south": {"uv": [0, 0, 1.8, 1], "texture": "#0"},
				"up": {"uv": [0, 0, 1.8, 1], "texture": "#0"},
				"down": {"uv": [0, 0, 1.8, 1], "texture": "#0"}
			}
		},
		{
			"from": [6.9446, 9.7, 7.76825],
			"to": [9.0554, 10.2, 8.23175],
			"rotation": {"angle": 0, "axis": "y", "origin": [7.7766, 9.7, 7.19175]},
			"faces": {
				"east": {"uv": [0, 0, 0.44567, 1], "texture": "#0"},
				"west": {"uv": [0, 0, 0.44567, 1], "texture": "#0"},
				"up": {"uv": [0, 0, 2.02961, 0.44567], "texture": "#0"},
				"down": {"uv": [0, 0, 2.02961, 0.44567], "texture": "#0"}
			}
		},
		{
			"from": [9.18932, 9.7, 7.71923],
			"to": [9.39732, 10.2, 8.03123],
			"rotation": {"angle": 22.5, "axis": "y", "origin": [8.56532, 9.7, 8.75923]},
			"faces": {
				"east": {"uv": [0, 0, 0.3, 1], "texture": "#0"},
				"up": {"uv": [0.2, 0.3, 0.4, 0.6], "texture": "#0"},
				"down": {"uv": [0.2, 0.3, 0.4, 0.6], "texture": "#0"}
			}
		},
		{
			"from": [9.18932, 9.7, 7.96877],
			"to": [9.39732, 10.2, 8.28077],
			"rotation": {"angle": -22.5, "axis": "y", "origin": [8.56532, 9.7, 7.24077]},
			"faces": {
				"east": {"uv": [0.3, 0, 0.6, 1], "texture": "#0"},
				"up": {"uv": [0.2, 0, 0.4, 0.3], "texture": "#0"},
				"down": {"uv": [0.2, 0, 0.4, 0.3], "texture": "#0"}
			}
		},
		{
			"from": [6.60268, 9.7, 7.71923],
			"to": [6.81068, 10.2, 8.03123],
			"rotation": {"angle": -22.5, "axis": "y", "origin": [7.43468, 9.7, 8.75923]},
			"faces": {
				"west": {"uv": [0.3, 0, 0.6, 1], "texture": "#0"},
				"up": {"uv": [0, 0.3, 0.2, 0.6], "texture": "#0"},
				"down": {"uv": [0, 0.3, 0.2, 0.6], "texture": "#0"}
			}
		},
		{
			"from": [6.60268, 9.7, 7.96877],
			"to": [6.81068, 10.2, 8.28077],
			"rotation": {"angle": 22.5, "axis": "y", "origin": [7.43468, 9.7, 7.24077]},
			"faces": {
				"west": {"uv": [0, 0, 0.3, 1], "texture": "#0"},
				"up": {"uv": [0, 0, 0.2, 0.3], "texture": "#0"},
				"down": {"uv": [0, 0, 0.2, 0.3], "texture": "#0"}
			}
		},
		{
			"from": [7.064, 9.7, 7.48],
			"to": [8.936, 10.2, 8.52],
			"rotation": {"angle": 0, "axis": "y", "origin": [7.896, 9.7, 7.48]},
			"faces": {
				"north": {"uv": [0, 0, 1.8, 1], "texture": "#0"},
				"south": {"uv": [0, 0, 1.8, 1], "texture": "#0"},
				"up": {"uv": [0, 0, 1.8, 1], "texture": "#0"},
				"down": {"uv": [0, 0, 1.8, 1], "texture": "#0"}
			}
		},
		{
			"from": [6.9446, 10.3, 7.76825],
			"to": [7.0754, 10.8, 8.23175],
			"rotation": {"angle": 0, "axis": "y", "origin": [7.7766, 10.3, 7.19175]},
			"faces": {
				"west": {"uv": [0, 0, 0.44567, 1], "texture": "#0"},
				"up": {"uv": [0, 0, 2.02961, 0.44567], "texture": "#0"},
				"down": {"uv": [0, 0, 2.02961, 0.44567], "texture": "#0"}
			}
		},
		{
			"from": [8.9246, 10.3, 7.76825],
			"to": [9.0554, 10.8, 8.23175],
			"rotation": {"angle": 0, "axis": "y", "origin": [8.2234, 10.3, 7.19175]},
			"faces": {
				"east": {"uv": [0.44567, 0, 0, 1], "texture": "#0"},
				"up": {"uv": [2.02961, 0, 0, 0.44567], "texture": "#0"},
				"down": {"uv": [2.02961, 0, 0, 0.44567], "texture": "#0"}
			}
		},
		{
			"from": [9.18932, 10.3, 7.71923],
			"to": [9.39732, 10.8, 8.03123],
			"rotation": {"angle": 22.5, "axis": "y", "origin": [8.56532, 10.3, 8.75923]},
			"faces": {
				"east": {"uv": [0, 0, 0.3, 1], "texture": "#0"},
				"up": {"uv": [0.2, 0.3, 0.4, 0.6], "texture": "#0"},
				"down": {"uv": [0.2, 0.3, 0.4, 0.6], "texture": "#0"}
			}
		},
		{
			"from": [9.18932, 10.3, 7.96877],
			"to": [9.39732, 10.8, 8.28077],
			"rotation": {"angle": -22.5, "axis": "y", "origin": [8.56532, 10.3, 7.24077]},
			"faces": {
				"east": {"uv": [0.3, 0, 0.6, 1], "texture": "#0"},
				"up": {"uv": [0.2, 0, 0.4, 0.3], "texture": "#0"},
				"down": {"uv": [0.2, 0, 0.4, 0.3], "texture": "#0"}
			}
		},
		{
			"from": [6.60268, 10.3, 7.71923],
			"to": [6.81068, 10.8, 8.03123],
			"rotation": {"angle": -22.5, "axis": "y", "origin": [7.43468, 10.3, 8.75923]},
			"faces": {
				"west": {"uv": [0.3, 0, 0.6, 1], "texture": "#0"},
				"up": {"uv": [0, 0.3, 0.2, 0.6], "texture": "#0"},
				"down": {"uv": [0, 0.3, 0.2, 0.6], "texture": "#0"}
			}
		},
		{
			"from": [6.60268, 10.3, 7.96877],
			"to": [6.81068, 10.8, 8.28077],
			"rotation": {"angle": 22.5, "axis": "y", "origin": [7.43468, 10.3, 7.24077]},
			"faces": {
				"west": {"uv": [0, 0, 0.3, 1], "texture": "#0"},
				"up": {"uv": [0, 0, 0.2, 0.3], "texture": "#0"},
				"down": {"uv": [0, 0, 0.2, 0.3], "texture": "#0"}
			}
		},
		{
			"from": [7.064, 10.3, 7.48],
			"to": [7.336, 10.8, 8.52],
			"rotation": {"angle": 0, "axis": "y", "origin": [7.896, 10.3, 7.48]},
			"faces": {
				"north": {"uv": [0, 0, 1.8, 1], "texture": "#0"},
				"east": {"uv": [0, 0, 1, 1], "texture": "#0"},
				"south": {"uv": [0, 0, 1.8, 1], "texture": "#0"},
				"up": {"uv": [0, 0, 1.8, 1], "texture": "#0"},
				"down": {"uv": [0, 0, 1.8, 1], "texture": "#0"}
			}
		},
		{
			"from": [7.594, 10.77, 7.48],
			"to": [7.766, 11, 8.52],
			"rotation": {"angle": 45, "axis": "z", "origin": [7.896, 10.3, 7.48]},
			"faces": {
				"north": {"uv": [0, 0, 1.8, 1], "texture": "#0"},
				"east": {"uv": [0, 0, 1, 1], "texture": "#0"},
				"south": {"uv": [0, 0, 1.8, 1], "texture": "#0"}
			}
		},
		{
			"from": [8.234, 10.77, 7.48],
			"to": [8.406, 11, 8.52],
			"rotation": {"angle": -45, "axis": "z", "origin": [8.104, 10.3, 7.48]},
			"faces": {
				"north": {"uv": [1.8, 0, 0, 1], "texture": "#0"},
				"south": {"uv": [1.8, 0, 0, 1], "texture": "#0"},
				"west": {"uv": [1, 0, 0, 1], "texture": "#0"}
			}
		},
		{
			"from": [7.594, 15.98, 7.5],
			"to": [7.766, 16.23, 8.5],
			"rotation": {"angle": -45, "axis": "z", "origin": [7.896, 16.7, 7.48]},
			"faces": {
				"north": {"uv": [0, 1, 1.8, 0], "texture": "#0"},
				"east": {"uv": [0, 1, 1, 0], "texture": "#0"},
				"south": {"uv": [0, 1, 1.8, 0], "texture": "#0"}
			}
		},
		{
			"from": [8.234, 15.98, 7.5],
			"to": [8.406, 16.23, 8.5],
			"rotation": {"angle": 45, "axis": "z", "origin": [8.104, 16.7, 7.48]},
			"faces": {
				"north": {"uv": [1.8, 1, 0, 0], "texture": "#0"},
				"south": {"uv": [1.8, 1, 0, 0], "texture": "#0"},
				"west": {"uv": [1, 1, 0, 0], "texture": "#0"}
			}
		},
		{
			"from": [7.594, 17.47, 7.5],
			"to": [7.766, 17.72, 8.5],
			"rotation": {"angle": 45, "axis": "z", "origin": [7.896, 17, 7.48]},
			"faces": {
				"north": {"uv": [0, 0, 1.8, 1], "texture": "#0"},
				"east": {"uv": [0, 0, 1, 1], "texture": "#0"},
				"south": {"uv": [0, 0, 1.8, 1], "texture": "#0"}
			}
		},
		{
			"from": [8.234, 17.47, 7.5],
			"to": [8.406, 17.72, 8.5],
			"rotation": {"angle": -45, "axis": "z", "origin": [8.104, 17, 7.48]},
			"faces": {
				"north": {"uv": [1.8, 0, 0, 1], "texture": "#0"},
				"south": {"uv": [1.8, 0, 0, 1], "texture": "#0"},
				"west": {"uv": [1, 0, 0, 1], "texture": "#0"}
			}
		},
		{
			"from": [7.336, 10.3, 7.48],
			"to": [8.664, 10.55, 8.52],
			"rotation": {"angle": 0, "axis": "y", "origin": [7.896, 10.3, 7.48]},
			"faces": {
				"north": {"uv": [0, 0, 1.8, 1], "texture": "#0"},
				"south": {"uv": [0, 0, 1.8, 1], "texture": "#0"},
				"up": {"uv": [0, 0, 1.8, 1], "texture": "#0"},
				"down": {"uv": [0, 0, 1.8, 1], "texture": "#0"}
			}
		},
		{
			"from": [7.336, 10.55, 7.48],
			"to": [8.664, 10.8, 7.63],
			"rotation": {"angle": 0, "axis": "y", "origin": [7.896, 10.3, 7.48]},
			"faces": {
				"north": {"uv": [0, 0, 1.8, 1], "texture": "#0"},
				"south": {"uv": [0, 0, 1.8, 1], "texture": "#0"},
				"up": {"uv": [0, 0, 1.8, 1], "texture": "#0"}
			}
		},
		{
			"from": [7.336, 10.9, 7.48],
			"to": [8.664, 11.4, 7.63],
			"rotation": {"angle": 0, "axis": "y", "origin": [7.896, 10.3, 7.48]},
			"faces": {
				"north": {"uv": [0, 0, 1.8, 1], "texture": "#0"},
				"south": {"uv": [0, 0, 1.8, 1], "texture": "#0"},
				"up": {"uv": [0, 0, 1.8, 1], "texture": "#0"},
				"down": {"uv": [0, 0, 1.8, 1], "texture": "#0"}
			}
		},
		{
			"from": [7.336, 11.5, 7.48],
			"to": [8.664, 12, 7.63],
			"rotation": {"angle": 0, "axis": "y", "origin": [7.896, 10.3, 7.48]},
			"faces": {
				"north": {"uv": [0, 0, 1.8, 1], "texture": "#0"},
				"south": {"uv": [0, 0, 1.8, 1], "texture": "#0"},
				"up": {"uv": [0, 0, 1.8, 1], "texture": "#0"},
				"down": {"uv": [0, 0, 1.8, 1], "texture": "#0"}
			}
		},
		{
			"from": [7.336, 12.1, 7.48],
			"to": [8.664, 12.6, 7.63],
			"rotation": {"angle": 0, "axis": "y", "origin": [7.896, 10.3, 7.48]},
			"faces": {
				"north": {"uv": [0, 0, 1.8, 1], "texture": "#0"},
				"south": {"uv": [0, 0, 1.8, 1], "texture": "#0"},
				"up": {"uv": [0, 0, 1.8, 1], "texture": "#0"},
				"down": {"uv": [0, 0, 1.8, 1], "texture": "#0"}
			}
		},
		{
			"from": [7.336, 12.7, 7.48],
			"to": [8.664, 13.2, 7.63],
			"rotation": {"angle": 0, "axis": "y", "origin": [7.896, 10.3, 7.48]},
			"faces": {
				"north": {"uv": [0, 0, 1.8, 1], "texture": "#0"},
				"south": {"uv": [0, 0, 1.8, 1], "texture": "#0"},
				"up": {"uv": [0, 0, 1.8, 1], "texture": "#0"},
				"down": {"uv": [0, 0, 1.8, 1], "texture": "#0"}
			}
		},
		{
			"from": [7.336, 13.3, 7.48],
			"to": [8.664, 13.8, 7.63],
			"rotation": {"angle": 0, "axis": "y", "origin": [7.896, 10.3, 7.48]},
			"faces": {
				"north": {"uv": [0, 0, 1.8, 1], "texture": "#0"},
				"south": {"uv": [0, 0, 1.8, 1], "texture": "#0"},
				"up": {"uv": [0, 0, 1.8, 1], "texture": "#0"},
				"down": {"uv": [0, 0, 1.8, 1], "texture": "#0"}
			}
		},
		{
			"from": [7.336, 13.9, 7.48],
			"to": [8.664, 14.4, 7.63],
			"rotation": {"angle": 0, "axis": "y", "origin": [7.896, 10.3, 7.48]},
			"faces": {
				"north": {"uv": [0, 0, 1.8, 1], "texture": "#0"},
				"south": {"uv": [0, 0, 1.8, 1], "texture": "#0"},
				"up": {"uv": [0, 0, 1.8, 1], "texture": "#0"},
				"down": {"uv": [0, 0, 1.8, 1], "texture": "#0"}
			}
		},
		{
			"from": [8.664, 10.3, 7.48],
			"to": [8.936, 10.8, 8.52],
			"rotation": {"angle": 0, "axis": "y", "origin": [8.104, 10.3, 7.48]},
			"faces": {
				"north": {"uv": [1.8, 0, 0, 1], "texture": "#0"},
				"south": {"uv": [1.8, 0, 0, 1], "texture": "#0"},
				"west": {"uv": [1, 0, 0, 1], "texture": "#0"},
				"up": {"uv": [1.8, 0, 0, 1], "texture": "#0"},
				"down": {"uv": [1.8, 0, 0, 1], "texture": "#0"}
			}
		},
		{
			"from": [6.9446, 10.9, 7.76825],
			"to": [7.0754, 11.4, 8.23175],
			"rotation": {"angle": 0, "axis": "y", "origin": [7.7766, 10.9, 7.19175]},
			"faces": {
				"west": {"uv": [0, 0, 0.44567, 1], "texture": "#0"},
				"up": {"uv": [0, 0, 2.02961, 0.44567], "texture": "#0"},
				"down": {"uv": [0, 0, 2.02961, 0.44567], "texture": "#0"}
			}
		},
		{
			"from": [8.9246, 10.9, 7.76825],
			"to": [9.0554, 11.4, 8.23175],
			"rotation": {"angle": 0, "axis": "y", "origin": [8.2234, 10.9, 7.19175]},
			"faces": {
				"east": {"uv": [0.44567, 0, 0, 1], "texture": "#0"},
				"up": {"uv": [2.02961, 0, 0, 0.44567], "texture": "#0"},
				"down": {"uv": [2.02961, 0, 0, 0.44567], "texture": "#0"}
			}
		},
		{
			"from": [9.18932, 10.9, 7.71923],
			"to": [9.39732, 11.4, 8.03123],
			"rotation": {"angle": 22.5, "axis": "y", "origin": [8.56532, 10.9, 8.75923]},
			"faces": {
				"east": {"uv": [0, 0, 0.3, 1], "texture": "#0"},
				"up": {"uv": [0.2, 0.3, 0.4, 0.6], "texture": "#0"},
				"down": {"uv": [0.2, 0.3, 0.4, 0.6], "texture": "#0"}
			}
		},
		{
			"from": [9.18932, 10.9, 7.96877],
			"to": [9.39732, 11.4, 8.28077],
			"rotation": {"angle": -22.5, "axis": "y", "origin": [8.56532, 10.9, 7.24077]},
			"faces": {
				"east": {"uv": [0.3, 0, 0.6, 1], "texture": "#0"},
				"up": {"uv": [0.2, 0, 0.4, 0.3], "texture": "#0"},
				"down": {"uv": [0.2, 0, 0.4, 0.3], "texture": "#0"}
			}
		},
		{
			"from": [6.60268, 10.9, 7.71923],
			"to": [6.81068, 11.4, 8.03123],
			"rotation": {"angle": -22.5, "axis": "y", "origin": [7.43468, 10.9, 8.75923]},
			"faces": {
				"west": {"uv": [0.3, 0, 0.6, 1], "texture": "#0"},
				"up": {"uv": [0, 0.3, 0.2, 0.6], "texture": "#0"},
				"down": {"uv": [0, 0.3, 0.2, 0.6], "texture": "#0"}
			}
		},
		{
			"from": [6.60268, 10.9, 7.96877],
			"to": [6.81068, 11.4, 8.28077],
			"rotation": {"angle": 22.5, "axis": "y", "origin": [7.43468, 10.9, 7.24077]},
			"faces": {
				"west": {"uv": [0, 0, 0.3, 1], "texture": "#0"},
				"up": {"uv": [0, 0, 0.2, 0.3], "texture": "#0"},
				"down": {"uv": [0, 0, 0.2, 0.3], "texture": "#0"}
			}
		},
		{
			"from": [7.064, 10.9, 7.48],
			"to": [7.336, 11.4, 8.52],
			"rotation": {"angle": 0, "axis": "y", "origin": [7.896, 10.9, 7.48]},
			"faces": {
				"north": {"uv": [0, 0, 1.8, 1], "texture": "#0"},
				"east": {"uv": [0, 0, 1, 1], "texture": "#0"},
				"south": {"uv": [0, 0, 1.8, 1], "texture": "#0"},
				"up": {"uv": [0, 0, 1.8, 1], "texture": "#0"},
				"down": {"uv": [0, 0, 1.8, 1], "texture": "#0"}
			}
		},
		{
			"from": [8.664, 10.9, 7.48],
			"to": [8.936, 11.4, 8.52],
			"rotation": {"angle": 0, "axis": "y", "origin": [8.104, 10.9, 7.48]},
			"faces": {
				"north": {"uv": [1.8, 0, 0, 1], "texture": "#0"},
				"south": {"uv": [1.8, 0, 0, 1], "texture": "#0"},
				"west": {"uv": [1, 0, 0, 1], "texture": "#0"},
				"up": {"uv": [1.8, 0, 0, 1], "texture": "#0"},
				"down": {"uv": [1.8, 0, 0, 1], "texture": "#0"}
			}
		},
		{
			"from": [6.9446, 11.5, 7.76825],
			"to": [7.0754, 12, 8.23175],
			"rotation": {"angle": 0, "axis": "y", "origin": [7.7766, 11.5, 7.19175]},
			"faces": {
				"west": {"uv": [0, 0, 0.44567, 1], "texture": "#0"},
				"up": {"uv": [0, 0, 2.02961, 0.44567], "texture": "#0"},
				"down": {"uv": [0, 0, 2.02961, 0.44567], "texture": "#0"}
			}
		},
		{
			"from": [8.9246, 11.5, 7.76825],
			"to": [9.0554, 12, 8.23175],
			"rotation": {"angle": 0, "axis": "y", "origin": [8.2234, 11.5, 7.19175]},
			"faces": {
				"east": {"uv": [0.44567, 0, 0, 1], "texture": "#0"},
				"up": {"uv": [2.02961, 0, 0, 0.44567], "texture": "#0"},
				"down": {"uv": [2.02961, 0, 0, 0.44567], "texture": "#0"}
			}
		},
		{
			"from": [9.18932, 11.5, 7.71923],
			"to": [9.39732, 12, 8.03123],
			"rotation": {"angle": 22.5, "axis": "y", "origin": [8.56532, 11.5, 8.75923]},
			"faces": {
				"east": {"uv": [0, 0, 0.3, 1], "texture": "#0"},
				"up": {"uv": [0.2, 0.3, 0.4, 0.6], "texture": "#0"},
				"down": {"uv": [0.2, 0.3, 0.4, 0.6], "texture": "#0"}
			}
		},
		{
			"from": [9.18932, 11.5, 7.96877],
			"to": [9.39732, 12, 8.28077],
			"rotation": {"angle": -22.5, "axis": "y", "origin": [8.56532, 11.5, 7.24077]},
			"faces": {
				"east": {"uv": [0.3, 0, 0.6, 1], "texture": "#0"},
				"up": {"uv": [0.2, 0, 0.4, 0.3], "texture": "#0"},
				"down": {"uv": [0.2, 0, 0.4, 0.3], "texture": "#0"}
			}
		},
		{
			"from": [6.60268, 11.5, 7.71923],
			"to": [6.81068, 12, 8.03123],
			"rotation": {"angle": -22.5, "axis": "y", "origin": [7.43468, 11.5, 8.75923]},
			"faces": {
				"west": {"uv": [0.3, 0, 0.6, 1], "texture": "#0"},
				"up": {"uv": [0, 0.3, 0.2, 0.6], "texture": "#0"},
				"down": {"uv": [0, 0.3, 0.2, 0.6], "texture": "#0"}
			}
		},
		{
			"from": [6.60268, 11.5, 7.96877],
			"to": [6.81068, 12, 8.28077],
			"rotation": {"angle": 22.5, "axis": "y", "origin": [7.43468, 11.5, 7.24077]},
			"faces": {
				"west": {"uv": [0, 0, 0.3, 1], "texture": "#0"},
				"up": {"uv": [0, 0, 0.2, 0.3], "texture": "#0"},
				"down": {"uv": [0, 0, 0.2, 0.3], "texture": "#0"}
			}
		},
		{
			"from": [7.064, 11.5, 7.48],
			"to": [7.336, 12, 8.52],
			"rotation": {"angle": 0, "axis": "y", "origin": [7.896, 11.5, 7.48]},
			"faces": {
				"north": {"uv": [0, 0, 1.8, 1], "texture": "#0"},
				"east": {"uv": [0, 0, 1, 1], "texture": "#0"},
				"south": {"uv": [0, 0, 1.8, 1], "texture": "#0"},
				"up": {"uv": [0, 0, 1.8, 1], "texture": "#0"},
				"down": {"uv": [0, 0, 1.8, 1], "texture": "#0"}
			}
		},
		{
			"from": [8.664, 11.5, 7.48],
			"to": [8.936, 12, 8.52],
			"rotation": {"angle": 0, "axis": "y", "origin": [8.104, 11.5, 7.48]},
			"faces": {
				"north": {"uv": [1.8, 0, 0, 1], "texture": "#0"},
				"south": {"uv": [1.8, 0, 0, 1], "texture": "#0"},
				"west": {"uv": [1, 0, 0, 1], "texture": "#0"},
				"up": {"uv": [1.8, 0, 0, 1], "texture": "#0"},
				"down": {"uv": [1.8, 0, 0, 1], "texture": "#0"}
			}
		},
		{
			"from": [6.9446, 12.1, 7.76825],
			"to": [7.0754, 12.6, 8.23175],
			"rotation": {"angle": 0, "axis": "y", "origin": [7.7766, 12.1, 7.19175]},
			"faces": {
				"west": {"uv": [0, 0, 0.44567, 1], "texture": "#0"},
				"up": {"uv": [0, 0, 2.02961, 0.44567], "texture": "#0"},
				"down": {"uv": [0, 0, 2.02961, 0.44567], "texture": "#0"}
			}
		},
		{
			"from": [8.9246, 12.1, 7.76825],
			"to": [9.0554, 12.6, 8.23175],
			"rotation": {"angle": 0, "axis": "y", "origin": [8.2234, 12.1, 7.19175]},
			"faces": {
				"east": {"uv": [0.44567, 0, 0, 1], "texture": "#0"},
				"up": {"uv": [2.02961, 0, 0, 0.44567], "texture": "#0"},
				"down": {"uv": [2.02961, 0, 0, 0.44567], "texture": "#0"}
			}
		},
		{
			"from": [9.18932, 12.1, 7.71923],
			"to": [9.39732, 12.6, 8.03123],
			"rotation": {"angle": 22.5, "axis": "y", "origin": [8.56532, 12.1, 8.75923]},
			"faces": {
				"east": {"uv": [0, 0, 0.3, 1], "texture": "#0"},
				"up": {"uv": [0.2, 0.3, 0.4, 0.6], "texture": "#0"},
				"down": {"uv": [0.2, 0.3, 0.4, 0.6], "texture": "#0"}
			}
		},
		{
			"from": [9.18932, 12.1, 7.96877],
			"to": [9.39732, 12.6, 8.28077],
			"rotation": {"angle": -22.5, "axis": "y", "origin": [8.56532, 12.1, 7.24077]},
			"faces": {
				"east": {"uv": [0.3, 0, 0.6, 1], "texture": "#0"},
				"up": {"uv": [0.2, 0, 0.4, 0.3], "texture": "#0"},
				"down": {"uv": [0.2, 0, 0.4, 0.3], "texture": "#0"}
			}
		},
		{
			"from": [6.60268, 12.1, 7.71923],
			"to": [6.81068, 12.6, 8.03123],
			"rotation": {"angle": -22.5, "axis": "y", "origin": [7.43468, 12.1, 8.75923]},
			"faces": {
				"west": {"uv": [0.3, 0, 0.6, 1], "texture": "#0"},
				"up": {"uv": [0, 0.3, 0.2, 0.6], "texture": "#0"},
				"down": {"uv": [0, 0.3, 0.2, 0.6], "texture": "#0"}
			}
		},
		{
			"from": [6.60268, 12.1, 7.96877],
			"to": [6.81068, 12.6, 8.28077],
			"rotation": {"angle": 22.5, "axis": "y", "origin": [7.43468, 12.1, 7.24077]},
			"faces": {
				"west": {"uv": [0, 0, 0.3, 1], "texture": "#0"},
				"up": {"uv": [0, 0, 0.2, 0.3], "texture": "#0"},
				"down": {"uv": [0, 0, 0.2, 0.3], "texture": "#0"}
			}
		},
		{
			"from": [7.064, 12.1, 7.48],
			"to": [7.336, 12.6, 8.52],
			"rotation": {"angle": 0, "axis": "y", "origin": [7.896, 12.1, 7.48]},
			"faces": {
				"north": {"uv": [0, 0, 1.8, 1], "texture": "#0"},
				"east": {"uv": [0, 0, 1, 1], "texture": "#0"},
				"south": {"uv": [0, 0, 1.8, 1], "texture": "#0"},
				"up": {"uv": [0, 0, 1.8, 1], "texture": "#0"},
				"down": {"uv": [0, 0, 1.8, 1], "texture": "#0"}
			}
		},
		{
			"from": [8.664, 12.1, 7.48],
			"to": [8.936, 12.6, 8.52],
			"rotation": {"angle": 0, "axis": "y", "origin": [8.104, 12.1, 7.48]},
			"faces": {
				"north": {"uv": [1.8, 0, 0, 1], "texture": "#0"},
				"south": {"uv": [1.8, 0, 0, 1], "texture": "#0"},
				"west": {"uv": [1, 0, 0, 1], "texture": "#0"},
				"up": {"uv": [1.8, 0, 0, 1], "texture": "#0"},
				"down": {"uv": [1.8, 0, 0, 1], "texture": "#0"}
			}
		},
		{
			"from": [6.9446, 12.7, 7.76825],
			"to": [7.0754, 13.2, 8.23175],
			"rotation": {"angle": 0, "axis": "y", "origin": [7.7766, 12.7, 7.19175]},
			"faces": {
				"west": {"uv": [0, 0, 0.44567, 1], "texture": "#0"},
				"up": {"uv": [0, 0, 2.02961, 0.44567], "texture": "#0"},
				"down": {"uv": [0, 0, 2.02961, 0.44567], "texture": "#0"}
			}
		},
		{
			"from": [8.9246, 12.7, 7.76825],
			"to": [9.0554, 13.2, 8.23175],
			"rotation": {"angle": 0, "axis": "y", "origin": [8.2234, 12.7, 7.19175]},
			"faces": {
				"east": {"uv": [0.44567, 0, 0, 1], "texture": "#0"},
				"up": {"uv": [2.02961, 0, 0, 0.44567], "texture": "#0"},
				"down": {"uv": [2.02961, 0, 0, 0.44567], "texture": "#0"}
			}
		},
		{
			"from": [9.18932, 12.7, 7.71923],
			"to": [9.39732, 13.2, 8.03123],
			"rotation": {"angle": 22.5, "axis": "y", "origin": [8.56532, 12.7, 8.75923]},
			"faces": {
				"east": {"uv": [0, 0, 0.3, 1], "texture": "#0"},
				"up": {"uv": [0.2, 0.3, 0.4, 0.6], "texture": "#0"},
				"down": {"uv": [0.2, 0.3, 0.4, 0.6], "texture": "#0"}
			}
		},
		{
			"from": [9.18932, 12.7, 7.96877],
			"to": [9.39732, 13.2, 8.28077],
			"rotation": {"angle": -22.5, "axis": "y", "origin": [8.56532, 12.7, 7.24077]},
			"faces": {
				"east": {"uv": [0.3, 0, 0.6, 1], "texture": "#0"},
				"up": {"uv": [0.2, 0, 0.4, 0.3], "texture": "#0"},
				"down": {"uv": [0.2, 0, 0.4, 0.3], "texture": "#0"}
			}
		},
		{
			"from": [6.60268, 12.7, 7.71923],
			"to": [6.81068, 13.2, 8.03123],
			"rotation": {"angle": -22.5, "axis": "y", "origin": [7.43468, 12.7, 8.75923]},
			"faces": {
				"west": {"uv": [0.3, 0, 0.6, 1], "texture": "#0"},
				"up": {"uv": [0, 0.3, 0.2, 0.6], "texture": "#0"},
				"down": {"uv": [0, 0.3, 0.2, 0.6], "texture": "#0"}
			}
		},
		{
			"from": [6.60268, 12.7, 7.96877],
			"to": [6.81068, 13.2, 8.28077],
			"rotation": {"angle": 22.5, "axis": "y", "origin": [7.43468, 12.7, 7.24077]},
			"faces": {
				"west": {"uv": [0, 0, 0.3, 1], "texture": "#0"},
				"up": {"uv": [0, 0, 0.2, 0.3], "texture": "#0"},
				"down": {"uv": [0, 0, 0.2, 0.3], "texture": "#0"}
			}
		},
		{
			"from": [7.064, 12.7, 7.48],
			"to": [7.336, 13.2, 8.52],
			"rotation": {"angle": 0, "axis": "y", "origin": [7.896, 12.7, 7.48]},
			"faces": {
				"north": {"uv": [0, 0, 1.8, 1], "texture": "#0"},
				"east": {"uv": [0, 0, 1, 1], "texture": "#0"},
				"south": {"uv": [0, 0, 1.8, 1], "texture": "#0"},
				"up": {"uv": [0, 0, 1.8, 1], "texture": "#0"},
				"down": {"uv": [0, 0, 1.8, 1], "texture": "#0"}
			}
		},
		{
			"from": [8.664, 12.7, 7.48],
			"to": [8.936, 13.2, 8.52],
			"rotation": {"angle": 0, "axis": "y", "origin": [8.104, 12.7, 7.48]},
			"faces": {
				"north": {"uv": [1.8, 0, 0, 1], "texture": "#0"},
				"south": {"uv": [1.8, 0, 0, 1], "texture": "#0"},
				"west": {"uv": [1, 0, 0, 1], "texture": "#0"},
				"up": {"uv": [1.8, 0, 0, 1], "texture": "#0"},
				"down": {"uv": [1.8, 0, 0, 1], "texture": "#0"}
			}
		},
		{
			"from": [6.9446, 13.3, 7.76825],
			"to": [7.0754, 13.8, 8.23175],
			"rotation": {"angle": 0, "axis": "y", "origin": [7.7766, 13.3, 7.19175]},
			"faces": {
				"west": {"uv": [0, 0, 0.44567, 1], "texture": "#0"},
				"up": {"uv": [0, 0, 2.02961, 0.44567], "texture": "#0"},
				"down": {"uv": [0, 0, 2.02961, 0.44567], "texture": "#0"}
			}
		},
		{
			"from": [8.9246, 13.3, 7.76825],
			"to": [9.0554, 13.8, 8.23175],
			"rotation": {"angle": 0, "axis": "y", "origin": [8.2234, 13.3, 7.19175]},
			"faces": {
				"east": {"uv": [0.44567, 0, 0, 1], "texture": "#0"},
				"up": {"uv": [2.02961, 0, 0, 0.44567], "texture": "#0"},
				"down": {"uv": [2.02961, 0, 0, 0.44567], "texture": "#0"}
			}
		},
		{
			"from": [9.18932, 13.3, 7.71923],
			"to": [9.39732, 13.8, 8.03123],
			"rotation": {"angle": 22.5, "axis": "y", "origin": [8.56532, 13.3, 8.75923]},
			"faces": {
				"east": {"uv": [0, 0, 0.3, 1], "texture": "#0"},
				"up": {"uv": [0.2, 0.3, 0.4, 0.6], "texture": "#0"},
				"down": {"uv": [0.2, 0.3, 0.4, 0.6], "texture": "#0"}
			}
		},
		{
			"from": [9.18932, 13.3, 7.96877],
			"to": [9.39732, 13.8, 8.28077],
			"rotation": {"angle": -22.5, "axis": "y", "origin": [8.56532, 13.3, 7.24077]},
			"faces": {
				"east": {"uv": [0.3, 0, 0.6, 1], "texture": "#0"},
				"up": {"uv": [0.2, 0, 0.4, 0.3], "texture": "#0"},
				"down": {"uv": [0.2, 0, 0.4, 0.3], "texture": "#0"}
			}
		},
		{
			"from": [6.60268, 13.3, 7.71923],
			"to": [6.81068, 13.8, 8.03123],
			"rotation": {"angle": -22.5, "axis": "y", "origin": [7.43468, 13.3, 8.75923]},
			"faces": {
				"west": {"uv": [0.3, 0, 0.6, 1], "texture": "#0"},
				"up": {"uv": [0, 0.3, 0.2, 0.6], "texture": "#0"},
				"down": {"uv": [0, 0.3, 0.2, 0.6], "texture": "#0"}
			}
		},
		{
			"from": [6.60268, 13.3, 7.96877],
			"to": [6.81068, 13.8, 8.28077],
			"rotation": {"angle": 22.5, "axis": "y", "origin": [7.43468, 13.3, 7.24077]},
			"faces": {
				"west": {"uv": [0, 0, 0.3, 1], "texture": "#0"},
				"up": {"uv": [0, 0, 0.2, 0.3], "texture": "#0"},
				"down": {"uv": [0, 0, 0.2, 0.3], "texture": "#0"}
			}
		},
		{
			"from": [7.064, 13.3, 7.48],
			"to": [7.336, 13.8, 8.52],
			"rotation": {"angle": 0, "axis": "y", "origin": [7.896, 13.3, 7.48]},
			"faces": {
				"north": {"uv": [0, 0, 1.8, 1], "texture": "#0"},
				"east": {"uv": [0, 0, 1, 1], "texture": "#0"},
				"south": {"uv": [0, 0, 1.8, 1], "texture": "#0"},
				"up": {"uv": [0, 0, 1.8, 1], "texture": "#0"},
				"down": {"uv": [0, 0, 1.8, 1], "texture": "#0"}
			}
		},
		{
			"from": [8.664, 13.3, 7.48],
			"to": [8.936, 13.8, 8.52],
			"rotation": {"angle": 0, "axis": "y", "origin": [8.104, 13.3, 7.48]},
			"faces": {
				"north": {"uv": [1.8, 0, 0, 1], "texture": "#0"},
				"south": {"uv": [1.8, 0, 0, 1], "texture": "#0"},
				"west": {"uv": [1, 0, 0, 1], "texture": "#0"},
				"up": {"uv": [1.8, 0, 0, 1], "texture": "#0"},
				"down": {"uv": [1.8, 0, 0, 1], "texture": "#0"}
			}
		},
		{
			"from": [6.9446, 13.9, 7.76825],
			"to": [7.0754, 14.4, 8.23175],
			"rotation": {"angle": 0, "axis": "y", "origin": [7.7766, 13.9, 7.19175]},
			"faces": {
				"west": {"uv": [0, 0, 0.44567, 1], "texture": "#0"},
				"up": {"uv": [0, 0, 2.02961, 0.44567], "texture": "#0"},
				"down": {"uv": [0, 0, 2.02961, 0.44567], "texture": "#0"}
			}
		},
		{
			"from": [8.9246, 13.9, 7.76825],
			"to": [9.0554, 14.4, 8.23175],
			"rotation": {"angle": 0, "axis": "y", "origin": [8.2234, 13.9, 7.19175]},
			"faces": {
				"east": {"uv": [0.44567, 0, 0, 1], "texture": "#0"},
				"up": {"uv": [2.02961, 0, 0, 0.44567], "texture": "#0"},
				"down": {"uv": [2.02961, 0, 0, 0.44567], "texture": "#0"}
			}
		},
		{
			"from": [9.18932, 13.9, 7.71923],
			"to": [9.39732, 14.4, 8.03123],
			"rotation": {"angle": 22.5, "axis": "y", "origin": [8.56532, 13.9, 8.75923]},
			"faces": {
				"east": {"uv": [0, 0, 0.3, 1], "texture": "#0"},
				"up": {"uv": [0.2, 0.3, 0.4, 0.6], "texture": "#0"},
				"down": {"uv": [0.2, 0.3, 0.4, 0.6], "texture": "#0"}
			}
		},
		{
			"from": [9.18932, 13.9, 7.96877],
			"to": [9.39732, 14.4, 8.28077],
			"rotation": {"angle": -22.5, "axis": "y", "origin": [8.56532, 13.9, 7.24077]},
			"faces": {
				"east": {"uv": [0.3, 0, 0.6, 1], "texture": "#0"},
				"up": {"uv": [0.2, 0, 0.4, 0.3], "texture": "#0"},
				"down": {"uv": [0.2, 0, 0.4, 0.3], "texture": "#0"}
			}
		},
		{
			"from": [6.60268, 13.9, 7.71923],
			"to": [6.81068, 14.4, 8.03123],
			"rotation": {"angle": -22.5, "axis": "y", "origin": [7.43468, 13.9, 8.75923]},
			"faces": {
				"west": {"uv": [0.3, 0, 0.6, 1], "texture": "#0"},
				"up": {"uv": [0, 0.3, 0.2, 0.6], "texture": "#0"},
				"down": {"uv": [0, 0.3, 0.2, 0.6], "texture": "#0"}
			}
		},
		{
			"from": [6.60268, 13.9, 7.96877],
			"to": [6.81068, 14.4, 8.28077],
			"rotation": {"angle": 22.5, "axis": "y", "origin": [7.43468, 13.9, 7.24077]},
			"faces": {
				"west": {"uv": [0, 0, 0.3, 1], "texture": "#0"},
				"up": {"uv": [0, 0, 0.2, 0.3], "texture": "#0"},
				"down": {"uv": [0, 0, 0.2, 0.3], "texture": "#0"}
			}
		},
		{
			"from": [7.064, 13.9, 7.48],
			"to": [7.336, 14.4, 8.52],
			"rotation": {"angle": 0, "axis": "y", "origin": [7.896, 13.9, 7.48]},
			"faces": {
				"north": {"uv": [0, 0, 1.8, 1], "texture": "#0"},
				"east": {"uv": [0, 0, 1, 1], "texture": "#0"},
				"south": {"uv": [0, 0, 1.8, 1], "texture": "#0"},
				"up": {"uv": [0, 0, 1.8, 1], "texture": "#0"},
				"down": {"uv": [0, 0, 1.8, 1], "texture": "#0"}
			}
		},
		{
			"from": [8.664, 13.9, 7.48],
			"to": [8.936, 14.4, 8.52],
			"rotation": {"angle": 0, "axis": "y", "origin": [8.104, 13.9, 7.48]},
			"faces": {
				"north": {"uv": [1.8, 0, 0, 1], "texture": "#0"},
				"south": {"uv": [1.8, 0, 0, 1], "texture": "#0"},
				"west": {"uv": [1, 0, 0, 1], "texture": "#0"},
				"up": {"uv": [1.8, 0, 0, 1], "texture": "#0"},
				"down": {"uv": [1.8, 0, 0, 1], "texture": "#0"}
			}
		},
		{
			"from": [7.1, 10.5, 7.5],
			"to": [7.3, 17.7, 8.5],
			"rotation": {"angle": 0, "axis": "y", "origin": [7.9, 7.5, 7.5]},
			"faces": {
				"north": {"uv": [0, 0, 0.2, 7.2], "texture": "#0"},
				"east": {"uv": [0, 0, 1, 7.2], "texture": "#0"},
				"south": {"uv": [0, 0, 0.2, 7.2], "texture": "#0"}
			}
		},
		{
			"from": [8.7, 10.5, 7.5],
			"to": [8.9, 17.7, 8.5],
			"rotation": {"angle": 0, "axis": "y", "origin": [8.1, 7.5, 7.5]},
			"faces": {
				"north": {"uv": [0.2, 0, 0.4, 7.2], "texture": "#0"},
				"south": {"uv": [0.2, 0, 0.4, 7.2], "texture": "#0"},
				"west": {"uv": [1, 0, 2, 7.2], "texture": "#0"}
			}
		},
		{
			"from": [7.3, 10.5, 7.5],
			"to": [8.7, 16.4, 7.58],
			"rotation": {"angle": 0, "axis": "y", "origin": [8.1, 7.5, 7.5]},
			"faces": {
				"north": {"uv": [0.2, 0, 1.6, 5.9], "texture": "#0"},
				"south": {"uv": [0.2, 0, 1.6, 5.9], "texture": "#0"}
			}
		},
		{
			"from": [8.7, 17.7, 7.5],
			"to": [8.9, 18.8, 8.5],
			"rotation": {"angle": 0, "axis": "y", "origin": [8.1, 8.3, 7.5]},
			"faces": {
				"north": {"uv": [0.2, 0, 0.4, 1.1], "texture": "#2"},
				"south": {"uv": [0.2, 0, 0.4, 1.1], "texture": "#2"},
				"west": {"uv": [1, 0, 2, 1.1], "texture": "#2"},
				"up": {"uv": [0.2, 0, 0.4, 1], "texture": "#2"}
			}
		},
		{
			"from": [7.1, 17.7, 7.5],
			"to": [7.3, 18.8, 8.5],
			"rotation": {"angle": 0, "axis": "y", "origin": [7.9, 8.3, 7.5]},
			"faces": {
				"north": {"uv": [0, 0, 0.2, 1.1], "texture": "#2"},
				"east": {"uv": [0, 0, 1, 1.1], "texture": "#2"},
				"south": {"uv": [0, 0, 0.2, 1.1], "texture": "#2"},
				"up": {"uv": [0, 0, 0.2, 1], "texture": "#2"}
			}
		},
		{
			"from": [7.29, 17.29, 7.54],
			"to": [8.71, 18.81, 8.46],
			"rotation": {"angle": 0, "axis": "y", "origin": [7.9, 8.3, 7.55]},
			"faces": {
				"north": {"uv": [11, 5, 12.4, 6.5], "texture": "#2"},
				"south": {"uv": [10, 3, 11.4, 4.5], "texture": "#2"},
				"up": {"uv": [12, 2, 13.4, 2.9], "texture": "#2"}
			}
		},
		{
			"from": [6.98519, 10.5, 7.77716],
			"to": [7.21481, 16.4, 8.22284],
			"rotation": {"angle": 0, "axis": "y", "origin": [7.78519, 7.5, 7.22284]},
			"faces": {
				"west": {"uv": [0, 0, 0.44567, 5.9], "texture": "#0"}
			}
		},
		{
			"from": [8.78519, 10.5, 7.77716],
			"to": [9.01481, 16.4, 8.22284],
			"rotation": {"angle": 0, "axis": "y", "origin": [8.21481, 7.5, 7.22284]},
			"faces": {
				"east": {"uv": [0.44567, 0, 0.89134, 5.9], "texture": "#0"}
			}
		},
		{
			"name": "octagon",
			"from": [7.82479, 10.5, 7.577],
			"to": [8.17521, 13.3, 8.423],
			"rotation": {"angle": 22.5, "axis": "y", "origin": [8, 11, 8]},
			"faces": {
				"north": {"uv": [0, 0, 15, 14], "rotation": 90, "texture": "#3"},
				"south": {"uv": [0, 0, 15, 14], "rotation": 270, "texture": "#3"},
				"down": {"uv": [0, 0, 15, 14], "rotation": 270, "texture": "#3"}
			}
		},
		{
			"name": "octagon",
			"from": [7.82479, 10.5, 7.577],
			"to": [8.17521, 13.3, 8.423],
			"rotation": {"angle": -22.5, "axis": "y", "origin": [8, 11, 8]},
			"faces": {
				"north": {"uv": [0, 0, 15, 14], "rotation": 90, "texture": "#3"},
				"south": {"uv": [0, 0, 15, 14], "rotation": 270, "texture": "#3"},
				"down": {"uv": [0, 0, 15, 14], "rotation": 270, "texture": "#3"}
			}
		},
		{
			"name": "octagon",
			"from": [7.577, 10.5, 7.82479],
			"to": [8.423, 13.3, 8.17521],
			"rotation": {"angle": 22.5, "axis": "y", "origin": [8, 11, 8]},
			"faces": {
				"east": {"uv": [0, 0, 15, 14], "rotation": 270, "texture": "#3"},
				"west": {"uv": [0, 0, 15, 14], "rotation": 270, "texture": "#3"},
				"down": {"uv": [0, 0, 15, 14], "rotation": 270, "texture": "#3"}
			}
		},
		{
			"name": "octagon",
			"from": [7.577, 10.5, 7.82479],
			"to": [8.423, 13.3, 8.17521],
			"rotation": {"angle": -22.5, "axis": "y", "origin": [8, 11, 8]},
			"faces": {
				"east": {"uv": [0, 0, 15, 14], "rotation": 270, "texture": "#3"},
				"west": {"uv": [0, 0, 15, 14], "rotation": 270, "texture": "#3"},
				"down": {"uv": [0, 0, 15, 14], "rotation": 270, "texture": "#3"}
			}
		},
		{
			"name": "octagon",
			"from": [7.82479, 13.3, 7.577],
			"to": [8.17521, 13.7, 8.423],
			"rotation": {"angle": 22.5, "axis": "y", "origin": [8, 11, 8]},
			"faces": {
				"north": {"uv": [0, 0, 1, 1], "rotation": 90, "texture": "#4"},
				"south": {"uv": [0, 0, 1, 1], "rotation": 270, "texture": "#4"}
			}
		},
		{
			"name": "octagon",
			"from": [7.82479, 13.3, 7.577],
			"to": [8.17521, 13.7, 8.423],
			"rotation": {"angle": -22.5, "axis": "y", "origin": [8, 11, 8]},
			"faces": {
				"north": {"uv": [0, 0, 1, 1], "rotation": 90, "texture": "#4"},
				"south": {"uv": [0, 0, 1, 1], "rotation": 270, "texture": "#4"}
			}
		},
		{
			"name": "octagon",
			"from": [7.577, 13.3, 7.82479],
			"to": [8.423, 13.7, 8.17521],
			"rotation": {"angle": 22.5, "axis": "y", "origin": [8, 11, 8]},
			"faces": {
				"east": {"uv": [0, 0, 1, 1], "rotation": 270, "texture": "#4"},
				"west": {"uv": [0, 0, 1, 1], "rotation": 270, "texture": "#4"}
			}
		},
		{
			"name": "octagon",
			"from": [7.577, 13.3, 7.82479],
			"to": [8.423, 13.7, 8.17521],
			"rotation": {"angle": -22.5, "axis": "y", "origin": [8, 11, 8]},
			"faces": {
				"east": {"uv": [0, 0, 1, 1], "rotation": 270, "texture": "#4"},
				"west": {"uv": [0, 0, 1, 1], "rotation": 270, "texture": "#4"}
			}
		},
		{
			"name": "octagon",
			"from": [7.81137, 13.7, 7.5446],
			"to": [8.18863, 14.5, 8.4554],
			"rotation": {"angle": 22.5, "axis": "y", "origin": [8, 11.4, 8]},
			"faces": {
				"north": {"uv": [0, 0, 1, 1], "rotation": 90, "texture": "#4"},
				"south": {"uv": [0, 0, 1, 1], "rotation": 270, "texture": "#4"},
				"up": {"uv": [0, 0, 1, 1], "rotation": 270, "texture": "#4"},
				"down": {"uv": [0, 0, 1, 1], "rotation": 270, "texture": "#4"}
			}
		},
		{
			"name": "octagon",
			"from": [7.81137, 13.7, 7.5446],
			"to": [8.18863, 14.5, 8.4554],
			"rotation": {"angle": -22.5, "axis": "y", "origin": [8, 11.4, 8]},
			"faces": {
				"north": {"uv": [0, 0, 1, 1], "rotation": 90, "texture": "#4"},
				"south": {"uv": [0, 0, 1, 1], "rotation": 270, "texture": "#4"},
				"up": {"uv": [0, 0, 1, 1], "rotation": 270, "texture": "#4"},
				"down": {"uv": [0, 0, 1, 1], "rotation": 270, "texture": "#4"}
			}
		},
		{
			"name": "octagon",
			"from": [7.5446, 13.7, 7.81137],
			"to": [8.4554, 14.5, 8.18863],
			"rotation": {"angle": 22.5, "axis": "y", "origin": [8, 11.4, 8]},
			"faces": {
				"east": {"uv": [0, 0, 1, 1], "rotation": 270, "texture": "#4"},
				"west": {"uv": [0, 0, 1, 1], "rotation": 270, "texture": "#4"},
				"up": {"uv": [0, 0, 1, 1], "rotation": 270, "texture": "#4"},
				"down": {"uv": [0, 0, 1, 1], "rotation": 270, "texture": "#4"}
			}
		},
		{
			"name": "octagon",
			"from": [7.5446, 13.7, 7.81137],
			"to": [8.4554, 14.5, 8.18863],
			"rotation": {"angle": -22.5, "axis": "y", "origin": [8, 11.4, 8]},
			"faces": {
				"east": {"uv": [0, 0, 1, 1], "rotation": 270, "texture": "#4"},
				"west": {"uv": [0, 0, 1, 1], "rotation": 270, "texture": "#4"},
				"up": {"uv": [0, 0, 1, 1], "rotation": 270, "texture": "#4"},
				"down": {"uv": [0, 0, 1, 1], "rotation": 270, "texture": "#4"}
			}
		},
		{
			"name": "octagon",
			"from": [7.8136, 16, 7.55],
			"to": [8.1864, 16.4, 8.45],
			"rotation": {"angle": 22.5, "axis": "y", "origin": [8, 13.7, 8]},
			"faces": {
				"north": {"uv": [0, 0, 1, 1], "rotation": 90, "texture": "#4"},
				"south": {"uv": [0, 0, 1, 1], "rotation": 270, "texture": "#4"},
				"up": {"uv": [0, 0, 1, 1], "rotation": 270, "texture": "#4"},
				"down": {"uv": [0, 0, 1, 1], "rotation": 270, "texture": "#4"}
			}
		},
		{
			"name": "octagon",
			"from": [7.8136, 16, 7.55],
			"to": [8.1864, 16.4, 8.45],
			"rotation": {"angle": -22.5, "axis": "y", "origin": [8, 13.7, 8]},
			"faces": {
				"north": {"uv": [0, 0, 1, 1], "rotation": 90, "texture": "#4"},
				"south": {"uv": [0, 0, 1, 1], "rotation": 270, "texture": "#4"},
				"up": {"uv": [0, 0, 1, 1], "rotation": 270, "texture": "#4"},
				"down": {"uv": [0, 0, 1, 1], "rotation": 270, "texture": "#4"}
			}
		},
		{
			"name": "octagon",
			"from": [7.55, 16, 7.8136],
			"to": [8.45, 16.4, 8.1864],
			"rotation": {"angle": 22.5, "axis": "y", "origin": [8, 13.7, 8]},
			"faces": {
				"east": {"uv": [0, 0, 1, 1], "rotation": 270, "texture": "#4"},
				"west": {"uv": [0, 0, 1, 1], "rotation": 270, "texture": "#4"},
				"up": {"uv": [0, 0, 1, 1], "rotation": 270, "texture": "#4"},
				"down": {"uv": [0, 0, 1, 1], "rotation": 270, "texture": "#4"}
			}
		},
		{
			"name": "octagon",
			"from": [7.55, 16, 7.8136],
			"to": [8.45, 16.4, 8.1864],
			"rotation": {"angle": -22.5, "axis": "y", "origin": [8, 13.7, 8]},
			"faces": {
				"east": {"uv": [0, 0, 1, 1], "rotation": 270, "texture": "#4"},
				"west": {"uv": [0, 0, 1, 1], "rotation": 270, "texture": "#4"},
				"up": {"uv": [0, 0, 1, 1], "rotation": 270, "texture": "#4"},
				"down": {"uv": [0, 0, 1, 1], "rotation": 270, "texture": "#4"}
			}
		},
		{
			"name": "octagon",
			"from": [7.88816, 14.5, 7.73],
			"to": [8.11184, 16, 8.27],
			"rotation": {"angle": 22.5, "axis": "y", "origin": [8, 13.3, 8]},
			"faces": {
				"north": {"uv": [0, 0, 1, 1], "rotation": 90, "texture": "#4"},
				"south": {"uv": [0, 0, 1, 1], "rotation": 270, "texture": "#4"}
			}
		},
		{
			"name": "octagon",
			"from": [7.88816, 14.5, 7.73],
			"to": [8.11184, 16, 8.27],
			"rotation": {"angle": -22.5, "axis": "y", "origin": [8, 13.3, 8]},
			"faces": {
				"north": {"uv": [0, 0, 1, 1], "rotation": 90, "texture": "#4"},
				"south": {"uv": [0, 0, 1, 1], "rotation": 270, "texture": "#4"}
			}
		},
		{
			"name": "octagon",
			"from": [7.73, 14.5, 7.88816],
			"to": [8.27, 16, 8.11184],
			"rotation": {"angle": 22.5, "axis": "y", "origin": [8, 13.3, 8]},
			"faces": {
				"east": {"uv": [0, 0, 1, 1], "rotation": 270, "texture": "#4"},
				"west": {"uv": [0, 0, 1, 1], "rotation": 270, "texture": "#4"}
			}
		},
		{
			"name": "octagon",
			"from": [7.73, 14.5, 7.88816],
			"to": [8.27, 16, 8.11184],
			"rotation": {"angle": -22.5, "axis": "y", "origin": [8, 13.3, 8]},
			"faces": {
				"east": {"uv": [0, 0, 1, 1], "rotation": 270, "texture": "#4"},
				"west": {"uv": [0, 0, 1, 1], "rotation": 270, "texture": "#4"}
			}
		},
		{
			"name": "octagon",
			"from": [7.85461, 14.6, 7.649],
			"to": [8.14539, 14.7, 8.351],
			"rotation": {"angle": 22.5, "axis": "y", "origin": [8, 13.3, 8]},
			"faces": {
				"north": {"uv": [0, 0, 1, 1], "rotation": 90, "texture": "#0"},
				"south": {"uv": [0, 0, 1, 1], "rotation": 270, "texture": "#0"},
				"up": {"uv": [0, 0, 1, 1], "rotation": 270, "texture": "#0"},
				"down": {"uv": [0, 0, 1, 1], "rotation": 270, "texture": "#0"}
			}
		},
		{
			"name": "octagon",
			"from": [7.85461, 14.6, 7.649],
			"to": [8.14539, 14.7, 8.351],
			"rotation": {"angle": -22.5, "axis": "y", "origin": [8, 13.3, 8]},
			"faces": {
				"north": {"uv": [0, 0, 1, 1], "rotation": 90, "texture": "#0"},
				"south": {"uv": [0, 0, 1, 1], "rotation": 270, "texture": "#0"},
				"up": {"uv": [0, 0, 1, 1], "rotation": 270, "texture": "#0"},
				"down": {"uv": [0, 0, 1, 1], "rotation": 270, "texture": "#0"}
			}
		},
		{
			"name": "octagon",
			"from": [7.649, 14.6, 7.85461],
			"to": [8.351, 14.7, 8.14539],
			"rotation": {"angle": 22.5, "axis": "y", "origin": [8, 13.3, 8]},
			"faces": {
				"east": {"uv": [0, 0, 1, 1], "rotation": 270, "texture": "#0"},
				"west": {"uv": [0, 0, 1, 1], "rotation": 270, "texture": "#0"},
				"up": {"uv": [0, 0, 1, 1], "rotation": 270, "texture": "#0"},
				"down": {"uv": [0, 0, 1, 1], "rotation": 270, "texture": "#0"}
			}
		},
		{
			"name": "octagon",
			"from": [7.649, 14.6, 7.85461],
			"to": [8.351, 14.7, 8.14539],
			"rotation": {"angle": -22.5, "axis": "y", "origin": [8, 13.3, 8]},
			"faces": {
				"east": {"uv": [0, 0, 1, 1], "rotation": 270, "texture": "#0"},
				"west": {"uv": [0, 0, 1, 1], "rotation": 270, "texture": "#0"},
				"up": {"uv": [0, 0, 1, 1], "rotation": 270, "texture": "#0"},
				"down": {"uv": [0, 0, 1, 1], "rotation": 270, "texture": "#0"}
			}
		},
		{
			"name": "octagon",
			"from": [7.85461, 14.8, 7.649],
			"to": [8.14539, 14.9, 8.351],
			"rotation": {"angle": 22.5, "axis": "y", "origin": [8, 13.5, 8]},
			"faces": {
				"north": {"uv": [0, 0, 1, 1], "rotation": 90, "texture": "#0"},
				"south": {"uv": [0, 0, 1, 1], "rotation": 270, "texture": "#0"},
				"up": {"uv": [0, 0, 1, 1], "rotation": 270, "texture": "#0"},
				"down": {"uv": [0, 0, 1, 1], "rotation": 270, "texture": "#0"}
			}
		},
		{
			"name": "octagon",
			"from": [7.85461, 14.8, 7.649],
			"to": [8.14539, 14.9, 8.351],
			"rotation": {"angle": -22.5, "axis": "y", "origin": [8, 13.5, 8]},
			"faces": {
				"north": {"uv": [0, 0, 1, 1], "rotation": 90, "texture": "#0"},
				"south": {"uv": [0, 0, 1, 1], "rotation": 270, "texture": "#0"},
				"up": {"uv": [0, 0, 1, 1], "rotation": 270, "texture": "#0"},
				"down": {"uv": [0, 0, 1, 1], "rotation": 270, "texture": "#0"}
			}
		},
		{
			"name": "octagon",
			"from": [7.649, 14.8, 7.85461],
			"to": [8.351, 14.9, 8.14539],
			"rotation": {"angle": 22.5, "axis": "y", "origin": [8, 13.5, 8]},
			"faces": {
				"east": {"uv": [0, 0, 1, 1], "rotation": 270, "texture": "#0"},
				"west": {"uv": [0, 0, 1, 1], "rotation": 270, "texture": "#0"},
				"up": {"uv": [0, 0, 1, 1], "rotation": 270, "texture": "#0"},
				"down": {"uv": [0, 0, 1, 1], "rotation": 270, "texture": "#0"}
			}
		},
		{
			"name": "octagon",
			"from": [7.649, 14.8, 7.85461],
			"to": [8.351, 14.9, 8.14539],
			"rotation": {"angle": -22.5, "axis": "y", "origin": [8, 13.5, 8]},
			"faces": {
				"east": {"uv": [0, 0, 1, 1], "rotation": 270, "texture": "#0"},
				"west": {"uv": [0, 0, 1, 1], "rotation": 270, "texture": "#0"},
				"up": {"uv": [0, 0, 1, 1], "rotation": 270, "texture": "#0"},
				"down": {"uv": [0, 0, 1, 1], "rotation": 270, "texture": "#0"}
			}
		},
		{
			"name": "octagon",
			"from": [7.85461, 15, 7.649],
			"to": [8.14539, 15.1, 8.351],
			"rotation": {"angle": 22.5, "axis": "y", "origin": [8, 13.7, 8]},
			"faces": {
				"north": {"uv": [0, 0, 1, 1], "rotation": 90, "texture": "#0"},
				"south": {"uv": [0, 0, 1, 1], "rotation": 270, "texture": "#0"},
				"up": {"uv": [0, 0, 1, 1], "rotation": 270, "texture": "#0"},
				"down": {"uv": [0, 0, 1, 1], "rotation": 270, "texture": "#0"}
			}
		},
		{
			"name": "octagon",
			"from": [7.85461, 15, 7.649],
			"to": [8.14539, 15.1, 8.351],
			"rotation": {"angle": -22.5, "axis": "y", "origin": [8, 13.7, 8]},
			"faces": {
				"north": {"uv": [0, 0, 1, 1], "rotation": 90, "texture": "#0"},
				"south": {"uv": [0, 0, 1, 1], "rotation": 270, "texture": "#0"},
				"up": {"uv": [0, 0, 1, 1], "rotation": 270, "texture": "#0"},
				"down": {"uv": [0, 0, 1, 1], "rotation": 270, "texture": "#0"}
			}
		},
		{
			"name": "octagon",
			"from": [7.649, 15, 7.85461],
			"to": [8.351, 15.1, 8.14539],
			"rotation": {"angle": 22.5, "axis": "y", "origin": [8, 13.7, 8]},
			"faces": {
				"east": {"uv": [0, 0, 1, 1], "rotation": 270, "texture": "#0"},
				"west": {"uv": [0, 0, 1, 1], "rotation": 270, "texture": "#0"},
				"up": {"uv": [0, 0, 1, 1], "rotation": 270, "texture": "#0"},
				"down": {"uv": [0, 0, 1, 1], "rotation": 270, "texture": "#0"}
			}
		},
		{
			"name": "octagon",
			"from": [7.649, 15, 7.85461],
			"to": [8.351, 15.1, 8.14539],
			"rotation": {"angle": -22.5, "axis": "y", "origin": [8, 13.7, 8]},
			"faces": {
				"east": {"uv": [0, 0, 1, 1], "rotation": 270, "texture": "#0"},
				"west": {"uv": [0, 0, 1, 1], "rotation": 270, "texture": "#0"},
				"up": {"uv": [0, 0, 1, 1], "rotation": 270, "texture": "#0"},
				"down": {"uv": [0, 0, 1, 1], "rotation": 270, "texture": "#0"}
			}
		},
		{
			"name": "octagon",
			"from": [7.85461, 15.2, 7.649],
			"to": [8.14539, 15.3, 8.351],
			"rotation": {"angle": 22.5, "axis": "y", "origin": [8, 13.9, 8]},
			"faces": {
				"north": {"uv": [0, 0, 1, 1], "rotation": 90, "texture": "#0"},
				"south": {"uv": [0, 0, 1, 1], "rotation": 270, "texture": "#0"},
				"up": {"uv": [0, 0, 1, 1], "rotation": 270, "texture": "#0"},
				"down": {"uv": [0, 0, 1, 1], "rotation": 270, "texture": "#0"}
			}
		},
		{
			"name": "octagon",
			"from": [7.85461, 15.2, 7.649],
			"to": [8.14539, 15.3, 8.351],
			"rotation": {"angle": -22.5, "axis": "y", "origin": [8, 13.9, 8]},
			"faces": {
				"north": {"uv": [0, 0, 1, 1], "rotation": 90, "texture": "#0"},
				"south": {"uv": [0, 0, 1, 1], "rotation": 270, "texture": "#0"},
				"up": {"uv": [0, 0, 1, 1], "rotation": 270, "texture": "#0"},
				"down": {"uv": [0, 0, 1, 1], "rotation": 270, "texture": "#0"}
			}
		},
		{
			"name": "octagon",
			"from": [7.649, 15.2, 7.85461],
			"to": [8.351, 15.3, 8.14539],
			"rotation": {"angle": 22.5, "axis": "y", "origin": [8, 13.9, 8]},
			"faces": {
				"east": {"uv": [0, 0, 1, 1], "rotation": 270, "texture": "#0"},
				"west": {"uv": [0, 0, 1, 1], "rotation": 270, "texture": "#0"},
				"up": {"uv": [0, 0, 1, 1], "rotation": 270, "texture": "#0"},
				"down": {"uv": [0, 0, 1, 1], "rotation": 270, "texture": "#0"}
			}
		},
		{
			"name": "octagon",
			"from": [7.649, 15.2, 7.85461],
			"to": [8.351, 15.3, 8.14539],
			"rotation": {"angle": -22.5, "axis": "y", "origin": [8, 13.9, 8]},
			"faces": {
				"east": {"uv": [0, 0, 1, 1], "rotation": 270, "texture": "#0"},
				"west": {"uv": [0, 0, 1, 1], "rotation": 270, "texture": "#0"},
				"up": {"uv": [0, 0, 1, 1], "rotation": 270, "texture": "#0"},
				"down": {"uv": [0, 0, 1, 1], "rotation": 270, "texture": "#0"}
			}
		},
		{
			"name": "octagon",
			"from": [7.85461, 15.4, 7.649],
			"to": [8.14539, 15.5, 8.351],
			"rotation": {"angle": 22.5, "axis": "y", "origin": [8, 14.1, 8]},
			"faces": {
				"north": {"uv": [0, 0, 1, 1], "rotation": 90, "texture": "#0"},
				"south": {"uv": [0, 0, 1, 1], "rotation": 270, "texture": "#0"},
				"up": {"uv": [0, 0, 1, 1], "rotation": 270, "texture": "#0"},
				"down": {"uv": [0, 0, 1, 1], "rotation": 270, "texture": "#0"}
			}
		},
		{
			"name": "octagon",
			"from": [7.85461, 15.4, 7.649],
			"to": [8.14539, 15.5, 8.351],
			"rotation": {"angle": -22.5, "axis": "y", "origin": [8, 14.1, 8]},
			"faces": {
				"north": {"uv": [0, 0, 1, 1], "rotation": 90, "texture": "#0"},
				"south": {"uv": [0, 0, 1, 1], "rotation": 270, "texture": "#0"},
				"up": {"uv": [0, 0, 1, 1], "rotation": 270, "texture": "#0"},
				"down": {"uv": [0, 0, 1, 1], "rotation": 270, "texture": "#0"}
			}
		},
		{
			"name": "octagon",
			"from": [7.649, 15.4, 7.85461],
			"to": [8.351, 15.5, 8.14539],
			"rotation": {"angle": 22.5, "axis": "y", "origin": [8, 14.1, 8]},
			"faces": {
				"east": {"uv": [0, 0, 1, 1], "rotation": 270, "texture": "#0"},
				"west": {"uv": [0, 0, 1, 1], "rotation": 270, "texture": "#0"},
				"up": {"uv": [0, 0, 1, 1], "rotation": 270, "texture": "#0"},
				"down": {"uv": [0, 0, 1, 1], "rotation": 270, "texture": "#0"}
			}
		},
		{
			"name": "octagon",
			"from": [7.649, 15.4, 7.85461],
			"to": [8.351, 15.5, 8.14539],
			"rotation": {"angle": -22.5, "axis": "y", "origin": [8, 14.1, 8]},
			"faces": {
				"east": {"uv": [0, 0, 1, 1], "rotation": 270, "texture": "#0"},
				"west": {"uv": [0, 0, 1, 1], "rotation": 270, "texture": "#0"},
				"up": {"uv": [0, 0, 1, 1], "rotation": 270, "texture": "#0"},
				"down": {"uv": [0, 0, 1, 1], "rotation": 270, "texture": "#0"}
			}
		},
		{
			"name": "octagon",
			"from": [7.85461, 15.6, 7.649],
			"to": [8.14539, 15.7, 8.351],
			"rotation": {"angle": 22.5, "axis": "y", "origin": [8, 14.3, 8]},
			"faces": {
				"north": {"uv": [0, 0, 1, 1], "rotation": 90, "texture": "#0"},
				"south": {"uv": [0, 0, 1, 1], "rotation": 270, "texture": "#0"},
				"up": {"uv": [0, 0, 1, 1], "rotation": 270, "texture": "#0"},
				"down": {"uv": [0, 0, 1, 1], "rotation": 270, "texture": "#0"}
			}
		},
		{
			"name": "octagon",
			"from": [7.85461, 15.6, 7.649],
			"to": [8.14539, 15.7, 8.351],
			"rotation": {"angle": -22.5, "axis": "y", "origin": [8, 14.3, 8]},
			"faces": {
				"north": {"uv": [0, 0, 1, 1], "rotation": 90, "texture": "#0"},
				"south": {"uv": [0, 0, 1, 1], "rotation": 270, "texture": "#0"},
				"up": {"uv": [0, 0, 1, 1], "rotation": 270, "texture": "#0"},
				"down": {"uv": [0, 0, 1, 1], "rotation": 270, "texture": "#0"}
			}
		},
		{
			"name": "octagon",
			"from": [7.649, 15.6, 7.85461],
			"to": [8.351, 15.7, 8.14539],
			"rotation": {"angle": 22.5, "axis": "y", "origin": [8, 14.3, 8]},
			"faces": {
				"east": {"uv": [0, 0, 1, 1], "rotation": 270, "texture": "#0"},
				"west": {"uv": [0, 0, 1, 1], "rotation": 270, "texture": "#0"},
				"up": {"uv": [0, 0, 1, 1], "rotation": 270, "texture": "#0"},
				"down": {"uv": [0, 0, 1, 1], "rotation": 270, "texture": "#0"}
			}
		},
		{
			"name": "octagon",
			"from": [7.649, 15.6, 7.85461],
			"to": [8.351, 15.7, 8.14539],
			"rotation": {"angle": -22.5, "axis": "y", "origin": [8, 14.3, 8]},
			"faces": {
				"east": {"uv": [0, 0, 1, 1], "rotation": 270, "texture": "#0"},
				"west": {"uv": [0, 0, 1, 1], "rotation": 270, "texture": "#0"},
				"up": {"uv": [0, 0, 1, 1], "rotation": 270, "texture": "#0"},
				"down": {"uv": [0, 0, 1, 1], "rotation": 270, "texture": "#0"}
			}
		},
		{
			"name": "octagon",
			"from": [7.85461, 15.8, 7.649],
			"to": [8.14539, 15.9, 8.351],
			"rotation": {"angle": 22.5, "axis": "y", "origin": [8, 14.5, 8]},
			"faces": {
				"north": {"uv": [0, 0, 1, 1], "rotation": 90, "texture": "#0"},
				"south": {"uv": [0, 0, 1, 1], "rotation": 270, "texture": "#0"},
				"up": {"uv": [0, 0, 1, 1], "rotation": 270, "texture": "#0"},
				"down": {"uv": [0, 0, 1, 1], "rotation": 270, "texture": "#0"}
			}
		},
		{
			"name": "octagon",
			"from": [7.85461, 15.8, 7.649],
			"to": [8.14539, 15.9, 8.351],
			"rotation": {"angle": -22.5, "axis": "y", "origin": [8, 14.5, 8]},
			"faces": {
				"north": {"uv": [0, 0, 1, 1], "rotation": 90, "texture": "#0"},
				"south": {"uv": [0, 0, 1, 1], "rotation": 270, "texture": "#0"},
				"up": {"uv": [0, 0, 1, 1], "rotation": 270, "texture": "#0"},
				"down": {"uv": [0, 0, 1, 1], "rotation": 270, "texture": "#0"}
			}
		},
		{
			"name": "octagon",
			"from": [7.649, 15.8, 7.85461],
			"to": [8.351, 15.9, 8.14539],
			"rotation": {"angle": 22.5, "axis": "y", "origin": [8, 14.5, 8]},
			"faces": {
				"east": {"uv": [0, 0, 1, 1], "rotation": 270, "texture": "#0"},
				"west": {"uv": [0, 0, 1, 1], "rotation": 270, "texture": "#0"},
				"up": {"uv": [0, 0, 1, 1], "rotation": 270, "texture": "#0"},
				"down": {"uv": [0, 0, 1, 1], "rotation": 270, "texture": "#0"}
			}
		},
		{
			"name": "octagon",
			"from": [7.649, 15.8, 7.85461],
			"to": [8.351, 15.9, 8.14539],
			"rotation": {"angle": -22.5, "axis": "y", "origin": [8, 14.5, 8]},
			"faces": {
				"east": {"uv": [0, 0, 1, 1], "rotation": 270, "texture": "#0"},
				"west": {"uv": [0, 0, 1, 1], "rotation": 270, "texture": "#0"},
				"up": {"uv": [0, 0, 1, 1], "rotation": 270, "texture": "#0"},
				"down": {"uv": [0, 0, 1, 1], "rotation": 270, "texture": "#0"}
			}
		}
	],
	"gui_light": "front",
	"display": {
		"thirdperson_righthand": {
			"translation": [0, -3.5, 0],
			"scale": [0.75, 0.75, 0.75]
		},
		"thirdperson_lefthand": {
			"translation": [0, -3.5, 0],
			"scale": [0.75, 0.75, 0.75]
		},
		"firstperson_righthand": {
			"translation": [-2.75, -1.25, -3.75]
		},
		"firstperson_lefthand": {
			"translation": [-2.75, -1.25, -3.75]
		},
		"ground": {
			"rotation": [0, 0, -45],
			"translation": [-3, -2.25, 0]
		},
		"gui": {
			"rotation": [30, 45, -90],
			"translation": [-5.55, -3, 0],
			"scale": [1.7, 1.7, 1.7]
		},
		"fixed": {
			"rotation": [0, -180, -45],
			"translation": [3.5, -3.5, -0.5]
		}
	},
	"groups": [
		0,
		1,
		2,
		3,
		4,
		5,
		6,
		7,
		8,
		9,
		10,
		11,
		{
			"name": "hexadecagon",
			"origin": [8, 8, 8],
			"color": 0,
			"children": [12, 13, 14, 15, 16, 17, 18, 19, 20, 21, 22, 23, 24, 25, 26, 27]
		},
		{
			"name": "group",
			"origin": [7.896, 8.5, 7.48],
			"color": 0,
			"children": [28, 29, 30, 31, 32, 33]
		},
		{
			"name": "group",
			"origin": [7.78519, 7.5, 7.22284],
			"color": 0,
			"children": [34, 35, 36, 37, 38, 39, 40, 41, 42, 43, 44, 45, 46]
		},
		{
			"name": "group",
			"origin": [7.896, 8.5, 7.48],
			"color": 0,
			"children": [47, 48, 49, 50, 51, 52]
		},
		{
			"name": "group",
			"origin": [7.896, 8.5, 7.48],
			"color": 0,
			"children": [53, 54, 55, 56, 57, 58]
		},
		{
			"name": "group",
			"origin": [7.896, 8.5, 7.48],
			"color": 0,
			"children": [59, 60, 61, 62, 63, 64, 65, 66, 67, 68, 69, 70, 71, 72, 73, 74, 75, 76, 77, 78, 79, 80]
		},
		{
			"name": "group",
			"origin": [7.896, 8.5, 7.48],
			"color": 0,
			"children": [81, 82, 83, 84, 85, 86, 87, 88]
		},
		{
			"name": "group",
			"origin": [7.896, 8.5, 7.48],
			"color": 0,
			"children": [89, 90, 91, 92, 93, 94, 95, 96]
		},
		{
			"name": "group",
			"origin": [7.896, 8.5, 7.48],
			"color": 0,
			"children": [97, 98, 99, 100, 101, 102, 103, 104]
		},
		{
			"name": "group",
			"origin": [7.896, 8.5, 7.48],
			"color": 0,
			"children": [105, 106, 107, 108, 109, 110, 111, 112]
		},
		{
			"name": "group",
			"origin": [7.896, 8.5, 7.48],
			"color": 0,
			"children": [113, 114, 115, 116, 117, 118, 119, 120]
		},
		{
			"name": "group",
			"origin": [7.896, 8.5, 7.48],
			"color": 0,
			"children": [121, 122, 123, 124, 125, 126, 127, 128]
		},
		{
			"name": "group",
			"origin": [7.78519, 7.5, 7.22284],
			"color": 0,
			"children": [129, 130, 131, 132, 133, 134, 135, 136]
		},
		{
			"name": "octagon",
			"origin": [8, 8, 8],
			"color": 0,
			"children": [137, 138, 139, 140]
		},
		{
			"name": "octagon",
			"origin": [8, 8, 8],
			"color": 0,
			"children": [141, 142, 143, 144]
		},
		{
			"name": "octagon",
			"origin": [8, 8, 8],
			"color": 0,
			"children": [145, 146, 147, 148]
		},
		{
			"name": "octagon",
			"origin": [8, 8, 8],
			"color": 0,
			"children": [149, 150, 151, 152]
		},
		{
			"name": "octagon",
			"origin": [8, 8, 8],
			"color": 0,
			"children": [153, 154, 155, 156]
		},
		{
			"name": "octagon",
			"origin": [8, 8, 8],
			"color": 0,
			"children": [157, 158, 159, 160]
		},
		{
			"name": "octagon",
			"origin": [8, 8, 8],
			"color": 0,
			"children": [161, 162, 163, 164]
		},
		{
			"name": "octagon",
			"origin": [8, 8, 8],
			"color": 0,
			"children": [165, 166, 167, 168]
		},
		{
			"name": "octagon",
			"origin": [8, 8, 8],
			"color": 0,
			"children": [169, 170, 171, 172]
		},
		{
			"name": "octagon",
			"origin": [8, 8, 8],
			"color": 0,
			"children": [173, 174, 175, 176]
		},
		{
			"name": "octagon",
			"origin": [8, 8, 8],
			"color": 0,
			"children": [177, 178, 179, 180]
		},
		{
			"name": "octagon",
			"origin": [8, 8, 8],
			"color": 0,
			"children": [181, 182, 183, 184]
		}
	]
}