{
	"credit": "Cezar_ // BugabuseMe",
	"textures": {
		"0": "block/color/stims/medikit",
		"particle": "block/color/empty"
	},
	"elements": [
		{
			"from": [2, 0, 4],
			"to": [14, 2, 12],
			"rotation": {"angle": 0, "axis": "y", "origin": [-8, 0, -8]},
			"faces": {
				"north": {"uv": [3, 0, 0, 2], "texture": "#0"},
				"east": {"uv": [3, 0, 0, 2], "texture": "#0"},
				"south": {"uv": [3, 0, 0, 2], "texture": "#0"},
				"west": {"uv": [3, 0, 0, 2], "texture": "#0"},
				"up": {"uv": [3, 0, 0, 2], "rotation": 180, "texture": "#0"},
				"down": {"uv": [3, 0, 0, 2], "rotation": 180, "texture": "#0"}
			}
		},
		{
			"from": [2, 2.9, 4],
			"to": [14, 4.9, 12],
			"rotation": {"angle": 0, "axis": "y", "origin": [-8, 0, -8]},
			"faces": {
				"north": {"uv": [3, 0, 0, 2], "texture": "#0"},
				"east": {"uv": [3, 0, 0, 2], "texture": "#0"},
				"south": {"uv": [3, 0, 0, 2], "texture": "#0"},
				"west": {"uv": [3, 0, 0, 2], "texture": "#0"},
				"up": {"uv": [3, 0, 0, 2], "rotation": 180, "texture": "#0"},
				"down": {"uv": [3, 0, 0, 2], "rotation": 180, "texture": "#0"}
			}
		},
		{
			"from": [1.7, 2, 3.7],
			"to": [14.4, 3, 12.2],
			"rotation": {"angle": 0, "axis": "y", "origin": [-8, 0, -8]},
			"faces": {
				"north": {"uv": [3.25, 0, 0, 2.25], "texture": "#0"},
				"east": {"uv": [3.25, 0, 0, 2.25], "texture": "#0"},
				"south": {"uv": [3.25, 0, 0, 2.25], "texture": "#0"},
				"west": {"uv": [3.25, 0, 0, 2.25], "texture": "#0"},
				"up": {"uv": [3.25, 0, 0, 2.25], "rotation": 180, "texture": "#0"},
				"down": {"uv": [3.25, 0, 0, 2.25], "rotation": 180, "texture": "#0"}
			}
		},
		{
			"from": [5.3, 3, 7.01],
			"to": [10.8, 5, 9.01],
			"rotation": {"angle": 0, "axis": "y", "origin": [-8, 0, -8]},
			"faces": {
				"north": {"uv": [1.5, 2.25, 0, 2.75], "texture": "#0"},
				"east": {"uv": [1.5, 2.25, 0, 2.75], "texture": "#0"},
				"south": {"uv": [1.5, 2.25, 0, 2.75], "texture": "#0"},
				"west": {"uv": [1.5, 2.25, 0, 2.75], "texture": "#0"},
				"up": {"uv": [1.5, 2.25, 0, 2.75], "rotation": 180, "texture": "#0"},
				"down": {"uv": [1.5, 2.25, 0, 2.75], "rotation": 180, "texture": "#0"}
			}
		},
		{
			"from": [6.99, 3.01, 5.3],
			"to": [8.99, 5.01, 10.8],
			"rotation": {"angle": 0, "axis": "y", "origin": [-8, 0, -8]},
			"faces": {
				"north": {"uv": [0.5, 2.25, 0, 3.75], "texture": "#0"},
				"east": {"uv": [0.5, 2.25, 0, 3.75], "texture": "#0"},
				"south": {"uv": [0.5, 2.25, 0, 3.75], "texture": "#0"},
				"west": {"uv": [0.5, 2.25, 0, 3.75], "texture": "#0"},
				"up": {"uv": [0.5, 2.25, 0, 3.75], "rotation": 180, "texture": "#0"},
				"down": {"uv": [0.5, 2.25, 0, 3.75], "rotation": 180, "texture": "#0"}
			}
		},
		{
			"from": [7, 2, 3.5],
			"to": [9, 4, 5.5],
			"rotation": {"angle": 0, "axis": "y", "origin": [-8, 0, -8]},
			"faces": {
				"north": {"uv": [1, 2.75, 0.5, 3.25], "texture": "#0"},
				"east": {"uv": [1, 2.75, 0.5, 3.25], "texture": "#0"},
				"south": {"uv": [1, 2.75, 0.5, 3.25], "texture": "#0"},
				"west": {"uv": [1, 2.75, 0.5, 3.25], "texture": "#0"},
				"up": {"uv": [1, 2.75, 0.5, 3.25], "rotation": 180, "texture": "#0"},
				"down": {"uv": [1, 2.75, 0.5, 3.25], "rotation": 180, "texture": "#0"}
			}
		}
	],
	"display": {
		"thirdperson_righthand": {
			"rotation": [-20, -270, 95],
			"translation": [2, 1, 1],
			"scale": [0.61, 0.55, 0.6]
		},
		"thirdperson_lefthand": {
			"rotation": [-20, -270, 95],
			"translation": [2, 1, 1],
			"scale": [0.61, 0.6, 0.6]
		},
		"firstperson_righthand": {
			"rotation": [0.53, 95, -0.48],
			"translation": [0.25, 6, 2.5],
			"scale": [0.74, 0.72, 0.7]
		},
		"firstperson_lefthand": {
			"rotation": [8, 95, 7],
			"translation": [0.25, 6, 2.5],
			"scale": [0.74, 0.72, 0.7]
		},
		"ground": {
			"translation": [0, 1.25, 0],
			"scale": [0.57, 0.56, 0.56]
		},
		"gui": {
			"rotation": [-143.61, 41, 168.24],
			"translation": [-0.25, 4.25, 0],
			"scale": [0.85, 0.85, 0.85]
		},
		"head": {
			"translation": [0, 13.75, 0]
		},
		"fixed": {
			"rotation": [-87, 0, 0],
			"translation": [0, 0.5, -9.25],
			"scale": [1.52, 1.64, 1.65]
		}
	}
}