{
	"textures": {
		"1": "block/color/armi/stormranger/stormranger",
		"2": "block/color/armi/stormranger/stormrangerjewel",
		"3": "block/color/armi/stormranger/stormrangershine",
		"4": "block/color/armi/stormranger/stormrangershinetwo",
		"particle": "block/color/empty"
	},
	"elements": [
		{
			"from": [6.89671, 4.85106, -13.15883],
			"to": [9.10391, 7.05826, -1.01923],
			"rotation": {"angle": 0, "axis": "y", "origin": [8.00069, 0.5354, 7.85092]},
			"faces": {
				"north": {"uv": [8.5, 7.75, 8.78125, 8.03125], "texture": "#1"},
				"east": {"uv": [7.65625, 2.625, 6.125, 2.90625], "texture": "#1"},
				"south": {"uv": [8.5, 8.125, 8.78125, 8.40625], "texture": "#1"},
				"west": {"uv": [6.125, 2.625, 7.65625, 2.90625], "texture": "#1"},
				"up": {"uv": [1.03125, 7.65625, 0.75, 6.125], "texture": "#1"},
				"down": {"uv": [1.40625, 6.125, 1.125, 7.65625], "texture": "#1"}
			}
		},
		{
			"from": [7.99141, 3.07497, -12.93383],
			"to": [8.02832, 8.84217, -0.79423],
			"rotation": {"angle": 0, "axis": "y", "origin": [8.00069, 0.5354, 7.85092]},
			"faces": {
				"north": {"uv": [7.25, 9, 7.28125, 9.71875], "texture": "#1"},
				"east": {"uv": [3.78125, 0.75, 2.25, 1.46875], "texture": "#1"},
				"south": {"uv": [8.125, 9, 8.15625, 9.71875], "texture": "#1"},
				"west": {"uv": [2.25, 0.75, 3.78125, 1.46875], "texture": "#1"},
				"up": {"uv": [6.65625, 10.40625, 6.625, 8.875], "texture": "#1"},
				"down": {"uv": [6.78125, 8.875, 6.75, 10.40625], "texture": "#1"}
			}
		},
		{
			"from": [5.12627, 5.94011, -12.93383],
			"to": [10.89347, 5.97702, -0.79423],
			"rotation": {"angle": 0, "axis": "z", "origin": [8.00987, 5.95857, -6.86403]},
			"faces": {
				"north": {"uv": [7.25, 9, 7.28125, 9.71875], "rotation": 90, "texture": "#1"},
				"east": {"uv": [6.78125, 8.875, 6.75, 10.40625], "rotation": 270, "texture": "#1"},
				"south": {"uv": [8.125, 9, 8.15625, 9.71875], "rotation": 270, "texture": "#1"},
				"west": {"uv": [6.65625, 10.40625, 6.625, 8.875], "rotation": 270, "texture": "#1"},
				"up": {"uv": [3.78125, 0.75, 2.25, 1.46875], "rotation": 270, "texture": "#1"},
				"down": {"uv": [2.25, 0.75, 3.78125, 1.46875], "rotation": 270, "texture": "#1"}
			}
		},
		{
			"from": [6.67421, 4.62856, -9.7612],
			"to": [9.32641, 7.28076, -9.1916],
			"rotation": {"angle": 0, "axis": "y", "origin": [8.00069, 0.5354, 7.85092]},
			"faces": {
				"north": {"uv": [2.25, 8.25, 2.59375, 8.59375], "texture": "#1"},
				"east": {"uv": [0.8125, 9.125, 0.75, 9.46875], "texture": "#1"},
				"south": {"uv": [8.25, 2.5, 8.59375, 2.84375], "texture": "#1"},
				"west": {"uv": [0.75, 9.125, 0.8125, 9.46875], "texture": "#1"},
				"up": {"uv": [9.46875, 1.0625, 9.125, 1], "texture": "#1"},
				"down": {"uv": [9.46875, 1.125, 9.125, 1.1875], "texture": "#1"}
			}
		},
		{
			"from": [6.67421, 4.62856, -6.9662],
			"to": [9.32641, 7.28076, -6.3966],
			"rotation": {"angle": 0, "axis": "y", "origin": [8.00069, 0.5354, 10.52092]},
			"faces": {
				"north": {"uv": [2.25, 8.25, 2.59375, 8.59375], "texture": "#1"},
				"east": {"uv": [0.8125, 9.125, 0.75, 9.46875], "texture": "#1"},
				"south": {"uv": [8.25, 2.5, 8.59375, 2.84375], "texture": "#1"},
				"west": {"uv": [0.75, 9.125, 0.8125, 9.46875], "texture": "#1"},
				"up": {"uv": [9.46875, 1.0625, 9.125, 1], "texture": "#1"},
				"down": {"uv": [9.46875, 1.125, 9.125, 1.1875], "texture": "#1"}
			}
		},
		{
			"from": [6.67421, 4.62856, -4.26886],
			"to": [9.32641, 7.28076, -3.69926],
			"rotation": {"angle": 0, "axis": "y", "origin": [8.00069, 0.5354, 13.19092]},
			"faces": {
				"north": {"uv": [2.25, 8.25, 2.59375, 8.59375], "texture": "#1"},
				"east": {"uv": [0.8125, 9.125, 0.75, 9.46875], "texture": "#1"},
				"south": {"uv": [8.25, 2.5, 8.59375, 2.84375], "texture": "#1"},
				"west": {"uv": [0.75, 9.125, 0.8125, 9.46875], "texture": "#1"},
				"up": {"uv": [9.46875, 1.0625, 9.125, 1], "texture": "#1"},
				"down": {"uv": [9.46875, 1.125, 9.125, 1.1875], "texture": "#1"}
			}
		},
		{
			"from": [6.67421, 4.62856, -1.5238],
			"to": [9.32641, 7.28076, -0.9542],
			"rotation": {"angle": 0, "axis": "y", "origin": [8.00069, 0.5354, 15.77192]},
			"faces": {
				"north": {"uv": [2.25, 8.25, 2.59375, 8.59375], "texture": "#1"},
				"east": {"uv": [0.8125, 9.125, 0.75, 9.46875], "texture": "#1"},
				"south": {"uv": [8.25, 2.5, 8.59375, 2.84375], "texture": "#1"},
				"west": {"uv": [0.75, 9.125, 0.8125, 9.46875], "texture": "#1"},
				"up": {"uv": [9.46875, 1.0625, 9.125, 1], "texture": "#1"},
				"down": {"uv": [9.46875, 1.125, 9.125, 1.1875], "texture": "#1"}
			}
		},
		{
			"from": [6.90018, -1.16684, -13.16575],
			"to": [9.10043, -0.38364, -11.35849],
			"rotation": {"angle": 22.5, "axis": "x", "origin": [8.00069, 0.5354, 7.85092]},
			"faces": {
				"north": {"uv": [9, 9, 9.28125, 9.09375], "texture": "#1"},
				"east": {"uv": [5.21875, 9.125, 5, 9.21875], "texture": "#1"},
				"south": {"uv": [9.125, 0, 9.40625, 0.09375], "texture": "#1"},
				"west": {"uv": [5, 9.125, 5.21875, 9.21875], "texture": "#1"},
				"up": {"uv": [9.03125, 0.96875, 8.75, 0.75], "texture": "#1"},
				"down": {"uv": [1.78125, 8.75, 1.5, 8.96875], "texture": "#1"}
			}
		},
		{
			"from": [6.90018, 11.46794, -9.01802],
			"to": [9.10043, 12.25114, -7.21077],
			"rotation": {"angle": -22.5, "axis": "x", "origin": [8.00069, 0.5354, 7.85092]},
			"faces": {
				"north": {"uv": [9.125, 0.125, 9.40625, 0.21875], "texture": "#1"},
				"east": {"uv": [5.71875, 9.125, 5.5, 9.21875], "texture": "#1"},
				"south": {"uv": [9.125, 0.25, 9.40625, 0.34375], "texture": "#1"},
				"west": {"uv": [5.5, 9.125, 5.71875, 9.21875], "texture": "#1"},
				"up": {"uv": [2.53125, 8.96875, 2.25, 8.75], "texture": "#1"},
				"down": {"uv": [9.03125, 6.875, 8.75, 7.09375], "texture": "#1"}
			}
		},
		{
			"from": [13.92613, 4.85454, -11.09203],
			"to": [14.70933, 7.05479, -9.28478],
			"rotation": {"angle": 22.5, "axis": "y", "origin": [8.00069, 0.5354, 7.85092]},
			"faces": {
				"north": {"uv": [4.625, 6.625, 4.71875, 6.90625], "texture": "#1"},
				"east": {"uv": [2.625, 8.75, 2.84375, 9.03125], "texture": "#1"},
				"south": {"uv": [4.125, 7.25, 4.21875, 7.53125], "texture": "#1"},
				"west": {"uv": [8.5, 8.75, 8.71875, 9.03125], "texture": "#1"},
				"up": {"uv": [3.46875, 9.34375, 3.375, 9.125], "texture": "#1"},
				"down": {"uv": [5.84375, 9.125, 5.75, 9.34375], "texture": "#1"}
			}
		},
		{
			"from": [8.67488, 4.85454, -12.1363],
			"to": [9.45808, 7.05479, -10.32904],
			"rotation": {"angle": -22.5, "axis": "y", "origin": [9.06648, 5.95466, -11.23267]},
			"faces": {
				"north": {"uv": [4.71875, 6.625, 4.625, 6.90625], "texture": "#1"},
				"east": {"uv": [8.71875, 8.75, 8.5, 9.03125], "texture": "#1"},
				"south": {"uv": [4.21875, 7.25, 4.125, 7.53125], "texture": "#1"},
				"west": {"uv": [2.84375, 8.75, 2.625, 9.03125], "texture": "#1"},
				"up": {"uv": [3.375, 9.34375, 3.46875, 9.125], "texture": "#1"},
				"down": {"uv": [5.75, 9.125, 5.84375, 9.34375], "texture": "#1"}
			}
		},
		{
			"from": [7.17261, 5.12696, -1.02784],
			"to": [8.82801, 6.78236, 1.23539],
			"rotation": {"angle": 0, "axis": "y", "origin": [8.00069, 0.5354, 7.85092]},
			"faces": {
				"north": {"uv": [4.25, 8.875, 4.46875, 9.09375], "texture": "#1"},
				"east": {"uv": [8.90625, 7.5, 8.625, 7.71875], "texture": "#1"},
				"south": {"uv": [5.875, 8.875, 6.09375, 9.09375], "texture": "#1"},
				"west": {"uv": [8.625, 7.5, 8.90625, 7.71875], "texture": "#1"},
				"up": {"uv": [7.96875, 8.90625, 7.75, 8.625], "texture": "#1"},
				"down": {"uv": [8.21875, 8.625, 8, 8.90625], "texture": "#1"}
			}
		},
		{
			"from": [6.62081, 4.71311, 1.18797],
			"to": [9.37981, 7.35102, 5.60237],
			"rotation": {"angle": 0, "axis": "y", "origin": [8.00069, 0.5354, 7.85092]},
			"faces": {
				"north": {"uv": [0.5, 8.25, 0.84375, 8.59375], "texture": "#1"},
				"east": {"uv": [8.1875, 5.75, 7.625, 6.09375], "texture": "#1"},
				"south": {"uv": [0.875, 8.25, 1.21875, 8.59375], "texture": "#1"},
				"west": {"uv": [7.625, 5.75, 8.1875, 6.09375], "texture": "#1"},
				"up": {"uv": [5.96875, 1.0625, 5.625, 0.5], "texture": "#1"},
				"down": {"uv": [5.09375, 7.625, 4.75, 8.1875], "texture": "#1"}
			}
		},
		{
			"from": [6.06901, 7.88596, 0.08437],
			"to": [9.93161, 9.54136, 7.80957],
			"rotation": {"angle": 0, "axis": "y", "origin": [8.00069, 0.5354, 7.85092]},
			"faces": {
				"north": {"uv": [5.125, 3.25, 5.59375, 3.46875], "texture": "#1"},
				"east": {"uv": [8.46875, 4.75, 7.5, 4.96875], "texture": "#1"},
				"south": {"uv": [6.375, 1.25, 6.84375, 1.46875], "texture": "#1"},
				"west": {"uv": [7.5, 4.75, 8.46875, 4.96875], "texture": "#1"},
				"up": {"uv": [5.59375, 3.21875, 5.125, 2.25], "texture": "#1"},
				"down": {"uv": [6.46875, 5.75, 6, 6.71875], "texture": "#1"}
			}
		},
		{
			"from": [6.74152, 8.48518, 7.80957],
			"to": [9.25048, 9.54136, 11.12037],
			"rotation": {"angle": 0, "axis": "y", "origin": [8.00069, 0.5354, 7.85092]},
			"faces": {
				"north": {"uv": [5.625, 1.125, 5.9375, 1.25], "texture": "#1"},
				"east": {"uv": [9.28125, 5.5, 8.875, 5.625], "texture": "#1"},
				"south": {"uv": [8.125, 4.375, 8.4375, 4.5], "texture": "#1"},
				"west": {"uv": [8.875, 5.5, 9.28125, 5.625], "texture": "#1"},
				"up": {"uv": [5.4375, 8.53125, 5.125, 8.125], "texture": "#1"},
				"down": {"uv": [8.4375, 7.75, 8.125, 8.15625], "texture": "#1"}
			}
		},
		{
			"from": [6.74367, 5.79839, 13.05785],
			"to": [9.24833, 6.20146, 13.83166],
			"rotation": {"angle": -45, "axis": "x", "origin": [8.00069, 0.5354, 7.85092]},
			"faces": {
				"north": {"uv": [9.125, 6, 9.4375, 6.0625], "texture": "#1"},
				"east": {"uv": [9.34375, 2.5, 9.25, 2.5625], "texture": "#1"},
				"south": {"uv": [6.125, 9.125, 6.4375, 9.1875], "texture": "#1"},
				"west": {"uv": [9.25, 2.5, 9.34375, 2.5625], "texture": "#1"},
				"up": {"uv": [9.3125, 2.71875, 9, 2.625], "texture": "#1"},
				"down": {"uv": [9.3125, 2.75, 9, 2.84375], "texture": "#1"}
			}
		},
		{
			"from": [7.3024, 9.51934, 5.60237],
			"to": [8.69699, 10.63803, 9.05112],
			"rotation": {"angle": 0, "axis": "y", "origin": [8.00069, 0.5354, 7.85092]},
			"faces": {
				"north": {"uv": [6.125, 9, 6.3125, 9.125], "texture": "#1"},
				"east": {"uv": [9.3125, 2, 8.875, 2.125], "texture": "#1"},
				"south": {"uv": [9.125, 0.375, 9.3125, 0.5], "texture": "#1"},
				"west": {"uv": [8.875, 2, 9.3125, 2.125], "texture": "#1"},
				"up": {"uv": [0.1875, 8.9375, 0, 8.5], "texture": "#1"},
				"down": {"uv": [2.1875, 8.5, 2, 8.9375], "texture": "#1"}
			}
		},
		{
			"from": [7.44035, 9.07082, 2.12817],
			"to": [8.55904, 9.48252, 3.07226],
			"rotation": {"angle": 22.5, "axis": "x", "origin": [8.00069, 0.5354, 7.85092]},
			"faces": {
				"north": {"uv": [9.125, 7.375, 9.25, 7.4375], "texture": "#1"},
				"east": {"uv": [9, 9.125, 8.875, 9.1875], "texture": "#1"},
				"south": {"uv": [8.75, 9.125, 8.875, 9.1875], "texture": "#1"},
				"west": {"uv": [8.875, 9.125, 9, 9.1875], "texture": "#1"},
				"up": {"uv": [0.5, 5.75, 0.375, 5.625], "texture": "#1"},
				"down": {"uv": [5.25, 7, 5.125, 7.125], "texture": "#1"}
			}
		},
		{
			"from": [7.30456, 8.55372, 1.90742],
			"to": [8.69268, 9.00853, 2.20272],
			"rotation": {"angle": 22.5, "axis": "x", "origin": [8.00069, 0.5354, 7.85092]},
			"faces": {
				"north": {"uv": [9.125, 6.875, 9.3125, 6.9375], "texture": "#1"},
				"east": {"uv": [9.28125, 3.25, 9.25, 3.3125], "texture": "#1"},
				"south": {"uv": [7, 9.125, 7.1875, 9.1875], "texture": "#1"},
				"west": {"uv": [9.25, 3.25, 9.28125, 3.3125], "texture": "#1"},
				"up": {"uv": [2.8125, 9.28125, 2.625, 9.25], "texture": "#1"},
				"down": {"uv": [3.1875, 9.25, 3, 9.28125], "texture": "#1"}
			}
		},
		{
			"from": [7.16445, 8.19924, 10.25258],
			"to": [8.83494, 10.00768, 12.86285],
			"rotation": {"angle": -22.5, "axis": "x", "origin": [8.00069, 0.5354, 7.85092]},
			"faces": {
				"north": {"uv": [8.875, 6, 9.09375, 6.21875], "texture": "#1"},
				"east": {"uv": [3.5625, 8.625, 3.25, 8.84375], "texture": "#1"},
				"south": {"uv": [6.375, 8.875, 6.59375, 9.09375], "texture": "#1"},
				"west": {"uv": [3.25, 8.625, 3.5625, 8.84375], "texture": "#1"},
				"up": {"uv": [4.71875, 8.9375, 4.5, 8.625], "texture": "#1"},
				"down": {"uv": [4.96875, 8.625, 4.75, 8.9375], "texture": "#1"}
			}
		},
		{
			"from": [6.7506, 9.54089, 3.39517],
			"to": [9.24879, 10.22418, 7.80957],
			"rotation": {"angle": 0, "axis": "y", "origin": [8.00069, 0.5354, 7.85092]},
			"faces": {
				"north": {"uv": [9, 3, 9.3125, 3.09375], "texture": "#1"},
				"east": {"uv": [8.875, 2.125, 9.4375, 2.21875], "texture": "#1"},
				"south": {"uv": [9, 3.125, 9.3125, 3.21875], "texture": "#1"},
				"west": {"uv": [8.875, 4.125, 9.4375, 4.21875], "texture": "#1"},
				"up": {"uv": [3.0625, 8.3125, 2.75, 7.75], "texture": "#1"},
				"down": {"uv": [3.4375, 7.75, 3.125, 8.3125], "texture": "#1"}
			}
		},
		{
			"from": [6.7506, 10.55378, 5.6552],
			"to": [9.24879, 11.19181, 7.44208],
			"rotation": {"angle": -22.5, "axis": "x", "origin": [8.00069, 0.5354, 7.85092]},
			"faces": {
				"north": {"uv": [9, 3.375, 9.3125, 3.46875], "texture": "#1"},
				"east": {"uv": [2.84375, 9.125, 2.625, 9.21875], "texture": "#1"},
				"south": {"uv": [9, 3.5, 9.3125, 3.59375], "texture": "#1"},
				"west": {"uv": [2.625, 9.125, 2.84375, 9.21875], "texture": "#1"},
				"up": {"uv": [5.3125, 8.84375, 5, 8.625], "texture": "#1"},
				"down": {"uv": [5.6875, 8.625, 5.375, 8.84375], "texture": "#1"}
			}
		},
		{
			"from": [6.7506, 8.83282, 4.10498],
			"to": [9.24879, 9.47084, 5.89187],
			"rotation": {"angle": 22.5, "axis": "x", "origin": [8.00069, 0.5354, 7.85092]},
			"faces": {
				"north": {"uv": [9, 3.625, 9.3125, 3.71875], "texture": "#1"},
				"east": {"uv": [9.34375, 4, 9.125, 4.09375], "texture": "#1"},
				"south": {"uv": [9, 3.75, 9.3125, 3.84375], "texture": "#1"},
				"west": {"uv": [9.125, 4, 9.34375, 4.09375], "texture": "#1"},
				"up": {"uv": [6.0625, 8.84375, 5.75, 8.625], "texture": "#1"},
				"down": {"uv": [8.9375, 5.75, 8.625, 5.96875], "texture": "#1"}
			}
		},
		{
			"from": [5.79311, 4.03414, 5.03333],
			"to": [10.20751, 7.61006, 7.79233],
			"rotation": {"angle": 0, "axis": "y", "origin": [8.00069, 0.5354, 7.85092]},
			"faces": {
				"north": {"uv": [3.25, 7.25, 3.8125, 7.6875], "texture": "#1"},
				"east": {"uv": [4.46875, 8, 4.125, 8.4375], "texture": "#1"},
				"south": {"uv": [6, 7.25, 6.5625, 7.6875], "texture": "#1"},
				"west": {"uv": [4.125, 8, 4.46875, 8.4375], "texture": "#1"},
				"up": {"uv": [8.1875, 6.46875, 7.625, 6.125], "texture": "#1"},
				"down": {"uv": [8.1875, 7.375, 7.625, 7.71875], "texture": "#1"}
			}
		},
		{
			"from": [6.34491, 4.06431, 7.25777],
			"to": [9.65571, 7.33416, 23.81177],
			"rotation": {"angle": 0, "axis": "y", "origin": [8.00069, 0.5354, 7.85092]},
			"faces": {
				"north": {"uv": [6, 7.75, 6.40625, 8.15625], "texture": "#1"},
				"east": {"uv": [5.9375, 0, 3.875, 0.40625], "texture": "#1"},
				"south": {"uv": [7.625, 7.75, 8.03125, 8.15625], "texture": "#1"},
				"west": {"uv": [3.875, 0, 5.9375, 0.40625], "texture": "#1"},
				"up": {"uv": [0.90625, 5.6875, 0.5, 3.625], "texture": "#1"},
				"down": {"uv": [3.15625, 4, 2.75, 6.0625], "texture": "#1"}
			}
		},
		{
			"from": [5.23241, -2.67071, 20.51853],
			"to": [10.76821, -0.16198, 23.02726],
			"rotation": {"angle": 0, "axis": "y", "origin": [8.00031, -1.8265, 20.73383]},
			"faces": {
				"north": {"uv": [0, 6, 0.4875, 0.025], "texture": "#2"},
				"east": {"uv": [6, 6, 0, 0], "texture": "#2"},
				"south": {"uv": [5.525, 6, 5.9625, 0], "texture": "#2"},
				"west": {"uv": [0, 6, 6, 0], "texture": "#2"},
				"up": {"uv": [11.5, 2.975, 12, 2], "texture": "#2"},
				"down": {"uv": [0, 0.475, 5.9875, 0], "texture": "#2"}
			}
		},
		{
			"from": [5.67741, -3.03116, 20.15808],
			"to": [10.32321, 0.19847, 23.38771],
			"rotation": {"angle": 0, "axis": "y", "origin": [8.00031, -1.8265, 20.73383]},
			"faces": {
				"north": {"uv": [7, 4.75, 7.03125, 5.25], "texture": "#1"},
				"east": {"uv": [7.5, 4.75, 7, 5.25], "texture": "#1"},
				"south": {"uv": [7.46875, 4.75, 7.5, 5.25], "texture": "#1"},
				"west": {"uv": [7, 4.75, 7.5, 5.25], "texture": "#1"},
				"up": {"uv": [6.78125, 4.25, 6.75, 3.75], "texture": "#1"},
				"down": {"uv": [6.78125, 4.25, 6.75, 4.75], "texture": "#1"}
			}
		},
		{
			"from": [5.25, -1.10937, 19.45703],
			"to": [11.32813, 0.89063, 21.45703],
			"faces": {
				"north": {"uv": [0, 0, 0.25, 0.25], "texture": "#3"},
				"east": {"uv": [16, 0, 0, 16], "texture": "#3"},
				"south": {"uv": [0, 0, 0.25, 0.25], "texture": "#3"},
				"west": {"uv": [0, 0, 16, 16], "texture": "#3"},
				"up": {"uv": [0, 0, 0.25, 0.25], "texture": "#3"},
				"down": {"uv": [0, 0, 0.25, 0.25], "texture": "#3"}
			}
		},
		{
			"from": [5.5, 5.9375, 4.66016],
			"to": [10.32813, 7.9375, 6.66016],
			"faces": {
				"north": {"uv": [0, 0, 0.25, 0.25], "texture": "#3"},
				"east": {"uv": [16, 0, 0, 16], "texture": "#3"},
				"south": {"uv": [0, 0, 0.25, 0.25], "texture": "#3"},
				"west": {"uv": [0, 0, 16, 16], "texture": "#3"},
				"up": {"uv": [0, 0, 0.25, 0.25], "texture": "#3"},
				"down": {"uv": [0, 0, 0.25, 0.25], "texture": "#3"}
			}
		},
		{
			"from": [5.5, 0.24609, -4.32812],
			"to": [10.32813, 2.24609, -2.32812],
			"faces": {
				"north": {"uv": [0, 0, 0.25, 0.25], "texture": "#3"},
				"east": {"uv": [16, 0, 0, 16], "texture": "#3"},
				"south": {"uv": [0, 0, 0.25, 0.25], "texture": "#3"},
				"west": {"uv": [0, 0, 16, 16], "texture": "#3"},
				"up": {"uv": [0, 0, 0.25, 0.25], "texture": "#3"},
				"down": {"uv": [0, 0, 0.25, 0.25], "texture": "#3"}
			}
		},
		{
			"from": [6.84141, 5.99219, -14.17969],
			"to": [9.22656, 7.99219, -12.17969],
			"faces": {
				"north": {"uv": [0, 0, 0.25, 0.25], "texture": "#4"},
				"east": {"uv": [16, 0, 0, 16], "texture": "#4"},
				"south": {"uv": [0, 0, 0.25, 0.25], "texture": "#4"},
				"west": {"uv": [0, 0, 16, 16], "texture": "#4"},
				"up": {"uv": [0, 0, 0.25, 0.25], "texture": "#4"},
				"down": {"uv": [0, 0, 0.25, 0.25], "texture": "#4"}
			}
		},
		{
			"from": [6.22813, -9.13281, -1.90234],
			"to": [9.70703, -7.13281, 0.09766],
			"faces": {
				"north": {"uv": [0, 0, 0.25, 0.25], "texture": "#4"},
				"east": {"uv": [16, 0, 0, 16], "texture": "#4"},
				"south": {"uv": [0, 0, 0.25, 0.25], "texture": "#4"},
				"west": {"uv": [0, 0, 16, 16], "texture": "#4"},
				"up": {"uv": [0, 0, 0.25, 0.25], "texture": "#4"},
				"down": {"uv": [0, 0, 0.25, 0.25], "texture": "#4"}
			}
		},
		{
			"from": [5.81406, 8.57813, 25.07813],
			"to": [9.94141, 10.57813, 27.07813],
			"faces": {
				"north": {"uv": [0, 0, 0.25, 0.25], "texture": "#4"},
				"east": {"uv": [16, 0, 0, 16], "texture": "#4"},
				"south": {"uv": [0, 0, 0.25, 0.25], "texture": "#4"},
				"west": {"uv": [0, 0, 16, 16], "texture": "#4"},
				"up": {"uv": [0, 0, 0.25, 0.25], "texture": "#4"},
				"down": {"uv": [0, 0, 0.25, 0.25], "texture": "#4"}
			}
		},
		{
			"from": [6.34491, 7.33416, 18.84557],
			"to": [9.65571, 9.43143, 23.63718],
			"rotation": {"angle": 0, "axis": "y", "origin": [8.00069, 0.5354, 7.85092]},
			"faces": {
				"north": {"uv": [8.25, 6.875, 8.65625, 7.125], "texture": "#1"},
				"east": {"uv": [8.46875, 4.5, 7.875, 4.75], "texture": "#1"},
				"south": {"uv": [2.625, 8.375, 3.03125, 8.625], "texture": "#1"},
				"west": {"uv": [7.875, 4.5, 8.46875, 4.75], "texture": "#1"},
				"up": {"uv": [5.53125, 7.71875, 5.125, 7.125], "texture": "#1"},
				"down": {"uv": [7.78125, 0, 7.375, 0.59375], "texture": "#1"}
			}
		},
		{
			"from": [6.89671, 7.33416, 7.80957],
			"to": [9.10391, 8.33861, 23.25997],
			"rotation": {"angle": 0, "axis": "y", "origin": [8.00069, 0.5354, 7.85092]},
			"faces": {
				"north": {"uv": [8.875, 8, 9.15625, 8.125], "texture": "#1"},
				"east": {"uv": [9.1875, 6.75, 7.25, 6.875], "texture": "#1"},
				"south": {"uv": [8.875, 8.125, 9.15625, 8.25], "texture": "#1"},
				"west": {"uv": [7.25, 6.75, 9.1875, 6.875], "texture": "#1"},
				"up": {"uv": [0.65625, 7.6875, 0.375, 5.75], "texture": "#1"},
				"down": {"uv": [5.90625, 5.75, 5.625, 7.6875], "texture": "#1"}
			}
		},
		{
			"from": [6.62081, 7.33416, 7.80957],
			"to": [9.37981, 8.80635, 23.25997],
			"rotation": {"angle": 0, "axis": "y", "origin": [8.00069, 0.5354, 7.85092]},
			"faces": {
				"north": {"uv": [6.375, 8.625, 6.71875, 8.8125], "texture": "#1"},
				"east": {"uv": [8.0625, 3.5, 6.125, 3.6875], "texture": "#1"},
				"south": {"uv": [6.75, 8.625, 7.09375, 8.8125], "texture": "#1"},
				"west": {"uv": [6.125, 3.5, 8.0625, 3.6875], "texture": "#1"},
				"up": {"uv": [1.84375, 7.4375, 1.5, 5.5], "texture": "#1"},
				"down": {"uv": [2.21875, 5.5, 1.875, 7.4375], "texture": "#1"}
			}
		},
		{
			"from": [6.95478, 7.05167, 0.09084],
			"to": [9.0693, 7.91816, 0.09084],
			"rotation": {"angle": 0, "axis": "y", "origin": [8.00069, 0.5354, 7.85092]},
			"faces": {
				"north": {"uv": [0.5, 9.125, 0.75, 9.21875], "texture": "#1"},
				"east": {"uv": [0, 0, 0, 0.09375], "texture": "#1"},
				"south": {"uv": [9.125, 0.5, 9.375, 0.59375], "texture": "#1"},
				"west": {"uv": [0, 0, 0, 0.09375], "texture": "#1"},
				"up": {"uv": [0.25, 0, 0, 0], "texture": "#1"},
				"down": {"uv": [0.25, 0, 0, 0], "texture": "#1"}
			}
		},
		{
			"from": [11.83242, 5.44353, 0.08869],
			"to": [12.45751, 7.09893, 7.80096],
			"rotation": {"angle": 45, "axis": "z", "origin": [8.00069, 0.5354, 7.85092]},
			"faces": {
				"north": {"uv": [6.5, 7.75, 6.59375, 7.96875], "texture": "#1"},
				"east": {"uv": [7.625, 1.375, 8.59375, 1.59375], "texture": "#1"},
				"south": {"uv": [5.5, 8.125, 5.59375, 8.34375], "texture": "#1"},
				"west": {"uv": [7.625, 1.625, 8.59375, 1.84375], "texture": "#1"},
				"up": {"uv": [4.71875, 6.59375, 4.625, 5.625], "texture": "#1"},
				"down": {"uv": [3.21875, 6.125, 3.125, 7.09375], "texture": "#1"}
			}
		},
		{
			"from": [8.81216, 6.69399, 0.08869],
			"to": [9.43725, 8.34939, 7.80096],
			"rotation": {"angle": -45, "axis": "z", "origin": [9.12471, 7.52169, 3.94483]},
			"faces": {
				"north": {"uv": [6.59375, 7.75, 6.5, 7.96875], "texture": "#1"},
				"east": {"uv": [8.59375, 1.625, 7.625, 1.84375], "texture": "#1"},
				"south": {"uv": [5.59375, 8.125, 5.5, 8.34375], "texture": "#1"},
				"west": {"uv": [8.59375, 1.375, 7.625, 1.59375], "texture": "#1"},
				"up": {"uv": [4.625, 6.59375, 4.71875, 5.625], "texture": "#1"},
				"down": {"uv": [3.125, 6.125, 3.21875, 7.09375], "texture": "#1"}
			}
		},
		{
			"from": [0.26661, 5.53767, 3.38952],
			"to": [0.75589, 6.50332, 7.80392],
			"rotation": {"angle": -45, "axis": "z", "origin": [8.00069, 0.5354, 7.84311]},
			"faces": {
				"north": {"uv": [9, 9.125, 9.0625, 9.25], "texture": "#1"},
				"east": {"uv": [7.875, 6.625, 8.4375, 6.75], "texture": "#1"},
				"south": {"uv": [9.125, 9.125, 9.1875, 9.25], "texture": "#1"},
				"west": {"uv": [8.5, 6.625, 9.0625, 6.75], "texture": "#1"},
				"up": {"uv": [7.9375, 0.5625, 7.875, 0], "texture": "#1"},
				"down": {"uv": [7.6875, 8.875, 7.625, 9.4375], "texture": "#1"}
			}
		},
		{
			"from": [9.17196, 9.22696, 3.38952],
			"to": [9.66124, 10.19261, 7.80392],
			"rotation": {"angle": 45, "axis": "z", "origin": [9.4166, 9.70978, 5.59672]},
			"faces": {
				"north": {"uv": [9.0625, 9.125, 9, 9.25], "texture": "#1"},
				"east": {"uv": [9.0625, 6.625, 8.5, 6.75], "texture": "#1"},
				"south": {"uv": [9.1875, 9.125, 9.125, 9.25], "texture": "#1"},
				"west": {"uv": [8.4375, 6.625, 7.875, 6.75], "texture": "#1"},
				"up": {"uv": [7.875, 0.5625, 7.9375, 0], "texture": "#1"},
				"down": {"uv": [7.625, 8.875, 7.6875, 9.4375], "texture": "#1"}
			}
		},
		{
			"from": [6.86084, 2.69155, -4.33003],
			"to": [9.13977, 4.08209, 11.67217],
			"rotation": {"angle": 0, "axis": "y", "origin": [8.00069, 0.5354, 7.85092]},
			"faces": {
				"north": {"uv": [8.875, 4.25, 9.15625, 4.4375], "texture": "#1"},
				"east": {"uv": [8.125, 3, 6.125, 3.1875], "texture": "#1"},
				"south": {"uv": [8.875, 4.5, 9.15625, 4.6875], "texture": "#1"},
				"west": {"uv": [6.125, 3, 8.125, 3.1875], "texture": "#1"},
				"up": {"uv": [5.90625, 5.75, 5.625, 3.75], "texture": "#1"},
				"down": {"uv": [4.53125, 5.625, 4.25, 7.625], "texture": "#1"}
			}
		},
		{
			"from": [6.30904, -6.25064, -3.47246],
			"to": [9.69157, -3.91601, 23.36097],
			"rotation": {"angle": -22.5, "axis": "x", "origin": [8.00069, 0.5354, 7.85092]},
			"faces": {
				"north": {"uv": [8.25, 0, 8.6875, 0.28125], "texture": "#1"},
				"east": {"uv": [6.84375, 1.875, 3.5, 2.15625], "texture": "#1"},
				"south": {"uv": [8.25, 0.375, 8.6875, 0.65625], "texture": "#1"},
				"west": {"uv": [3.5, 1.875, 6.84375, 2.15625], "texture": "#1"},
				"up": {"uv": [2.1875, 3.34375, 1.75, 0], "texture": "#1"},
				"down": {"uv": [0.4375, 2, 0, 5.34375], "texture": "#1"}
			}
		},
		{
			"from": [6.31119, -3.55267, 19.3004],
			"to": [9.68295, 0.06446, 24.36143],
			"rotation": {"angle": 0, "axis": "y", "origin": [8.00069, 0.5354, 7.85092]},
			"faces": {
				"north": {"uv": [0.5, 7.75, 0.90625, 8.1875], "texture": "#1"},
				"east": {"uv": [7.25, 6.75, 6.625, 7.1875], "texture": "#1"},
				"south": {"uv": [1, 7.75, 1.40625, 8.1875], "texture": "#1"},
				"west": {"uv": [6.625, 6.75, 7.25, 7.1875], "texture": "#1"},
				"up": {"uv": [5.03125, 7.625, 4.625, 7], "texture": "#1"},
				"down": {"uv": [3.15625, 7.125, 2.75, 7.75], "texture": "#1"}
			}
		},
		{
			"from": [6.32726, 7.45573, 20.49106],
			"to": [9.67085, 9.3097, 23.25221],
			"rotation": {"angle": 45, "axis": "x", "origin": [8.00069, 0.5354, 7.85092]},
			"faces": {
				"north": {"uv": [8.5, 3.375, 8.90625, 3.59375], "texture": "#1"},
				"east": {"uv": [8.84375, 8.5, 8.5, 8.71875], "texture": "#1"},
				"south": {"uv": [8.5, 3.625, 8.90625, 3.84375], "texture": "#1"},
				"west": {"uv": [8.5, 8.5, 8.84375, 8.71875], "texture": "#1"},
				"up": {"uv": [7.28125, 8.34375, 6.875, 8], "texture": "#1"},
				"down": {"uv": [8.53125, 3, 8.125, 3.34375], "texture": "#1"}
			}
		},
		{
			"from": [6.03314, -6.01335, 23.6347],
			"to": [9.97394, 10.12896, 26.45431],
			"rotation": {"angle": 0, "axis": "y", "origin": [8.00069, 0.5354, 7.85092]},
			"faces": {
				"north": {"uv": [2.25, 3.125, 2.75, 5.15625], "texture": "#1"},
				"east": {"uv": [0.34375, 5.375, 0, 7.40625], "texture": "#1"},
				"south": {"uv": [1.75, 3.375, 2.25, 5.40625], "texture": "#1"},
				"west": {"uv": [0, 5.375, 0.34375, 7.40625], "texture": "#1"},
				"up": {"uv": [8.25, 2.84375, 7.75, 2.5], "texture": "#1"},
				"down": {"uv": [5.625, 7.75, 5.125, 8.09375], "texture": "#1"}
			}
		},
		{
			"from": [6.31551, -12.2699, 4.64253],
			"to": [9.68942, -10.34506, 6.58487],
			"rotation": {"angle": 22.5, "axis": "x", "origin": [8.00069, 0.5354, 7.85092]},
			"faces": {
				"north": {"uv": [3.125, 8.375, 3.53125, 8.625], "texture": "#1"},
				"east": {"uv": [8.875, 7.25, 8.625, 7.5], "texture": "#1"},
				"south": {"uv": [5.5, 8.375, 5.90625, 8.625], "texture": "#1"},
				"west": {"uv": [8.625, 7.25, 8.875, 7.5], "texture": "#1"},
				"up": {"uv": [6.78125, 8.625, 6.375, 8.375], "texture": "#1"},
				"down": {"uv": [7.28125, 8.375, 6.875, 8.625], "texture": "#1"}
			}
		},
		{
			"from": [6.31336, -7.62407, -2.09902],
			"to": [9.6711, -6.24457, 17.54833],
			"rotation": {"angle": -22.5, "axis": "x", "origin": [8.00069, 0.5354, 7.85092]},
			"faces": {
				"north": {"uv": [8.5, 5, 8.9375, 5.1875], "texture": "#1"},
				"east": {"uv": [8.46875, 5.5, 6, 5.6875], "texture": "#1"},
				"south": {"uv": [8.5, 5.25, 8.9375, 5.4375], "texture": "#1"},
				"west": {"uv": [6, 5.5, 8.46875, 5.6875], "texture": "#1"},
				"up": {"uv": [1.6875, 4.46875, 1.25, 2], "texture": "#1"},
				"down": {"uv": [3.4375, 1.5, 3, 3.96875], "texture": "#1"}
			}
		},
		{
			"from": [6.31683, -10.81065, 1.78087],
			"to": [9.67106, -6.22228, 14.15525],
			"rotation": {"angle": 0, "axis": "y", "origin": [8.00069, 0.5354, 7.85092]},
			"faces": {
				"north": {"uv": [6.625, 7.375, 7.03125, 7.9375], "texture": "#1"},
				"east": {"uv": [5.03125, 2.875, 3.5, 3.4375], "texture": "#1"},
				"south": {"uv": [7.125, 7.375, 7.53125, 7.9375], "texture": "#1"},
				"west": {"uv": [3.5, 2.875, 5.03125, 3.4375], "texture": "#1"},
				"up": {"uv": [3.65625, 7.15625, 3.25, 5.625], "texture": "#1"},
				"down": {"uv": [4.15625, 5.625, 3.75, 7.15625], "texture": "#1"}
			}
		},
		{
			"from": [6.04009, 1.83201, 23.41791],
			"to": [9.96073, 14.20639, 28.00628],
			"rotation": {"angle": 22.5, "axis": "x", "origin": [7.7172, 5.62858, 26.12225]},
			"faces": {
				"north": {"uv": [3.65625, 7.15625, 3.25, 5.625], "rotation": 180, "texture": "#1"},
				"east": {"uv": [5.03125, 2.875, 3.5, 3.4375], "rotation": 90, "texture": "#1"},
				"south": {"uv": [4.15625, 5.625, 3.75, 7.15625], "texture": "#1"},
				"west": {"uv": [3.5, 2.875, 5.03125, 3.4375], "rotation": 270, "texture": "#1"},
				"up": {"uv": [7.125, 7.375, 7.53125, 7.9375], "texture": "#1"},
				"down": {"uv": [6.625, 7.375, 7.03125, 7.9375], "rotation": 180, "texture": "#1"}
			}
		},
		{
			"from": [6.044, -9.16185, 19.82102],
			"to": [9.94119, 3.21253, 24.40939],
			"rotation": {"angle": -22.5, "axis": "x", "origin": [8.00041, 8.00581, 26.65817]},
			"faces": {
				"north": {"uv": [3.65625, 5.625, 3.25, 7.15625], "rotation": 180, "texture": "#1"},
				"east": {"uv": [3.5, 2.875, 5.03125, 3.4375], "rotation": 90, "texture": "#1"},
				"south": {"uv": [4.15625, 7.15625, 3.75, 5.625], "texture": "#1"},
				"west": {"uv": [5.03125, 2.875, 3.5, 3.4375], "rotation": 270, "texture": "#1"},
				"up": {"uv": [6.625, 7.9375, 7.03125, 7.375], "rotation": 180, "texture": "#1"},
				"down": {"uv": [7.125, 7.9375, 7.53125, 7.375], "texture": "#1"}
			}
		},
		{
			"from": [6.86299, -0.64201, 12.07759],
			"to": [9.13762, 0.39719, 14.09726],
			"rotation": {"angle": -45, "axis": "x", "origin": [8.00069, 0.5354, 7.85092]},
			"faces": {
				"north": {"uv": [8.875, 8.25, 9.15625, 8.375], "texture": "#1"},
				"east": {"uv": [1.75, 9, 1.5, 9.125], "texture": "#1"},
				"south": {"uv": [8.875, 8.375, 9.15625, 8.5], "texture": "#1"},
				"west": {"uv": [1.5, 9, 1.75, 9.125], "texture": "#1"},
				"up": {"uv": [8.90625, 2.875, 8.625, 2.625], "texture": "#1"},
				"down": {"uv": [3.15625, 8.625, 2.875, 8.875], "texture": "#1"}
			}
		},
		{
			"from": [6.86299, 13.63628, 15.954],
			"to": [9.13762, 14.27886, 17.07269],
			"rotation": {"angle": 45, "axis": "x", "origin": [8.00069, 0.5354, 7.85092]},
			"faces": {
				"north": {"uv": [9, 5.75, 9.28125, 5.84375], "texture": "#1"},
				"east": {"uv": [2.625, 8.25, 2.75, 8.34375], "texture": "#1"},
				"south": {"uv": [9, 5.875, 9.28125, 5.96875], "texture": "#1"},
				"west": {"uv": [6.375, 8.25, 6.5, 8.34375], "texture": "#1"},
				"up": {"uv": [9.15625, 8.625, 8.875, 8.5], "texture": "#1"},
				"down": {"uv": [9.15625, 8.625, 8.875, 8.75], "texture": "#1"}
			}
		},
		{
			"from": [4.68681, 2.23729, -4.32787],
			"to": [5.18366, 3.21398, 7.81173],
			"rotation": {"angle": -45, "axis": "z", "origin": [8.00069, 0.5354, 7.85092]},
			"faces": {
				"north": {"uv": [1.25, 9.25, 1.3125, 9.375], "texture": "#1"},
				"east": {"uv": [7.25, 7.125, 8.78125, 7.25], "texture": "#1"},
				"south": {"uv": [1.375, 9.25, 1.4375, 9.375], "texture": "#1"},
				"west": {"uv": [7.625, 1.875, 9.15625, 2], "texture": "#1"},
				"up": {"uv": [1.9375, 9.53125, 1.875, 8], "texture": "#1"},
				"down": {"uv": [3.6875, 8.375, 3.625, 9.90625], "texture": "#1"}
			}
		},
		{
			"from": [7.55007, 4.07539, -4.33003],
			"to": [8.44915, 4.77271, 7.80957],
			"rotation": {"angle": 0, "axis": "y", "origin": [8.00069, 0.5354, 7.85092]},
			"faces": {
				"north": {"uv": [8.75, 1, 8.875, 1.09375], "texture": "#1"},
				"east": {"uv": [7.75, 2.875, 9.28125, 2.96875], "texture": "#1"},
				"south": {"uv": [9.125, 7, 9.25, 7.09375], "texture": "#1"},
				"west": {"uv": [7.875, 6.5, 9.40625, 6.59375], "texture": "#1"},
				"up": {"uv": [0.375, 9.03125, 0.25, 7.5], "texture": "#1"},
				"down": {"uv": [0.5, 7.75, 0.375, 9.28125], "texture": "#1"}
			}
		},
		{
			"from": [6.86766, 10.9592, -2.11702],
			"to": [9.13762, 11.65652, 1.74558],
			"rotation": {"angle": -45, "axis": "x", "origin": [8.00069, 0.5354, 7.85092]},
			"faces": {
				"north": {"uv": [6.875, 9, 7.15625, 9.09375], "texture": "#1"},
				"east": {"uv": [9.34375, 7.125, 8.875, 7.21875], "texture": "#1"},
				"south": {"uv": [9, 7.5, 9.28125, 7.59375], "texture": "#1"},
				"west": {"uv": [8.875, 7.125, 9.34375, 7.21875], "texture": "#1"},
				"up": {"uv": [8.40625, 3.84375, 8.125, 3.375], "texture": "#1"},
				"down": {"uv": [8.40625, 3.875, 8.125, 4.34375], "texture": "#1"}
			}
		},
		{
			"from": [6.87627, 7.03569, -3.68132],
			"to": [9.12469, 7.56487, -2.18112],
			"rotation": {"angle": -22.5, "axis": "x", "origin": [8.00069, 0.5354, 7.85092]},
			"faces": {
				"north": {"uv": [9.125, 6.125, 9.40625, 6.1875], "texture": "#1"},
				"east": {"uv": [7.5625, 9.125, 7.375, 9.1875], "texture": "#1"},
				"south": {"uv": [9.125, 6.625, 9.40625, 6.6875], "texture": "#1"},
				"west": {"uv": [7.375, 9.125, 7.5625, 9.1875], "texture": "#1"},
				"up": {"uv": [9.15625, 4.9375, 8.875, 4.75], "texture": "#1"},
				"down": {"uv": [5.28125, 8.875, 5, 9.0625], "texture": "#1"}
			}
		},
		{
			"from": [6.87412, 6.35117, -5.34727],
			"to": [9.13547, 7.04848, -0.49316],
			"rotation": {"angle": -22.5, "axis": "x", "origin": [8.00069, 0.5354, 7.85092]},
			"faces": {
				"north": {"uv": [9, 7.625, 9.28125, 7.71875], "texture": "#1"},
				"east": {"uv": [9.21875, 6.375, 8.625, 6.46875], "texture": "#1"},
				"south": {"uv": [7.75, 9, 8.03125, 9.09375], "texture": "#1"},
				"west": {"uv": [8.625, 6.375, 9.21875, 6.46875], "texture": "#1"},
				"up": {"uv": [3.78125, 8.34375, 3.5, 7.75], "texture": "#1"},
				"down": {"uv": [5.90625, 7.75, 5.625, 8.34375], "texture": "#1"}
			}
		},
		{
			"from": [6.87588, -1.3959, -2.63706],
			"to": [9.13331, -0.20648, -0.10223],
			"rotation": {"angle": 22.5, "axis": "x", "origin": [8.00069, 0.5354, 7.85092]},
			"faces": {
				"north": {"uv": [0.5, 9, 0.78125, 9.125], "texture": "#1"},
				"east": {"uv": [9.1875, 7.875, 8.875, 8], "texture": "#1"},
				"south": {"uv": [9, 0.625, 9.28125, 0.75], "texture": "#1"},
				"west": {"uv": [8.875, 7.875, 9.1875, 8], "texture": "#1"},
				"up": {"uv": [8.78125, 4.1875, 8.5, 3.875], "texture": "#1"},
				"down": {"uv": [4.40625, 8.5, 4.125, 8.8125], "texture": "#1"}
			}
		},
		{
			"from": [7.15002, -4.19553, -2.72622],
			"to": [8.85957, 7.04848, 0.05864],
			"rotation": {"angle": -22.5, "axis": "x", "origin": [8.00069, 0.5354, 7.85092]},
			"faces": {
				"north": {"uv": [2.25, 6.75, 2.46875, 8.15625], "texture": "#1"},
				"east": {"uv": [6.34375, 3.75, 6, 5.15625], "texture": "#1"},
				"south": {"uv": [2.5, 6.75, 2.71875, 8.15625], "texture": "#1"},
				"west": {"uv": [6, 3.75, 6.34375, 5.15625], "texture": "#1"},
				"up": {"uv": [0.96875, 6.09375, 0.75, 5.75], "texture": "#1"},
				"down": {"uv": [0.71875, 8.625, 0.5, 8.96875], "texture": "#1"}
			}
		},
		{
			"from": [7.35002, -5.96381, -8.95622],
			"to": [8.65957, -0.1223, -2.72622],
			"rotation": {"angle": -22.5, "axis": "x", "origin": [8.00069, 0.5354, 7.85092]},
			"faces": {
				"north": {"uv": [16, 0, 16, 0], "texture": "#1"},
				"east": {"uv": [5.53125, 0.5, 4.75, 1.21875], "texture": "#1"},
				"south": {"uv": [16, 0, 16, 0], "texture": "#1"},
				"west": {"uv": [4.75, 0.5, 5.53125, 1.21875], "texture": "#1"},
				"up": {"uv": [16, 0, 16, 0], "texture": "#1"},
				"down": {"uv": [1.21875, 3.625, 1, 4.40625], "texture": "#1"}
			}
		},
		{
			"from": [7.15783, 1.57574, -11.90399],
			"to": [8.84395, 4.30225, -3.89399],
			"rotation": {"angle": 0, "axis": "y", "origin": [8.00069, 0.5354, 7.85092]},
			"faces": {
				"north": {"uv": [8.625, 1.125, 8.84375, 1.46875], "texture": "#1"},
				"east": {"uv": [7.375, 0.375, 6.375, 0.71875], "texture": "#1"},
				"south": {"uv": [8.625, 1.5, 8.84375, 1.84375], "texture": "#1"},
				"west": {"uv": [6.375, 0.375, 7.375, 0.71875], "texture": "#1"},
				"up": {"uv": [1.71875, 5.5, 1.5, 4.5], "texture": "#1"},
				"down": {"uv": [4.09375, 7.25, 3.875, 8.25], "texture": "#1"}
			}
		},
		{
			"from": [6.48252, 6.58105, -7.89899],
			"to": [9.52707, 8.64006, 0.11101],
			"rotation": {"angle": 0, "axis": "y", "origin": [8.00069, 0.5354, 7.85092]},
			"faces": {
				"north": {"uv": [16, 0, 16, 0], "texture": "#1"},
				"east": {"uv": [16, 0, 16, 0], "texture": "#1"},
				"south": {"uv": [16, 0, 16, 0], "texture": "#1"},
				"west": {"uv": [16, 0, 16, 0], "texture": "#1"},
				"up": {"uv": [5.625, 7.03125, 5.25, 6.03125], "texture": "#1"},
				"down": {"uv": [16, 0, 16, 0], "texture": "#1"}
			}
		},
		{
			"from": [6.48252, 7.36074, -7.89899],
			"to": [9.52707, 9.41975, 0.11101],
			"rotation": {"angle": 0, "axis": "y", "origin": [8.00069, 0.5354, 7.85092]},
			"faces": {
				"north": {"uv": [16, 0, 16, 0], "texture": "#1"},
				"east": {"uv": [7.87188, 6.50313, 6.875, 6.74688], "texture": "#1"},
				"south": {"uv": [16, 0, 16, 0], "texture": "#1"},
				"west": {"uv": [6.875, 6.50313, 7.87188, 6.74688], "texture": "#1"},
				"up": {"uv": [3.12188, 7.11875, 2.75313, 6.125], "texture": "#1"},
				"down": {"uv": [16, 0, 16, 0], "texture": "#1"}
			}
		},
		{
			"from": [7.15002, -4.51721, 7.27646],
			"to": [8.85957, 2.73489, 10.06132],
			"rotation": {"angle": 0, "axis": "y", "origin": [8.00069, 0.5354, 7.85092]},
			"faces": {
				"north": {"uv": [0, 7.5, 0.21875, 8.40625], "texture": "#1"},
				"east": {"uv": [6.84375, 5.75, 6.5, 6.65625], "texture": "#1"},
				"south": {"uv": [2, 7.5, 2.21875, 8.40625], "texture": "#1"},
				"west": {"uv": [6.5, 5.75, 6.84375, 6.65625], "texture": "#1"},
				"up": {"uv": [0.96875, 8.96875, 0.75, 8.625], "texture": "#1"},
				"down": {"uv": [1.21875, 8.625, 1, 8.96875], "texture": "#1"}
			}
		},
		{
			"from": [8.02971, -0.33775, 4.79336],
			"to": [8.05558, 2.73489, 7.30232],
			"rotation": {"angle": 0, "axis": "y", "origin": [8.00069, 0.5354, 7.85092]},
			"faces": {
				"north": {"uv": [7.75, 9.125, 7.78125, 9.5], "texture": "#1"},
				"east": {"uv": [8.6875, 0.75, 8.375, 1.125], "texture": "#1"},
				"south": {"uv": [7.875, 9.125, 7.90625, 9.5], "texture": "#1"},
				"west": {"uv": [8.375, 0.75, 8.6875, 1.125], "texture": "#1"},
				"up": {"uv": [8.03125, 9.4375, 8, 9.125], "texture": "#1"},
				"down": {"uv": [8.53125, 9.125, 8.5, 9.4375], "texture": "#1"}
			}
		},
		{
			"from": [8.05558, -3.62054, 9.90614],
			"to": [8.07713, 4.15534, 23.727],
			"rotation": {"angle": 0, "axis": "y", "origin": [8.00069, 0.5354, 7.85092]},
			"faces": {
				"north": {"uv": [0.125, 9, 0.15625, 9.96875], "texture": "#1"},
				"east": {"uv": [1.71875, 1, 0, 1.96875], "texture": "#1"},
				"south": {"uv": [1.125, 9, 1.15625, 9.96875], "texture": "#1"},
				"west": {"uv": [0, 1, 1.71875, 1.96875], "texture": "#1"},
				"up": {"uv": [3.53125, 10.59375, 3.5, 8.875], "texture": "#1"},
				"down": {"uv": [4.15625, 8.875, 4.125, 10.59375], "texture": "#1"}
			}
		},
		{
			"from": [7.14139, -5.24261, 5.82369],
			"to": [8.85957, -0.46715, 7.27862],
			"rotation": {"angle": 0, "axis": "y", "origin": [8.00069, 0.5354, 7.85092]},
			"faces": {
				"north": {"uv": [4.5, 8, 4.71875, 8.59375], "texture": "#1"},
				"east": {"uv": [4.0625, 8.25, 3.875, 8.84375], "texture": "#1"},
				"south": {"uv": [7.375, 8, 7.59375, 8.59375], "texture": "#1"},
				"west": {"uv": [3.875, 8.25, 4.0625, 8.84375], "texture": "#1"},
				"up": {"uv": [9.09375, 7.4375, 8.875, 7.25], "texture": "#1"},
				"down": {"uv": [7.59375, 8.875, 7.375, 9.0625], "texture": "#1"}
			}
		},
		{
			"from": [7.14139, -3.01761, 3.47875],
			"to": [8.85957, -0.46715, 5.82369],
			"rotation": {"angle": 0, "axis": "y", "origin": [8.00069, 0.5354, 7.85092]},
			"faces": {
				"north": {"uv": [8.625, 6, 8.84375, 6.3125], "texture": "#1"},
				"east": {"uv": [8.78125, 4.625, 8.5, 4.9375], "texture": "#1"},
				"south": {"uv": [6.125, 8.625, 6.34375, 8.9375], "texture": "#1"},
				"west": {"uv": [8.5, 4.625, 8.78125, 4.9375], "texture": "#1"},
				"up": {"uv": [1.46875, 9.15625, 1.25, 8.875], "texture": "#1"},
				"down": {"uv": [9.09375, 1.375, 8.875, 1.65625], "texture": "#1"}
			}
		},
		{
			"from": [7.15217, 2.66946, 7.84413],
			"to": [8.8531, 4.63204, 8.83995],
			"rotation": {"angle": 45, "axis": "x", "origin": [8.00069, 0.5354, 7.85092]},
			"faces": {
				"north": {"uv": [3, 8.875, 3.21875, 9.125], "texture": "#1"},
				"east": {"uv": [6, 1.25, 5.875, 1.5], "texture": "#1"},
				"south": {"uv": [3.25, 8.875, 3.46875, 9.125], "texture": "#1"},
				"west": {"uv": [5.875, 1.25, 6, 1.5], "texture": "#1"},
				"up": {"uv": [4.71875, 9.125, 4.5, 9], "texture": "#1"},
				"down": {"uv": [4.96875, 9, 4.75, 9.125], "texture": "#1"}
			}
		},
		{
			"from": [7.15217, -0.61087, 5.59434],
			"to": [8.8531, 0.38496, 7.69271],
			"rotation": {"angle": -22.5, "axis": "x", "origin": [8.00069, 0.5354, 7.85092]},
			"faces": {
				"north": {"uv": [9, 5, 9.21875, 5.125], "texture": "#1"},
				"east": {"uv": [2.5, 9, 2.25, 9.125], "texture": "#1"},
				"south": {"uv": [9, 5.125, 9.21875, 5.25], "texture": "#1"},
				"west": {"uv": [2.25, 9, 2.5, 9.125], "texture": "#1"},
				"up": {"uv": [4.09375, 9.125, 3.875, 8.875], "texture": "#1"},
				"down": {"uv": [9.09375, 3.875, 8.875, 4.125], "texture": "#1"}
			}
		},
		{
			"from": [7.15217, -2.35482, -1.26082],
			"to": [8.84879, -1.37514, -0.26931],
			"rotation": {"angle": 22.5, "axis": "x", "origin": [8.00069, 0.5354, 7.85092]},
			"faces": {
				"north": {"uv": [9, 5.25, 9.21875, 5.375], "texture": "#1"},
				"east": {"uv": [7.625, 1.125, 7.5, 1.25], "texture": "#1"},
				"south": {"uv": [5.375, 9, 5.59375, 9.125], "texture": "#1"},
				"west": {"uv": [7.5, 1.125, 7.625, 1.25], "texture": "#1"},
				"up": {"uv": [9.21875, 5.5, 9, 5.375], "texture": "#1"},
				"down": {"uv": [5.84375, 9, 5.625, 9.125], "texture": "#1"}
			}
		},
		{
			"from": [7.15433, -7.84258, -1.90553],
			"to": [8.85094, -6.97858, 0.82143],
			"rotation": {"angle": 45, "axis": "x", "origin": [8.00069, 0.5354, 7.85092]},
			"faces": {
				"north": {"uv": [4.25, 9.125, 4.46875, 9.21875], "texture": "#1"},
				"east": {"uv": [9.28125, 8.875, 9, 8.96875], "texture": "#1"},
				"south": {"uv": [4.5, 9.125, 4.71875, 9.21875], "texture": "#1"},
				"west": {"uv": [9, 8.875, 9.28125, 8.96875], "texture": "#1"},
				"up": {"uv": [8.96875, 0.28125, 8.75, 0], "texture": "#1"},
				"down": {"uv": [8.96875, 0.375, 8.75, 0.65625], "texture": "#1"}
			}
		},
		{
			"from": [10.81071, 2.23782, -4.32787],
			"to": [11.31403, 3.21451, 7.81173],
			"rotation": {"angle": 45, "axis": "z", "origin": [8.00069, 0.5354, 7.85092]},
			"faces": {
				"north": {"uv": [9.25, 1.875, 9.3125, 2], "texture": "#1"},
				"east": {"uv": [9.15625, 1.875, 7.625, 2], "texture": "#1"},
				"south": {"uv": [2.25, 9.25, 2.3125, 9.375], "texture": "#1"},
				"west": {"uv": [7.75, 2.375, 9.28125, 2.5], "texture": "#1"},
				"up": {"uv": [3.8125, 9.90625, 3.75, 8.375], "texture": "#1"},
				"down": {"uv": [8.4375, 8.25, 8.375, 9.78125], "texture": "#1"}
			}
		}
	],
	"display": {
		"thirdperson_righthand": {
			"translation": [0, 2, -0.5],
			"scale": [0.4, 0.4, 0.4]
		},
		"thirdperson_lefthand": {
			"translation": [0, 2, -0.5],
			"scale": [0.4, 0.4, 0.4]
		},
		"firstperson_righthand": {
			"rotation": [0, 0, 0.2],
			"translation": [-9.05, 4, 2],
			"scale": [0.6, 0.5, 0.6]
		},
		"firstperson_lefthand": {
			"rotation": [-0.31, 5.47, 24.74],
			"translation": [2, 4.5, 2],
			"scale": [0.6, 0.5, 0.6]
		},
		"ground": {
			"rotation": [12.27, -4.46, -85.88],
			"translation": [2.75, 1.25, 0],
			"scale": [0.43, 0.43, 0.43]
		},
		"gui": {
			"rotation": [58.36, 50.22, -37.4],
			"translation": [0.75, 3, 0],
			"scale": [0.41, 0.41, 0.41]
		},
		"head": {
			"translation": [0, 31.5, 0],
			"scale": [0, 0, 0]
		},
		"fixed": {
			"rotation": [90, -45, 90],
			"translation": [-1, 2.75, 0],
			"scale": [0.43, 0.43, 0.43]
		}
	},
	"groups": [
		0,
		{
			"name": "group",
			"origin": [8.00069, 0.5354, 7.85092],
			"color": 0,
			"children": [1, 2]
		},
		3,
		4,
		5,
		6,
		7,
		8,
		9,
		10,
		11,
		12,
		13,
		14,
		15,
		16,
		17,
		18,
		19,
		20,
		21,
		22,
		23,
		24,
		{
			"name": "group",
			"origin": [8.00069, 0.5354, 7.85092],
			"color": 0,
			"children": [25, 26, 27, 28, 29, 30, 31, 32]
		},
		33,
		34,
		35,
		36,
		37,
		38,
		39,
		40,
		41,
		42,
		43,
		44,
		45,
		{
			"name": "group",
			"origin": [8.00069, 0.5354, 7.85092],
			"color": 0,
			"children": []
		},
		46,
		47,
		48,
		49,
		50,
		51,
		52,
		53,
		54,
		55,
		56,
		57,
		58,
		59,
		60,
		{
			"name": "group",
			"origin": [8.00069, 0.5354, 7.85092],
			"color": 0,
			"children": [61, 62, 63]
		},
		64,
		65,
		66,
		67,
		68,
		69,
		70,
		71,
		72,
		73
	]
}