{
	"textures": {
		"1": "block/color/armi/stangata/stangata_1",
		"2": "block/color/armi/stangata/stangata_2",
		"particle": "block/color/empty"
	},
	"elements": [
		{
			"from": [4.625, 4.85, 6.75],
			"to": [9.5, 5.825, 8.55],
			"rotation": {"angle": 0, "axis": "y", "origin": [-5, -2.65, -0.35]},
			"faces": {
				"north": {"uv": [1, 7.25, 4, 8.5], "texture": "#1"},
				"east": {"uv": [0, 0, 0, 0], "texture": "#1"},
				"south": {"uv": [12, 7.25, 15, 8.5], "texture": "#1"},
				"west": {"uv": [0, 0, 0, 0], "texture": "#1"},
				"up": {"uv": [12, 7, 15, 9], "texture": "#1"},
				"down": {"uv": [4, 9, 1, 7], "texture": "#1"}
			}
		},
		{
			"from": [9.25, 3.6, 7.15],
			"to": [9.5, 4.85, 8.15],
			"rotation": {"angle": 0, "axis": "y", "origin": [-4, -2.4, -0.35]},
			"faces": {
				"north": {"uv": [2.5, 8.75, 2.75, 10], "texture": "#1"},
				"east": {"uv": [7.5, 8.75, 8.5, 10], "texture": "#1"},
				"south": {"uv": [13.25, 8.75, 13.5, 10], "texture": "#1"},
				"west": {"uv": [7.5, 8.75, 8.5, 10], "texture": "#1"},
				"up": {"uv": [0, 0, 0, 0], "texture": "#1"},
				"down": {"uv": [2.75, 8.5, 2.5, 7.5], "texture": "#1"}
			}
		},
		{
			"from": [9.5, 3.35, 7.15],
			"to": [11, 3.6, 8.15],
			"rotation": {"angle": 0, "axis": "y", "origin": [-4, -2.4, -0.35]},
			"faces": {
				"north": {"uv": [0.75, 10, 2.5, 10.25], "texture": "#1"},
				"east": {"uv": [7.5, 10, 8.5, 10.25], "texture": "#1"},
				"south": {"uv": [13.5, 10, 15.25, 10.25], "texture": "#1"},
				"west": {"uv": [7.5, 10, 8.5, 10.25], "texture": "#1"},
				"up": {"uv": [13.5, 7.5, 15.25, 8.5], "texture": "#1"},
				"down": {"uv": [2.5, 8.5, 0.75, 7.5], "texture": "#1"}
			}
		},
		{
			"from": [11, 3.6, 7.15],
			"to": [11.25, 4.85, 8.15],
			"rotation": {"angle": 0, "axis": "y", "origin": [-4, -2.4, -0.35]},
			"faces": {
				"north": {"uv": [0.5, 9, 0.75, 10], "texture": "#1"},
				"east": {"uv": [7.5, 9, 8.5, 10], "texture": "#1"},
				"south": {"uv": [15.25, 9, 15.5, 10], "texture": "#1"},
				"west": {"uv": [7.5, 9, 8.5, 10], "texture": "#1"},
				"up": {"uv": [0, 0, 0, 0], "texture": "#1"},
				"down": {"uv": [0.75, 8.5, 0.5, 7.5], "texture": "#1"}
			}
		},
		{
			"from": [10.7, 3.875, 7.4],
			"to": [10.95, 5.1, 7.9],
			"rotation": {"angle": -22.5, "axis": "z", "origin": [10.65, 5.15, 7.4]},
			"faces": {
				"north": {"uv": [0.75, 2, 1.25, 3.25], "texture": "#1"},
				"east": {"uv": [7.75, 2, 8.25, 3.25], "texture": "#1"},
				"south": {"uv": [14.75, 2, 15.25, 3.25], "texture": "#1"},
				"west": {"uv": [7.75, 2, 8.25, 3.25], "texture": "#1"},
				"down": {"uv": [1.25, 8.25, 0.75, 7.75], "texture": "#1"}
			}
		},
		{
			"from": [0, 5.575, 6.75],
			"to": [4.625, 5.825, 8.55],
			"rotation": {"angle": 0, "axis": "y", "origin": [-5, -2.65, -0.35]},
			"faces": {
				"north": {"uv": [1.25, 7.33065, 13.33333, 7.79032], "texture": "#2"},
				"east": {"uv": [1.25, 7.33065, 13.33333, 7.79032], "texture": "#2"},
				"south": {"uv": [1.25, 7.33065, 13.33333, 7.79032], "texture": "#2"},
				"west": {"uv": [1.25, 7.33065, 13.33333, 7.79032], "texture": "#2"},
				"up": {"uv": [1.25, 7.33065, 13.33333, 7.79032], "texture": "#2"},
				"down": {"uv": [1.25, 7.33065, 13.33333, 7.79032], "texture": "#2"}
			}
		},
		{
			"from": [0, 5.075, 6.675],
			"to": [4.625, 5.575, 8.625],
			"rotation": {"angle": 0, "axis": "y", "origin": [-5, -2.65, -0.35]},
			"faces": {
				"north": {"uv": [1.7, 7.79032, 13.33333, 9.25], "texture": "#2"},
				"east": {"uv": [1.7, 7.79032, 13.33333, 9.25], "texture": "#2"},
				"south": {"uv": [1.7, 7.79032, 13.33333, 9.25], "texture": "#2"},
				"west": {"uv": [1.7, 7.79032, 13.33333, 9.25], "texture": "#2"},
				"up": {"uv": [1.7, 7.79032, 13.33333, 9.25], "texture": "#2"},
				"down": {"uv": [1.7, 7.79032, 13.33333, 9.25], "texture": "#2"}
			}
		},
		{
			"from": [0.25, 4.825, 6.75],
			"to": [4.625, 5.075, 8.55],
			"rotation": {"angle": 0, "axis": "y", "origin": [-5, -2.65, -0.35]},
			"faces": {
				"north": {"uv": [6.5, 2.70968, 12.33333, 6.16935], "texture": "#2"},
				"east": {"uv": [6.5, 2.70968, 12.33333, 6.16935], "texture": "#2"},
				"south": {"uv": [6.5, 2.70968, 12.33333, 6.16935], "texture": "#2"},
				"west": {"uv": [6.5, 2.70968, 12.33333, 6.16935], "texture": "#2"},
				"up": {"uv": [6.5, 2.70968, 12.33333, 6.16935], "texture": "#2"},
				"down": {"uv": [6.5, 2.70968, 12.33333, 6.16935], "texture": "#2"}
			}
		},
		{
			"name": "Element",
			"from": [-3.2, 6.925, 6.875],
			"to": [9.5, 7.175, 8.425],
			"rotation": {"angle": 0, "axis": "y", "origin": [-5, -2.65, -0.35]},
			"faces": {
				"north": {"uv": [16, 5.75, 16, 6], "texture": "#1"},
				"east": {"uv": [7.75, 5.75, 8.25, 6], "texture": "#1"},
				"south": {"uv": [0, 5.75, 0, 6], "texture": "#1"},
				"west": {"uv": [7.75, 5.75, 8.25, 6], "texture": "#1", "cullface": "west"},
				"up": {"uv": [0, 7.75, 0, 8.25], "texture": "#1"},
				"down": {"uv": [16, 8.25, 16, 7.75], "texture": "#1"}
			}
		},
		{
			"name": "Element",
			"from": [-3.2, 5.675, 6.875],
			"to": [9.5, 5.925, 8.425],
			"rotation": {"angle": 0, "axis": "y", "origin": [-5, -2.65, -0.35]},
			"faces": {
				"north": {"uv": [16, 5.75, 16, 6], "texture": "#1"},
				"east": {"uv": [7.75, 5.75, 8.25, 6], "texture": "#1"},
				"south": {"uv": [0, 5.75, 0, 6], "texture": "#1"},
				"west": {"uv": [7.75, 5.75, 8.25, 6], "texture": "#1", "cullface": "west"},
				"up": {"uv": [0, 7.75, 0, 8.25], "texture": "#1"},
				"down": {"uv": [16, 8.25, 16, 7.75], "texture": "#1"}
			}
		},
		{
			"name": "Element",
			"from": [-3.2, 5.425, 7.125],
			"to": [9.5, 5.675, 8.175],
			"rotation": {"angle": 0, "axis": "y", "origin": [-5, -2.65, -0.35]},
			"faces": {
				"north": {"uv": [16, 5.75, 16, 6], "texture": "#1"},
				"east": {"uv": [7.75, 5.75, 8.25, 6], "texture": "#1"},
				"south": {"uv": [0, 5.75, 0, 6], "texture": "#1"},
				"west": {"uv": [7.75, 5.75, 8.25, 6], "texture": "#1", "cullface": "west"},
				"up": {"uv": [0, 7.75, 0, 8.25], "texture": "#1"},
				"down": {"uv": [16, 8.25, 16, 7.75], "texture": "#1"}
			}
		},
		{
			"name": "Element",
			"from": [7.125, 7.425, 7.375],
			"to": [9.725, 7.75, 7.925],
			"rotation": {"angle": 0, "axis": "y", "origin": [-5, -2.65, -0.35]},
			"faces": {
				"north": {"uv": [16, 5.75, 16, 6], "texture": "#1"},
				"east": {"uv": [7.75, 5.75, 8.25, 6], "texture": "#1"},
				"south": {"uv": [0, 5.75, 0, 6], "texture": "#1"},
				"west": {"uv": [7.75, 5.75, 8.25, 6], "texture": "#1", "cullface": "west"},
				"up": {"uv": [0, 7.75, 0, 8.25], "texture": "#1"},
				"down": {"uv": [16, 8.25, 16, 7.75], "texture": "#1"}
			}
		},
		{
			"name": "Element",
			"from": [-3.2, 5.925, 6.625],
			"to": [9.5, 6.925, 7.125],
			"rotation": {"angle": 0, "axis": "y", "origin": [-5, -2.65, -0.35]},
			"faces": {
				"north": {"uv": [0, 7.75, 0, 8.25], "rotation": 180, "texture": "#1"},
				"east": {"uv": [7.75, 5.75, 8.25, 6], "rotation": 90, "texture": "#1"},
				"south": {"uv": [16, 8.25, 16, 7.75], "texture": "#1"},
				"west": {"uv": [7.75, 5.75, 8.25, 6], "rotation": 270, "texture": "#1", "cullface": "west"},
				"up": {"uv": [0, 5.75, 0, 6], "texture": "#1"},
				"down": {"uv": [16, 5.75, 16, 6], "rotation": 180, "texture": "#1"}
			}
		},
		{
			"name": "Element",
			"from": [-3.2, 5.925, 8.175],
			"to": [9.5, 6.925, 8.675],
			"rotation": {"angle": 0, "axis": "y", "origin": [-5, -2.65, -0.35]},
			"faces": {
				"north": {"uv": [0, 7.75, 0, 8.25], "rotation": 180, "texture": "#1"},
				"east": {"uv": [7.75, 5.75, 8.25, 6], "rotation": 90, "texture": "#1"},
				"south": {"uv": [16, 8.25, 16, 7.75], "texture": "#1"},
				"west": {"uv": [7.75, 5.75, 8.25, 6], "rotation": 270, "texture": "#1", "cullface": "west"},
				"up": {"uv": [0, 5.75, 0, 6], "texture": "#1"},
				"down": {"uv": [16, 5.75, 16, 6], "rotation": 180, "texture": "#1"}
			}
		},
		{
			"from": [9.5, 4.85, 6.75],
			"to": [9.75, 7.425, 8.55],
			"rotation": {"angle": 0, "axis": "y", "origin": [-5, -2.65, -0.35]},
			"faces": {
				"north": {"uv": [1, 7.25, 4, 8.5], "texture": "#1"},
				"east": {"uv": [0, 0, 0, 0], "texture": "#1"},
				"south": {"uv": [12, 7.25, 15, 8.5], "texture": "#1"},
				"west": {"uv": [0, 0, 0, 0], "texture": "#1"},
				"up": {"uv": [12, 7, 15, 9], "texture": "#1"},
				"down": {"uv": [4, 9, 1, 7], "texture": "#1"}
			}
		},
		{
			"from": [14, 4.35, 6.9],
			"to": [15.85, 6.45, 8.4],
			"rotation": {"angle": 0, "axis": "y", "origin": [10.5, 6.6, 6.9]},
			"faces": {
				"north": {"uv": [5, 11, 6, 13], "texture": "#2", "cullface": "east"},
				"east": {"uv": [4, 11, 5, 13], "texture": "#2", "cullface": "east"},
				"south": {"uv": [7, 11, 8, 13], "texture": "#2", "cullface": "east"},
				"west": {"uv": [6, 11, 7, 13], "texture": "#2", "cullface": "east"},
				"up": {"uv": [-5.03333, 11, -7.03333, 10], "texture": "#2", "cullface": "east"},
				"down": {"uv": [4, 12, -3.03333, 13], "texture": "#2", "cullface": "east"}
			}
		},
		{
			"from": [9.7, 4.85, 6.9],
			"to": [11.45, 6.95, 8.4],
			"rotation": {"angle": 0, "axis": "y", "origin": [10.5, 6.6, 6.9]},
			"faces": {
				"north": {"uv": [5, 11, 6, 13], "texture": "#2", "cullface": "east"},
				"east": {"uv": [4, 11, 5, 13], "texture": "#2", "cullface": "east"},
				"south": {"uv": [7, 11, 8, 13], "texture": "#2", "cullface": "east"},
				"west": {"uv": [6, 11, 7, 13], "texture": "#2", "cullface": "east"},
				"up": {"uv": [-5.03333, 11, -7.03333, 10], "texture": "#2", "cullface": "east"},
				"down": {"uv": [4, 12, -3.03333, 13], "texture": "#2", "cullface": "east"}
			}
		},
		{
			"from": [15.85, 4.225, 6.9],
			"to": [17.1, 6.95, 8.4],
			"rotation": {"angle": 0, "axis": "y", "origin": [10.5, 6.6, 6.9]},
			"faces": {
				"north": {"uv": [1, 1, 2, 3], "texture": "#2", "cullface": "east"},
				"east": {"uv": [0, 1, 1, 3], "texture": "#2", "cullface": "east"},
				"south": {"uv": [3, 1, 4, 3], "texture": "#2", "cullface": "east"},
				"west": {"uv": [2, 1, 3, 3], "texture": "#2", "cullface": "east"},
				"up": {"uv": [-9.03333, 1, -11.03333, 0], "texture": "#2", "cullface": "east"},
				"down": {"uv": [4, 2, -7.03333, 3], "texture": "#2", "cullface": "east"}
			}
		},
		{
			"from": [11.475, 5.575, 6.925],
			"to": [14.9, 7.325, 8.375],
			"rotation": {"angle": -22.5, "axis": "z", "origin": [10, 7.25, 6.9]},
			"faces": {
				"north": {"uv": [1, 1, 2, 3], "texture": "#2", "cullface": "east"},
				"east": {"uv": [0, 1, 1, 3], "texture": "#2", "cullface": "east"},
				"south": {"uv": [3, 1, 4, 3], "texture": "#2", "cullface": "east"},
				"west": {"uv": [2, 1, 3, 3], "texture": "#2", "cullface": "east"},
				"up": {"uv": [-9.03333, 1, -11.03333, 0], "texture": "#2", "cullface": "east"},
				"down": {"uv": [4, 2, -7.03333, 3], "texture": "#2", "cullface": "east"}
			}
		},
		{
			"from": [18.35, 7.675, 6.9],
			"to": [19.1, 7.925, 8.4],
			"rotation": {"angle": 0, "axis": "y", "origin": [10.5, 6.6, 6.9]},
			"faces": {
				"north": {"uv": [1, 1, 2, 4], "texture": "#2", "cullface": "east"},
				"east": {"uv": [0, 1, 1, 4], "texture": "#2", "cullface": "east"},
				"south": {"uv": [3, 1, 4, 4], "texture": "#2", "cullface": "east"},
				"west": {"uv": [2, 1, 3, 4], "texture": "#2", "cullface": "east"},
				"up": {"uv": [-9.03333, 1, -11.03333, 0], "texture": "#2", "cullface": "east"},
				"down": {"uv": [4, 2, -7.03333, 3], "texture": "#2", "cullface": "east"}
			}
		},
		{
			"from": [10.25, 6.875, 6.9],
			"to": [11, 7.125, 8.4],
			"rotation": {"angle": 0, "axis": "y", "origin": [10.5, 6.6, 6.9]},
			"faces": {
				"north": {"uv": [1, 1, 2, 4], "texture": "#2", "cullface": "east"},
				"east": {"uv": [0, 1, 1, 4], "texture": "#2", "cullface": "east"},
				"south": {"uv": [3, 1, 4, 4], "texture": "#2", "cullface": "east"},
				"west": {"uv": [2, 1, 3, 4], "texture": "#2", "cullface": "east"},
				"up": {"uv": [-9.03333, 1, -11.03333, 0], "texture": "#2", "cullface": "east"},
				"down": {"uv": [4, 2, -7.03333, 3], "texture": "#2", "cullface": "east"}
			}
		},
		{
			"from": [9.75, 6.95, 6.9],
			"to": [10.325, 7.35, 8.4],
			"rotation": {"angle": 0, "axis": "y", "origin": [-5, -2.65, -0.35]},
			"faces": {
				"north": {"uv": [1, 1, 2, 4], "texture": "#2", "cullface": "east"},
				"east": {"uv": [0, 1, 1, 4], "texture": "#2", "cullface": "east"},
				"south": {"uv": [3, 1, 4, 4], "texture": "#2", "cullface": "east"},
				"west": {"uv": [2, 1, 3, 4], "texture": "#2", "cullface": "east"},
				"up": {"uv": [-9.03333, 1, -11.03333, 0], "texture": "#2", "cullface": "east"},
				"down": {"uv": [4, 2, -7.03333, 3], "texture": "#2", "cullface": "east"}
			}
		},
		{
			"from": [13.45, 5.575, 6.9],
			"to": [14.2, 5.825, 8.4],
			"rotation": {"angle": 0, "axis": "y", "origin": [10.5, 6.6, 6.9]},
			"faces": {
				"north": {"uv": [1, 1, 2, 4], "texture": "#2", "cullface": "east"},
				"east": {"uv": [0, 1, 1, 4], "texture": "#2", "cullface": "east"},
				"south": {"uv": [3, 1, 4, 4], "texture": "#2", "cullface": "east"},
				"west": {"uv": [2, 1, 3, 4], "texture": "#2", "cullface": "east"},
				"up": {"uv": [-9.03333, 1, -11.03333, 0], "texture": "#2", "cullface": "east"},
				"down": {"uv": [4, 2, -7.03333, 3], "texture": "#2", "cullface": "east"}
			}
		},
		{
			"from": [17.85, 4.075, 6.9],
			"to": [19.1, 7.7, 8.4],
			"rotation": {"angle": 0, "axis": "y", "origin": [10.5, 6.6, 6.9]},
			"faces": {
				"north": {"uv": [1, 1, 2, 4], "texture": "#2", "cullface": "east"},
				"east": {"uv": [0, 1, 1, 4], "texture": "#2", "cullface": "east"},
				"south": {"uv": [3, 1, 4, 4], "texture": "#2", "cullface": "east"},
				"west": {"uv": [2, 1, 3, 4], "texture": "#2", "cullface": "east"},
				"up": {"uv": [-9.03333, 1, -11.03333, 0], "texture": "#2", "cullface": "east"},
				"down": {"uv": [4, 2, -7.03333, 3], "texture": "#2", "cullface": "east"}
			}
		},
		{
			"from": [19.1, 4, 6.9],
			"to": [19.6, 7.95, 8.4],
			"rotation": {"angle": 0, "axis": "y", "origin": [10.5, 6.6, 6.9]},
			"faces": {
				"north": {"uv": [11.75, 5, 15, 6.75], "texture": "#1", "cullface": "east"},
				"east": {"uv": [7.25, 6.75, 8.75, 8.5], "texture": "#1", "cullface": "east"},
				"south": {"uv": [11.75, 5, 15, 6.75], "texture": "#1", "cullface": "east"},
				"west": {"uv": [7.25, 6.75, 8.75, 8.5], "texture": "#1", "cullface": "east"},
				"up": {"uv": [11.75, 0, 15, 1.5], "texture": "#1", "cullface": "east"},
				"down": {"uv": [11.75, 0, 15, 1.5], "texture": "#1", "cullface": "east"}
			}
		},
		{
			"from": [15.1, 6.45, 6.9],
			"to": [15.85, 6.7, 8.4],
			"rotation": {"angle": 0, "axis": "y", "origin": [10.5, 6.6, 6.9]},
			"faces": {
				"north": {"uv": [1, 1, 1, 1], "texture": "#2", "cullface": "east"},
				"east": {"uv": [0, 1, 1, 1], "texture": "#2", "cullface": "east"},
				"south": {"uv": [2, 1, 2, 1], "texture": "#2", "cullface": "east"},
				"west": {"uv": [1, 1, 2, 1], "texture": "#2", "cullface": "east"},
				"up": {"uv": [-11.03333, 1, -10.03333, 0], "texture": "#2", "cullface": "east"},
				"down": {"uv": [-8.03333, 2, 4, 3], "texture": "#2", "cullface": "east"}
			}
		},
		{
			"from": [17.1, 4.15, 6.9],
			"to": [17.85, 7.2, 8.4],
			"rotation": {"angle": 0, "axis": "y", "origin": [10.5, 6.6, 6.9]},
			"faces": {
				"north": {"uv": [11, 2, 11, 5], "texture": "#2", "cullface": "east"},
				"east": {"uv": [10, 2, 11, 5], "texture": "#2", "cullface": "east"},
				"south": {"uv": [12, 2, 12, 5], "texture": "#2", "cullface": "east"},
				"west": {"uv": [11, 2, 12, 5], "texture": "#2", "cullface": "east"},
				"up": {"uv": [-1.03333, 2, -0.03333, 1], "texture": "#2", "cullface": "east"},
				"down": {"uv": [1.96667, 3, 4, 4], "texture": "#2", "cullface": "east"}
			}
		},
		{
			"name": "Element",
			"from": [1.95, 5.675, 8.3],
			"to": [2.4, 7.075, 8.75],
			"rotation": {"angle": 0, "axis": "y", "origin": [-5, -2.65, -0.35]},
			"faces": {
				"north": {"uv": [16, 5.75, 16, 6], "texture": "#1"},
				"east": {"uv": [7.75, 5.75, 8.25, 6], "texture": "#1"},
				"south": {"uv": [0, 5.75, 0, 6], "texture": "#1"},
				"west": {"uv": [7.75, 5.75, 8.25, 6], "texture": "#1", "cullface": "west"},
				"up": {"uv": [0, 7.75, 0, 8.25], "texture": "#1"},
				"down": {"uv": [16, 8.25, 16, 7.75], "texture": "#1"}
			}
		},
		{
			"name": "Element",
			"from": [4.625, 12.45, 7.375],
			"to": [5.675, 12.6, 7.925],
			"rotation": {"angle": -22.5, "axis": "z", "origin": [-5, -2.65, -0.35]},
			"faces": {
				"north": {"uv": [16, 5.75, 16, 6], "texture": "#1"},
				"east": {"uv": [7.75, 5.75, 8.25, 6], "texture": "#1"},
				"south": {"uv": [0, 5.75, 0, 6], "texture": "#1"},
				"west": {"uv": [7.75, 5.75, 8.25, 6], "texture": "#1", "cullface": "west"},
				"up": {"uv": [0, 7.75, 0, 8.25], "texture": "#1"},
				"down": {"uv": [16, 8.25, 16, 7.75], "texture": "#1"}
			}
		},
		{
			"name": "Element",
			"from": [6.875, 7.425, 7.375],
			"to": [7.125, 7.6, 7.925],
			"rotation": {"angle": 0, "axis": "y", "origin": [-5, -2.65, -0.35]},
			"faces": {
				"north": {"uv": [16, 5.75, 16, 6], "texture": "#1"},
				"east": {"uv": [7.75, 5.75, 8.25, 6], "texture": "#1"},
				"south": {"uv": [0, 5.75, 0, 6], "texture": "#1"},
				"west": {"uv": [7.75, 5.75, 8.25, 6], "texture": "#1", "cullface": "west"},
				"up": {"uv": [0, 7.75, 0, 8.25], "texture": "#1"},
				"down": {"uv": [16, 8.25, 16, 7.75], "texture": "#1"}
			}
		},
		{
			"name": "Element",
			"from": [-3.2, 7.175, 7.125],
			"to": [9.5, 7.425, 8.175],
			"rotation": {"angle": 0, "axis": "y", "origin": [-5, -2.65, -0.35]},
			"faces": {
				"north": {"uv": [16, 5.75, 16, 6], "texture": "#1"},
				"east": {"uv": [7.75, 5.75, 8.25, 6], "texture": "#1"},
				"south": {"uv": [0, 5.75, 0, 6], "texture": "#1"},
				"west": {"uv": [7.75, 5.75, 8.25, 6], "texture": "#1", "cullface": "west"},
				"up": {"uv": [0, 7.75, 0, 8.25], "texture": "#1"},
				"down": {"uv": [16, 8.25, 16, 7.75], "texture": "#1"}
			}
		},
		{
			"name": "Element",
			"from": [1.95, 5.675, 6.55],
			"to": [2.4, 7.075, 7],
			"rotation": {"angle": 0, "axis": "y", "origin": [-5, -2.65, -0.35]},
			"faces": {
				"north": {"uv": [16, 5.75, 16, 6], "texture": "#1"},
				"east": {"uv": [7.75, 5.75, 8.25, 6], "texture": "#1"},
				"south": {"uv": [0, 5.75, 0, 6], "texture": "#1"},
				"west": {"uv": [7.75, 5.75, 8.25, 6], "texture": "#1", "cullface": "west"},
				"up": {"uv": [0, 7.75, 0, 8.25], "texture": "#1"},
				"down": {"uv": [16, 8.25, 16, 7.75], "texture": "#1"}
			}
		},
		{
			"name": "Element",
			"from": [1.95, 7.075, 6.75],
			"to": [2.4, 7.575, 8.55],
			"rotation": {"angle": 0, "axis": "y", "origin": [-5, -2.65, -0.35]},
			"faces": {
				"north": {"uv": [16, 5.75, 16, 6], "texture": "#1"},
				"east": {"uv": [7.75, 5.75, 8.25, 6], "texture": "#1"},
				"south": {"uv": [0, 5.75, 0, 6], "texture": "#1"},
				"west": {"uv": [7.75, 5.75, 8.25, 6], "texture": "#1", "cullface": "west"},
				"up": {"uv": [0, 7.75, 0, 8.25], "texture": "#1"},
				"down": {"uv": [16, 8.25, 16, 7.75], "texture": "#1"}
			}
		},
		{
			"name": "Element",
			"from": [-3.175, 7.375, 7.25],
			"to": [-2.7, 7.975, 7.4],
			"rotation": {"angle": 0, "axis": "y", "origin": [-5, -2.65, -0.35]},
			"faces": {
				"north": {"uv": [16, 5.75, 16, 6], "texture": "#1"},
				"east": {"uv": [7.75, 5.75, 8.25, 6], "texture": "#1"},
				"south": {"uv": [0, 5.75, 0, 6], "texture": "#1"},
				"west": {"uv": [7.75, 5.75, 8.25, 6], "texture": "#1", "cullface": "west"},
				"up": {"uv": [0, 7.75, 0, 8.25], "texture": "#1"},
				"down": {"uv": [16, 8.25, 16, 7.75], "texture": "#1"}
			}
		},
		{
			"name": "Element",
			"from": [-3.175, 7.375, 7.9],
			"to": [-2.7, 7.975, 8.05],
			"rotation": {"angle": 0, "axis": "y", "origin": [-5, -2.65, -0.35]},
			"faces": {
				"north": {"uv": [16, 5.75, 16, 6], "texture": "#1"},
				"east": {"uv": [7.75, 5.75, 8.25, 6], "texture": "#1"},
				"south": {"uv": [0, 5.75, 0, 6], "texture": "#1"},
				"west": {"uv": [7.75, 5.75, 8.25, 6], "texture": "#1", "cullface": "west"},
				"up": {"uv": [0, 7.75, 0, 8.25], "texture": "#1"},
				"down": {"uv": [16, 8.25, 16, 7.75], "texture": "#1"}
			}
		},
		{
			"name": "Element",
			"from": [-3.075, 7.35, 7.6],
			"to": [-2.85, 7.7, 7.7],
			"rotation": {"angle": 0, "axis": "y", "origin": [-5, -2.65, -0.35]},
			"faces": {
				"north": {"uv": [16, 5.75, 16, 6], "texture": "#1"},
				"east": {"uv": [7.75, 5.75, 8.25, 6], "texture": "#1"},
				"south": {"uv": [0, 5.75, 0, 6], "texture": "#1"},
				"west": {"uv": [7.75, 5.75, 8.25, 6], "texture": "#1", "cullface": "west"},
				"up": {"uv": [0, 7.75, 0, 8.25], "texture": "#1"},
				"down": {"uv": [16, 8.25, 16, 7.75], "texture": "#1"}
			}
		}
	],
	"gui_light": "front",
	"display": {
		"thirdperson_righthand": {
			"rotation": [147, -90, 144],
			"translation": [-0.5, 3.5, -2]
		},
		"thirdperson_lefthand": {
			"rotation": [-75.72, 88.62, 80.37],
			"translation": [0.5, 3.5, -1.5]
		},
		"firstperson_righthand": {
			"rotation": [180, -79.97, 180],
			"translation": [-2.08, 5.6, 9],
			"scale": [0.97, 0.97, 0.99]
		},
		"firstperson_lefthand": {
			"rotation": [0, 80.15, 0],
			"translation": [-1, 5.55, 9],
			"scale": [0.97, 0.97, 0.99]
		},
		"ground": {
			"rotation": [65.35, 5.72, -23.04],
			"translation": [0, 1.25, 0]
		},
		"gui": {
			"rotation": [15.85, 45.34, 19.29],
			"translation": [0, 0.75, 0],
			"scale": [0.81, 0.81, 0.9]
		},
		"head": {
			"rotation": [-85.16, -89.48, -84.94],
			"translation": [0, 9.25, -10]
		},
		"fixed": {
			"rotation": [0, 180, -45],
			"translation": [-1.25, 1.5, 0],
			"scale": [0.97, 0.97, 0.97]
		}
	}
}