{
	"credit": "Cezar_",
	"textures": {
		"1": "block/color/lanciazolfo_gray",
		"2": "block/color/lanciazolfo_sandstone",
		"particle": "block/color/lanciazolfo_gray"
	},
	"elements": [
		{
			"from": [-3.35, 8.3, 7.425],
			"to": [-0.6, 8.625, 8.575],
			"rotation": {"angle": 0, "axis": "y", "origin": [0, -0.25, 0]},
			"faces": {
				"north": {"uv": [16, 7.25, 16, 7.5], "texture": "#1"},
				"east": {"uv": [7.5, 7.25, 8.5, 7.5], "texture": "#1"},
				"south": {"uv": [0, 7.25, 0, 7.5], "texture": "#1"},
				"west": {"uv": [7.5, 7.25, 8.5, 7.5], "texture": "#1"},
				"up": {"uv": [0, 7.5, 0, 8.5], "texture": "#1"},
				"down": {"uv": [16, 8.5, 16, 7.5], "texture": "#1"}
			}
		},
		{
			"from": [-3.6, 9.625, 7.325],
			"to": [-3.35, 10.05, 8.675],
			"rotation": {"angle": 0, "axis": "y", "origin": [0, -0.25, 0]},
			"faces": {
				"north": {"uv": [16, 6, 16, 6.25], "texture": "#1"},
				"east": {"uv": [7.5, 6, 8.5, 6.25], "texture": "#1"},
				"south": {"uv": [0, 6, 0, 6.25], "texture": "#1"},
				"west": {"uv": [7.5, 6, 8.5, 6.25], "texture": "#1"},
				"up": {"uv": [0, 7.5, 0, 8.5], "texture": "#1"},
				"down": {"uv": [16, 8.5, 16, 7.5], "texture": "#1"}
			}
		},
		{
			"from": [-3.6, 8.45, 7.075],
			"to": [-3.35, 9.8, 7.5],
			"rotation": {"angle": 0, "axis": "y", "origin": [0, -0.25, 0]},
			"faces": {
				"north": {"uv": [16, 6.25, 16, 7.25], "texture": "#1"},
				"east": {"uv": [8.5, 6.25, 8.75, 7.25], "texture": "#1"},
				"south": {"uv": [0, 6.25, 0, 7.25], "texture": "#1"},
				"west": {"uv": [7.25, 6.25, 7.5, 7.25], "texture": "#1"},
				"up": {"uv": [0, 7.25, 0, 7.5], "texture": "#1"},
				"down": {"uv": [16, 7.5, 16, 7.25], "texture": "#1"}
			}
		},
		{
			"from": [-3.6, 8.45, 8.5],
			"to": [-3.35, 9.8, 8.925],
			"rotation": {"angle": 0, "axis": "y", "origin": [0, -0.25, 0]},
			"faces": {
				"north": {"uv": [16, 6.25, 16, 7.25], "texture": "#1"},
				"east": {"uv": [7.25, 6.25, 7.5, 7.25], "texture": "#1"},
				"south": {"uv": [0, 6.25, 0, 7.25], "texture": "#1"},
				"west": {"uv": [8.5, 6.25, 8.75, 7.25], "texture": "#1"},
				"up": {"uv": [0, 8.5, 0, 8.75], "texture": "#1"},
				"down": {"uv": [16, 8.75, 16, 8.5], "texture": "#1"}
			}
		},
		{
			"from": [-3.6, 8.2, 7.325],
			"to": [-3.35, 8.625, 8.675],
			"rotation": {"angle": 0, "axis": "y", "origin": [0, -0.25, 0]},
			"faces": {
				"north": {"uv": [16, 7.25, 16, 7.5], "texture": "#1"},
				"east": {"uv": [7.5, 7.25, 8.5, 7.5], "texture": "#1"},
				"south": {"uv": [0, 7.25, 0, 7.5], "texture": "#1"},
				"west": {"uv": [7.5, 7.25, 8.5, 7.5], "texture": "#1"},
				"up": {"uv": [0, 7.5, 0, 8.5], "texture": "#1"},
				"down": {"uv": [16, 8.5, 16, 7.5], "texture": "#1"}
			}
		},
		{
			"from": [-3.35, 8.55, 8.5],
			"to": [-0.6, 9.7, 8.825],
			"rotation": {"angle": 0, "axis": "y", "origin": [0, -0.25, 0]},
			"faces": {
				"north": {"uv": [16, 6.25, 16, 7.25], "texture": "#1"},
				"east": {"uv": [7.25, 6.25, 7.5, 7.25], "texture": "#1"},
				"south": {"uv": [0, 6.25, 0, 7.25], "texture": "#1"},
				"west": {"uv": [8.5, 6.25, 8.75, 7.25], "texture": "#1"},
				"up": {"uv": [0, 8.5, 0, 8.75], "texture": "#1"},
				"down": {"uv": [16, 8.75, 16, 8.5], "texture": "#1"}
			}
		},
		{
			"from": [-3.35, 8.55, 7.175],
			"to": [-0.6, 9.7, 7.5],
			"rotation": {"angle": 0, "axis": "y", "origin": [0, -0.25, 0]},
			"faces": {
				"north": {"uv": [16, 6.25, 16, 7.25], "texture": "#1"},
				"east": {"uv": [8.5, 6.25, 8.75, 7.25], "texture": "#1"},
				"south": {"uv": [0, 6.25, 0, 7.25], "texture": "#1"},
				"west": {"uv": [7.25, 6.25, 7.5, 7.25], "texture": "#1"},
				"up": {"uv": [0, 7.25, 0, 7.5], "texture": "#1"},
				"down": {"uv": [16, 7.5, 16, 7.25], "texture": "#1"}
			}
		},
		{
			"from": [-3.35, 9.625, 7.425],
			"to": [-0.6, 9.95, 8.575],
			"rotation": {"angle": 0, "axis": "y", "origin": [0, -0.25, 0]},
			"faces": {
				"north": {"uv": [16, 6, 16, 6.25], "texture": "#1"},
				"east": {"uv": [7.5, 6, 8.5, 6.25], "texture": "#1"},
				"south": {"uv": [0, 6, 0, 6.25], "texture": "#1"},
				"west": {"uv": [7.5, 6, 8.5, 6.25], "texture": "#1"},
				"up": {"uv": [0, 7.5, 0, 8.5], "texture": "#1"},
				"down": {"uv": [16, 8.5, 16, 7.5], "texture": "#1"}
			}
		},
		{
			"from": [-0.6, 7.625, 7.25],
			"to": [6.75, 8.5, 8.75],
			"rotation": {"angle": 0, "axis": "y", "origin": [0, -0.25, 0]},
			"faces": {
				"north": {"uv": [14.75, 5.5, 16, 8], "texture": "#2"},
				"east": {"uv": [7.25, 5.5, 8.75, 8], "texture": "#2"},
				"south": {"uv": [0, 5.5, 1.25, 8], "texture": "#2"},
				"west": {"uv": [7.25, 5.5, 8.75, 8], "texture": "#2"},
				"up": {"uv": [0, 7.25, 1.25, 8.75], "texture": "#2"},
				"down": {"uv": [16, 8.75, 14.75, 7.25], "texture": "#2"}
			}
		},
		{
			"from": [-0.6, 9.75, 7.25],
			"to": [6.75, 10.6, 8.75],
			"rotation": {"angle": 0, "axis": "y", "origin": [0, -0.25, 0]},
			"faces": {
				"north": {"uv": [14.75, 5.5, 16, 8], "texture": "#2"},
				"east": {"uv": [7.25, 5.5, 8.75, 8], "texture": "#2"},
				"south": {"uv": [0, 5.5, 1.25, 8], "texture": "#2"},
				"west": {"uv": [7.25, 5.5, 8.75, 8], "texture": "#2"},
				"up": {"uv": [0, 7.25, 1.25, 8.75], "texture": "#2"},
				"down": {"uv": [16, 8.75, 14.75, 7.25], "texture": "#2"}
			}
		},
		{
			"from": [-0.575, 10.525, 7.575],
			"to": [6.75, 10.725, 8.425],
			"rotation": {"angle": 0, "axis": "y", "origin": [0, -0.25, 0]},
			"faces": {
				"north": {"uv": [14.75, 5.5, 16, 8], "texture": "#1"},
				"east": {"uv": [7.25, 5.5, 8.75, 8], "texture": "#1"},
				"south": {"uv": [0, 5.5, 1.25, 8], "texture": "#1"},
				"west": {"uv": [7.25, 5.5, 8.75, 8], "texture": "#1"},
				"up": {"uv": [0, 7.25, 1.25, 8.75], "texture": "#1"},
				"down": {"uv": [16, 8.75, 14.75, 7.25], "texture": "#1"}
			}
		},
		{
			"from": [-0.575, 7.525, 7.575],
			"to": [4.475, 7.7, 8.425],
			"rotation": {"angle": 0, "axis": "y", "origin": [0, -0.25, 0]},
			"faces": {
				"north": {"uv": [14.75, 5.5, 16, 8], "texture": "#1"},
				"east": {"uv": [7.25, 5.5, 8.75, 8], "texture": "#1"},
				"south": {"uv": [0, 5.5, 1.25, 8], "texture": "#1"},
				"west": {"uv": [7.25, 5.5, 8.75, 8], "texture": "#1"},
				"up": {"uv": [0, 7.25, 1.25, 8.75], "texture": "#1"},
				"down": {"uv": [16, 8.75, 14.75, 7.25], "texture": "#1"}
			}
		},
		{
			"from": [-0.575, 8.625, 6.5],
			"to": [6.75, 9.625, 9.525],
			"rotation": {"angle": 0, "axis": "y", "origin": [0, -0.25, 0]},
			"faces": {
				"north": {"uv": [12.75, 5.75, 16, 7.75], "texture": "#1"},
				"east": {"uv": [7, 5.75, 9, 7.75], "texture": "#1"},
				"south": {"uv": [0, 5.75, 3.25, 7.75], "texture": "#1"},
				"west": {"uv": [7, 5.75, 9, 7.75], "texture": "#1"},
				"up": {"uv": [0, 7, 3.25, 9], "texture": "#1"},
				"down": {"uv": [16, 9, 12.75, 7], "texture": "#1"}
			}
		},
		{
			"from": [1.875, 10.725, 7.6],
			"to": [2.025, 10.875, 8.4],
			"rotation": {"angle": 0, "axis": "y", "origin": [0, -0.25, 0]},
			"faces": {
				"north": {"uv": [13, 5.25, 14, 5.75], "texture": "#1"},
				"east": {"uv": [7.5, 5.25, 8.5, 5.75], "texture": "#1"},
				"south": {"uv": [2, 5.25, 3, 5.75], "texture": "#1"},
				"west": {"uv": [7.5, 5.25, 8.5, 5.75], "texture": "#1"},
				"up": {"uv": [2, 7.5, 3, 8.5], "texture": "#1"},
				"down": {"uv": [0, 0, 0, 0], "texture": "#1"}
			}
		},
		{
			"from": [1.525, 10.725, 7.6],
			"to": [1.675, 10.875, 8.4],
			"rotation": {"angle": 0, "axis": "y", "origin": [0, -0.25, 0]},
			"faces": {
				"north": {"uv": [13, 5.25, 14, 5.75], "texture": "#1"},
				"east": {"uv": [7.5, 5.25, 8.5, 5.75], "texture": "#1"},
				"south": {"uv": [2, 5.25, 3, 5.75], "texture": "#1"},
				"west": {"uv": [7.5, 5.25, 8.5, 5.75], "texture": "#1"},
				"up": {"uv": [2, 7.5, 3, 8.5], "texture": "#1"},
				"down": {"uv": [0, 0, 0, 0], "texture": "#1"}
			}
		},
		{
			"from": [1.175, 10.725, 7.6],
			"to": [1.325, 10.875, 8.4],
			"rotation": {"angle": 0, "axis": "y", "origin": [0, -0.25, 0]},
			"faces": {
				"north": {"uv": [13, 5.25, 14, 5.75], "texture": "#1"},
				"east": {"uv": [7.5, 5.25, 8.5, 5.75], "texture": "#1"},
				"south": {"uv": [2, 5.25, 3, 5.75], "texture": "#1"},
				"west": {"uv": [7.5, 5.25, 8.5, 5.75], "texture": "#1"},
				"up": {"uv": [2, 7.5, 3, 8.5], "texture": "#1"},
				"down": {"uv": [0, 0, 0, 0], "texture": "#1"}
			}
		},
		{
			"from": [0.825, 10.725, 7.6],
			"to": [0.975, 10.875, 8.4],
			"rotation": {"angle": 0, "axis": "y", "origin": [0, -0.25, 0]},
			"faces": {
				"north": {"uv": [13, 5.25, 14, 5.75], "texture": "#1"},
				"east": {"uv": [7.5, 5.25, 8.5, 5.75], "texture": "#1"},
				"south": {"uv": [2, 5.25, 3, 5.75], "texture": "#1"},
				"west": {"uv": [7.5, 5.25, 8.5, 5.75], "texture": "#1"},
				"up": {"uv": [2, 7.5, 3, 8.5], "texture": "#1"},
				"down": {"uv": [0, 0, 0, 0], "texture": "#1"}
			}
		},
		{
			"from": [0.475, 10.725, 7.6],
			"to": [0.625, 10.875, 8.4],
			"rotation": {"angle": 0, "axis": "y", "origin": [0, -0.25, 0]},
			"faces": {
				"north": {"uv": [13, 5.25, 14, 5.75], "texture": "#1"},
				"east": {"uv": [7.5, 5.25, 8.5, 5.75], "texture": "#1"},
				"south": {"uv": [2, 5.25, 3, 5.75], "texture": "#1"},
				"west": {"uv": [7.5, 5.25, 8.5, 5.75], "texture": "#1"},
				"up": {"uv": [2, 7.5, 3, 8.5], "texture": "#1"},
				"down": {"uv": [0, 0, 0, 0], "texture": "#1"}
			}
		},
		{
			"from": [0.125, 10.725, 7.6],
			"to": [0.275, 10.875, 8.4],
			"rotation": {"angle": 0, "axis": "y", "origin": [0, -0.25, 0]},
			"faces": {
				"north": {"uv": [13, 5.25, 14, 5.75], "texture": "#1"},
				"east": {"uv": [7.5, 5.25, 8.5, 5.75], "texture": "#1"},
				"south": {"uv": [2, 5.25, 3, 5.75], "texture": "#1"},
				"west": {"uv": [7.5, 5.25, 8.5, 5.75], "texture": "#1"},
				"up": {"uv": [2, 7.5, 3, 8.5], "texture": "#1"},
				"down": {"uv": [0, 0, 0, 0], "texture": "#1"}
			}
		},
		{
			"from": [-0.225, 10.725, 7.6],
			"to": [-0.075, 10.875, 8.4],
			"rotation": {"angle": 0, "axis": "y", "origin": [0, -0.25, 0]},
			"faces": {
				"north": {"uv": [13, 5.25, 14, 5.75], "texture": "#1"},
				"east": {"uv": [7.5, 5.25, 8.5, 5.75], "texture": "#1"},
				"south": {"uv": [2, 5.25, 3, 5.75], "texture": "#1"},
				"west": {"uv": [7.5, 5.25, 8.5, 5.75], "texture": "#1"},
				"up": {"uv": [2, 7.5, 3, 8.5], "texture": "#1"},
				"down": {"uv": [0, 0, 0, 0], "texture": "#1"}
			}
		},
		{
			"from": [-0.575, 10.725, 7.6],
			"to": [-0.425, 10.875, 8.4],
			"rotation": {"angle": 0, "axis": "y", "origin": [0, -0.25, 0]},
			"faces": {
				"north": {"uv": [13, 5.25, 14, 5.75], "texture": "#1"},
				"east": {"uv": [7.5, 5.25, 8.5, 5.75], "texture": "#1"},
				"south": {"uv": [2, 5.25, 3, 5.75], "texture": "#1"},
				"west": {"uv": [7.5, 5.25, 8.5, 5.75], "texture": "#1"},
				"up": {"uv": [2, 7.5, 3, 8.5], "texture": "#1"},
				"down": {"uv": [0, 0, 0, 0], "texture": "#1"}
			}
		},
		{
			"from": [6.425, 8.725, 6.35],
			"to": [6.575, 9.525, 9.675],
			"rotation": {"angle": 0, "axis": "y", "origin": [0, -0.25, 0]},
			"faces": {
				"north": {"uv": [0, 0, 0, 0], "rotation": 180, "texture": "#1"},
				"east": {"uv": [7.5, 5.25, 8.5, 5.75], "rotation": 270, "texture": "#1"},
				"south": {"uv": [2, 7.5, 3, 8.5], "texture": "#1"},
				"west": {"uv": [7.5, 5.25, 8.5, 5.75], "rotation": 90, "texture": "#1"},
				"up": {"uv": [13, 5.25, 14, 5.75], "rotation": 180, "texture": "#1"},
				"down": {"uv": [2, 5.25, 3, 5.75], "texture": "#1"}
			}
		},
		{
			"from": [6.075, 8.725, 6.35],
			"to": [6.225, 9.525, 9.675],
			"rotation": {"angle": 0, "axis": "y", "origin": [0, -0.25, 0]},
			"faces": {
				"north": {"uv": [0, 0, 0, 0], "rotation": 180, "texture": "#1"},
				"east": {"uv": [7.5, 5.25, 8.5, 5.75], "rotation": 270, "texture": "#1"},
				"south": {"uv": [2, 7.5, 3, 8.5], "texture": "#1"},
				"west": {"uv": [7.5, 5.25, 8.5, 5.75], "rotation": 90, "texture": "#1"},
				"up": {"uv": [13, 5.25, 14, 5.75], "rotation": 180, "texture": "#1"},
				"down": {"uv": [2, 5.25, 3, 5.75], "texture": "#1"}
			}
		},
		{
			"from": [5.725, 8.725, 6.35],
			"to": [5.875, 9.525, 9.675],
			"rotation": {"angle": 0, "axis": "y", "origin": [0, -0.25, 0]},
			"faces": {
				"north": {"uv": [0, 0, 0, 0], "rotation": 180, "texture": "#1"},
				"east": {"uv": [7.5, 5.25, 8.5, 5.75], "rotation": 270, "texture": "#1"},
				"south": {"uv": [2, 7.5, 3, 8.5], "texture": "#1"},
				"west": {"uv": [7.5, 5.25, 8.5, 5.75], "rotation": 90, "texture": "#1"},
				"up": {"uv": [13, 5.25, 14, 5.75], "rotation": 180, "texture": "#1"},
				"down": {"uv": [2, 5.25, 3, 5.75], "texture": "#1"}
			}
		},
		{
			"from": [5.375, 8.725, 6.35],
			"to": [5.525, 9.525, 9.675],
			"rotation": {"angle": 0, "axis": "y", "origin": [0, -0.25, 0]},
			"faces": {
				"north": {"uv": [0, 0, 0, 0], "rotation": 180, "texture": "#1"},
				"east": {"uv": [7.5, 5.25, 8.5, 5.75], "rotation": 270, "texture": "#1"},
				"south": {"uv": [2, 7.5, 3, 8.5], "texture": "#1"},
				"west": {"uv": [7.5, 5.25, 8.5, 5.75], "rotation": 90, "texture": "#1"},
				"up": {"uv": [13, 5.25, 14, 5.75], "rotation": 180, "texture": "#1"},
				"down": {"uv": [2, 5.25, 3, 5.75], "texture": "#1"}
			}
		},
		{
			"from": [5.025, 8.725, 6.35],
			"to": [5.175, 9.525, 9.675],
			"rotation": {"angle": 0, "axis": "y", "origin": [0, -0.25, 0]},
			"faces": {
				"north": {"uv": [0, 0, 0, 0], "rotation": 180, "texture": "#1"},
				"east": {"uv": [7.5, 5.25, 8.5, 5.75], "rotation": 270, "texture": "#1"},
				"south": {"uv": [2, 7.5, 3, 8.5], "texture": "#1"},
				"west": {"uv": [7.5, 5.25, 8.5, 5.75], "rotation": 90, "texture": "#1"},
				"up": {"uv": [13, 5.25, 14, 5.75], "rotation": 180, "texture": "#1"},
				"down": {"uv": [2, 5.25, 3, 5.75], "texture": "#1"}
			}
		},
		{
			"from": [4.675, 8.725, 6.35],
			"to": [4.825, 9.525, 9.675],
			"rotation": {"angle": 0, "axis": "y", "origin": [0, -0.25, 0]},
			"faces": {
				"north": {"uv": [0, 0, 0, 0], "rotation": 180, "texture": "#1"},
				"east": {"uv": [7.5, 5.25, 8.5, 5.75], "rotation": 270, "texture": "#1"},
				"south": {"uv": [2, 7.5, 3, 8.5], "texture": "#1"},
				"west": {"uv": [7.5, 5.25, 8.5, 5.75], "rotation": 90, "texture": "#1"},
				"up": {"uv": [13, 5.25, 14, 5.75], "rotation": 180, "texture": "#1"},
				"down": {"uv": [2, 5.25, 3, 5.75], "texture": "#1"}
			}
		},
		{
			"from": [4.325, 8.725, 6.35],
			"to": [4.475, 9.525, 9.675],
			"rotation": {"angle": 0, "axis": "y", "origin": [0, -0.25, 0]},
			"faces": {
				"north": {"uv": [0, 0, 0, 0], "rotation": 180, "texture": "#1"},
				"east": {"uv": [7.5, 5.25, 8.5, 5.75], "rotation": 270, "texture": "#1"},
				"south": {"uv": [2, 7.5, 3, 8.5], "texture": "#1"},
				"west": {"uv": [7.5, 5.25, 8.5, 5.75], "rotation": 90, "texture": "#1"},
				"up": {"uv": [13, 5.25, 14, 5.75], "rotation": 180, "texture": "#1"},
				"down": {"uv": [2, 5.25, 3, 5.75], "texture": "#1"}
			}
		},
		{
			"from": [3.975, 8.725, 6.35],
			"to": [4.125, 9.525, 9.675],
			"rotation": {"angle": 0, "axis": "y", "origin": [0, -0.25, 0]},
			"faces": {
				"north": {"uv": [0, 0, 0, 0], "rotation": 180, "texture": "#1"},
				"east": {"uv": [7.5, 5.25, 8.5, 5.75], "rotation": 270, "texture": "#1"},
				"south": {"uv": [2, 7.5, 3, 8.5], "texture": "#1"},
				"west": {"uv": [7.5, 5.25, 8.5, 5.75], "rotation": 90, "texture": "#1"},
				"up": {"uv": [13, 5.25, 14, 5.75], "rotation": 180, "texture": "#1"},
				"down": {"uv": [2, 5.25, 3, 5.75], "texture": "#1"}
			}
		},
		{
			"from": [3.625, 8.725, 6.35],
			"to": [3.775, 9.525, 9.675],
			"rotation": {"angle": 0, "axis": "y", "origin": [0, -0.25, 0]},
			"faces": {
				"north": {"uv": [0, 0, 0, 0], "rotation": 180, "texture": "#1"},
				"east": {"uv": [7.5, 5.25, 8.5, 5.75], "rotation": 270, "texture": "#1"},
				"south": {"uv": [2, 7.5, 3, 8.5], "texture": "#1"},
				"west": {"uv": [7.5, 5.25, 8.5, 5.75], "rotation": 90, "texture": "#1"},
				"up": {"uv": [13, 5.25, 14, 5.75], "rotation": 180, "texture": "#1"},
				"down": {"uv": [2, 5.25, 3, 5.75], "texture": "#1"}
			}
		},
		{
			"from": [3.275, 8.725, 6.35],
			"to": [3.425, 9.525, 9.675],
			"rotation": {"angle": 0, "axis": "y", "origin": [0, -0.25, 0]},
			"faces": {
				"north": {"uv": [0, 0, 0, 0], "rotation": 180, "texture": "#1"},
				"east": {"uv": [7.5, 5.25, 8.5, 5.75], "rotation": 270, "texture": "#1"},
				"south": {"uv": [2, 7.5, 3, 8.5], "texture": "#1"},
				"west": {"uv": [7.5, 5.25, 8.5, 5.75], "rotation": 90, "texture": "#1"},
				"up": {"uv": [13, 5.25, 14, 5.75], "rotation": 180, "texture": "#1"},
				"down": {"uv": [2, 5.25, 3, 5.75], "texture": "#1"}
			}
		},
		{
			"from": [2.925, 8.725, 6.35],
			"to": [3.075, 9.525, 9.675],
			"rotation": {"angle": 0, "axis": "y", "origin": [0, -0.25, 0]},
			"faces": {
				"north": {"uv": [0, 0, 0, 0], "rotation": 180, "texture": "#1"},
				"east": {"uv": [7.5, 5.25, 8.5, 5.75], "rotation": 270, "texture": "#1"},
				"south": {"uv": [2, 7.5, 3, 8.5], "texture": "#1"},
				"west": {"uv": [7.5, 5.25, 8.5, 5.75], "rotation": 90, "texture": "#1"},
				"up": {"uv": [13, 5.25, 14, 5.75], "rotation": 180, "texture": "#1"},
				"down": {"uv": [2, 5.25, 3, 5.75], "texture": "#1"}
			}
		},
		{
			"from": [2.575, 8.725, 6.35],
			"to": [2.725, 9.525, 9.675],
			"rotation": {"angle": 0, "axis": "y", "origin": [0, -0.25, 0]},
			"faces": {
				"north": {"uv": [0, 0, 0, 0], "rotation": 180, "texture": "#1"},
				"east": {"uv": [7.5, 5.25, 8.5, 5.75], "rotation": 270, "texture": "#1"},
				"south": {"uv": [2, 7.5, 3, 8.5], "texture": "#1"},
				"west": {"uv": [7.5, 5.25, 8.5, 5.75], "rotation": 90, "texture": "#1"},
				"up": {"uv": [13, 5.25, 14, 5.75], "rotation": 180, "texture": "#1"},
				"down": {"uv": [2, 5.25, 3, 5.75], "texture": "#1"}
			}
		},
		{
			"from": [2.225, 8.725, 6.35],
			"to": [2.375, 9.525, 9.675],
			"rotation": {"angle": 0, "axis": "y", "origin": [0, -0.25, 0]},
			"faces": {
				"north": {"uv": [0, 0, 0, 0], "rotation": 180, "texture": "#1"},
				"east": {"uv": [7.5, 5.25, 8.5, 5.75], "rotation": 270, "texture": "#1"},
				"south": {"uv": [2, 7.5, 3, 8.5], "texture": "#1"},
				"west": {"uv": [7.5, 5.25, 8.5, 5.75], "rotation": 90, "texture": "#1"},
				"up": {"uv": [13, 5.25, 14, 5.75], "rotation": 180, "texture": "#1"},
				"down": {"uv": [2, 5.25, 3, 5.75], "texture": "#1"}
			}
		},
		{
			"from": [1.875, 8.725, 6.35],
			"to": [2.025, 9.525, 9.675],
			"rotation": {"angle": 0, "axis": "y", "origin": [0, -0.25, 0]},
			"faces": {
				"north": {"uv": [0, 0, 0, 0], "rotation": 180, "texture": "#1"},
				"east": {"uv": [7.5, 5.25, 8.5, 5.75], "rotation": 270, "texture": "#1"},
				"south": {"uv": [2, 7.5, 3, 8.5], "texture": "#1"},
				"west": {"uv": [7.5, 5.25, 8.5, 5.75], "rotation": 90, "texture": "#1"},
				"up": {"uv": [13, 5.25, 14, 5.75], "rotation": 180, "texture": "#1"},
				"down": {"uv": [2, 5.25, 3, 5.75], "texture": "#1"}
			}
		},
		{
			"from": [1.525, 8.725, 6.35],
			"to": [1.675, 9.525, 9.675],
			"rotation": {"angle": 0, "axis": "y", "origin": [0, -0.25, 0]},
			"faces": {
				"north": {"uv": [0, 0, 0, 0], "rotation": 180, "texture": "#1"},
				"east": {"uv": [7.5, 5.25, 8.5, 5.75], "rotation": 270, "texture": "#1"},
				"south": {"uv": [2, 7.5, 3, 8.5], "texture": "#1"},
				"west": {"uv": [7.5, 5.25, 8.5, 5.75], "rotation": 90, "texture": "#1"},
				"up": {"uv": [13, 5.25, 14, 5.75], "rotation": 180, "texture": "#1"},
				"down": {"uv": [2, 5.25, 3, 5.75], "texture": "#1"}
			}
		},
		{
			"from": [1.175, 8.725, 6.35],
			"to": [1.325, 9.525, 9.675],
			"rotation": {"angle": 0, "axis": "y", "origin": [0, -0.25, 0]},
			"faces": {
				"north": {"uv": [0, 0, 0, 0], "rotation": 180, "texture": "#1"},
				"east": {"uv": [7.5, 5.25, 8.5, 5.75], "rotation": 270, "texture": "#1"},
				"south": {"uv": [2, 7.5, 3, 8.5], "texture": "#1"},
				"west": {"uv": [7.5, 5.25, 8.5, 5.75], "rotation": 90, "texture": "#1"},
				"up": {"uv": [13, 5.25, 14, 5.75], "rotation": 180, "texture": "#1"},
				"down": {"uv": [2, 5.25, 3, 5.75], "texture": "#1"}
			}
		},
		{
			"from": [0.825, 8.725, 6.35],
			"to": [0.975, 9.525, 9.675],
			"rotation": {"angle": 0, "axis": "y", "origin": [0, -0.25, 0]},
			"faces": {
				"north": {"uv": [0, 0, 0, 0], "rotation": 180, "texture": "#1"},
				"east": {"uv": [7.5, 5.25, 8.5, 5.75], "rotation": 270, "texture": "#1"},
				"south": {"uv": [2, 7.5, 3, 8.5], "texture": "#1"},
				"west": {"uv": [7.5, 5.25, 8.5, 5.75], "rotation": 90, "texture": "#1"},
				"up": {"uv": [13, 5.25, 14, 5.75], "rotation": 180, "texture": "#1"},
				"down": {"uv": [2, 5.25, 3, 5.75], "texture": "#1"}
			}
		},
		{
			"from": [0.475, 8.725, 6.35],
			"to": [0.625, 9.525, 9.675],
			"rotation": {"angle": 0, "axis": "y", "origin": [0, -0.25, 0]},
			"faces": {
				"north": {"uv": [0, 0, 0, 0], "rotation": 180, "texture": "#1"},
				"east": {"uv": [7.5, 5.25, 8.5, 5.75], "rotation": 270, "texture": "#1"},
				"south": {"uv": [2, 7.5, 3, 8.5], "texture": "#1"},
				"west": {"uv": [7.5, 5.25, 8.5, 5.75], "rotation": 90, "texture": "#1"},
				"up": {"uv": [13, 5.25, 14, 5.75], "rotation": 180, "texture": "#1"},
				"down": {"uv": [2, 5.25, 3, 5.75], "texture": "#1"}
			}
		},
		{
			"from": [0.125, 8.725, 6.35],
			"to": [0.275, 9.525, 9.675],
			"rotation": {"angle": 0, "axis": "y", "origin": [0, -0.25, 0]},
			"faces": {
				"north": {"uv": [0, 0, 0, 0], "rotation": 180, "texture": "#1"},
				"east": {"uv": [7.5, 5.25, 8.5, 5.75], "rotation": 270, "texture": "#1"},
				"south": {"uv": [2, 7.5, 3, 8.5], "texture": "#1"},
				"west": {"uv": [7.5, 5.25, 8.5, 5.75], "rotation": 90, "texture": "#1"},
				"up": {"uv": [13, 5.25, 14, 5.75], "rotation": 180, "texture": "#1"},
				"down": {"uv": [2, 5.25, 3, 5.75], "texture": "#1"}
			}
		},
		{
			"from": [-0.225, 8.725, 6.35],
			"to": [-0.075, 9.525, 9.675],
			"rotation": {"angle": 0, "axis": "y", "origin": [0, -0.25, 0]},
			"faces": {
				"north": {"uv": [0, 0, 0, 0], "rotation": 180, "texture": "#1"},
				"east": {"uv": [7.5, 5.25, 8.5, 5.75], "rotation": 270, "texture": "#1"},
				"south": {"uv": [2, 7.5, 3, 8.5], "texture": "#1"},
				"west": {"uv": [7.5, 5.25, 8.5, 5.75], "rotation": 90, "texture": "#1"},
				"up": {"uv": [13, 5.25, 14, 5.75], "rotation": 180, "texture": "#1"},
				"down": {"uv": [2, 5.25, 3, 5.75], "texture": "#1"}
			}
		},
		{
			"from": [-0.575, 8.725, 6.35],
			"to": [-0.425, 9.525, 9.675],
			"rotation": {"angle": 0, "axis": "y", "origin": [0, -0.25, 0]},
			"faces": {
				"north": {"uv": [0, 0, 0, 0], "rotation": 180, "texture": "#1"},
				"east": {"uv": [7.5, 5.25, 8.5, 5.75], "rotation": 270, "texture": "#1"},
				"south": {"uv": [2, 7.5, 3, 8.5], "texture": "#1"},
				"west": {"uv": [7.5, 5.25, 8.5, 5.75], "rotation": 90, "texture": "#1"},
				"up": {"uv": [13, 5.25, 14, 5.75], "rotation": 180, "texture": "#1"},
				"down": {"uv": [2, 5.25, 3, 5.75], "texture": "#1"}
			}
		},
		{
			"from": [4.325, 7.375, 7.6],
			"to": [4.475, 7.525, 8.4],
			"rotation": {"angle": 0, "axis": "y", "origin": [0, -0.25, 0]},
			"faces": {
				"north": {"uv": [13, 5.25, 14, 5.75], "texture": "#1"},
				"east": {"uv": [7.5, 5.25, 8.5, 5.75], "texture": "#1"},
				"south": {"uv": [2, 5.25, 3, 5.75], "texture": "#1"},
				"west": {"uv": [7.5, 5.25, 8.5, 5.75], "texture": "#1"},
				"up": {"uv": [2, 7.5, 3, 8.5], "texture": "#1"},
				"down": {"uv": [0, 0, 0, 0], "texture": "#1"}
			}
		},
		{
			"from": [3.975, 7.375, 7.6],
			"to": [4.125, 7.525, 8.4],
			"rotation": {"angle": 0, "axis": "y", "origin": [0, -0.25, 0]},
			"faces": {
				"north": {"uv": [13, 5.25, 14, 5.75], "texture": "#1"},
				"east": {"uv": [7.5, 5.25, 8.5, 5.75], "texture": "#1"},
				"south": {"uv": [2, 5.25, 3, 5.75], "texture": "#1"},
				"west": {"uv": [7.5, 5.25, 8.5, 5.75], "texture": "#1"},
				"up": {"uv": [2, 7.5, 3, 8.5], "texture": "#1"},
				"down": {"uv": [0, 0, 0, 0], "texture": "#1"}
			}
		},
		{
			"from": [3.625, 7.375, 7.6],
			"to": [3.775, 7.525, 8.4],
			"rotation": {"angle": 0, "axis": "y", "origin": [0, -0.25, 0]},
			"faces": {
				"north": {"uv": [13, 5.25, 14, 5.75], "texture": "#1"},
				"east": {"uv": [7.5, 5.25, 8.5, 5.75], "texture": "#1"},
				"south": {"uv": [2, 5.25, 3, 5.75], "texture": "#1"},
				"west": {"uv": [7.5, 5.25, 8.5, 5.75], "texture": "#1"},
				"up": {"uv": [2, 7.5, 3, 8.5], "texture": "#1"},
				"down": {"uv": [0, 0, 0, 0], "texture": "#1"}
			}
		},
		{
			"from": [3.275, 7.375, 7.6],
			"to": [3.425, 7.525, 8.4],
			"rotation": {"angle": 0, "axis": "y", "origin": [0, -0.25, 0]},
			"faces": {
				"north": {"uv": [13, 5.25, 14, 5.75], "texture": "#1"},
				"east": {"uv": [7.5, 5.25, 8.5, 5.75], "texture": "#1"},
				"south": {"uv": [2, 5.25, 3, 5.75], "texture": "#1"},
				"west": {"uv": [7.5, 5.25, 8.5, 5.75], "texture": "#1"},
				"up": {"uv": [2, 7.5, 3, 8.5], "texture": "#1"},
				"down": {"uv": [0, 0, 0, 0], "texture": "#1"}
			}
		},
		{
			"from": [2.925, 7.375, 7.6],
			"to": [3.075, 7.525, 8.4],
			"rotation": {"angle": 0, "axis": "y", "origin": [0, -0.25, 0]},
			"faces": {
				"north": {"uv": [13, 5.25, 14, 5.75], "texture": "#1"},
				"east": {"uv": [7.5, 5.25, 8.5, 5.75], "texture": "#1"},
				"south": {"uv": [2, 5.25, 3, 5.75], "texture": "#1"},
				"west": {"uv": [7.5, 5.25, 8.5, 5.75], "texture": "#1"},
				"up": {"uv": [2, 7.5, 3, 8.5], "texture": "#1"},
				"down": {"uv": [0, 0, 0, 0], "texture": "#1"}
			}
		},
		{
			"from": [2.575, 7.375, 7.6],
			"to": [2.725, 7.525, 8.4],
			"rotation": {"angle": 0, "axis": "y", "origin": [0, -0.25, 0]},
			"faces": {
				"north": {"uv": [13, 5.25, 14, 5.75], "texture": "#1"},
				"east": {"uv": [7.5, 5.25, 8.5, 5.75], "texture": "#1"},
				"south": {"uv": [2, 5.25, 3, 5.75], "texture": "#1"},
				"west": {"uv": [7.5, 5.25, 8.5, 5.75], "texture": "#1"},
				"up": {"uv": [2, 7.5, 3, 8.5], "texture": "#1"},
				"down": {"uv": [0, 0, 0, 0], "texture": "#1"}
			}
		},
		{
			"from": [2.225, 7.375, 7.6],
			"to": [2.375, 7.525, 8.4],
			"rotation": {"angle": 0, "axis": "y", "origin": [0, -0.25, 0]},
			"faces": {
				"north": {"uv": [13, 5.25, 14, 5.75], "texture": "#1"},
				"east": {"uv": [7.5, 5.25, 8.5, 5.75], "texture": "#1"},
				"south": {"uv": [2, 5.25, 3, 5.75], "texture": "#1"},
				"west": {"uv": [7.5, 5.25, 8.5, 5.75], "texture": "#1"},
				"up": {"uv": [2, 7.5, 3, 8.5], "texture": "#1"},
				"down": {"uv": [0, 0, 0, 0], "texture": "#1"}
			}
		},
		{
			"from": [1.875, 7.375, 7.6],
			"to": [2.025, 7.525, 8.4],
			"rotation": {"angle": 0, "axis": "y", "origin": [0, -0.25, 0]},
			"faces": {
				"north": {"uv": [13, 5.25, 14, 5.75], "texture": "#1"},
				"east": {"uv": [7.5, 5.25, 8.5, 5.75], "texture": "#1"},
				"south": {"uv": [2, 5.25, 3, 5.75], "texture": "#1"},
				"west": {"uv": [7.5, 5.25, 8.5, 5.75], "texture": "#1"},
				"up": {"uv": [2, 7.5, 3, 8.5], "texture": "#1"},
				"down": {"uv": [0, 0, 0, 0], "texture": "#1"}
			}
		},
		{
			"from": [1.525, 7.375, 7.6],
			"to": [1.675, 7.525, 8.4],
			"rotation": {"angle": 0, "axis": "y", "origin": [0, -0.25, 0]},
			"faces": {
				"north": {"uv": [13, 5.25, 14, 5.75], "texture": "#1"},
				"east": {"uv": [7.5, 5.25, 8.5, 5.75], "texture": "#1"},
				"south": {"uv": [2, 5.25, 3, 5.75], "texture": "#1"},
				"west": {"uv": [7.5, 5.25, 8.5, 5.75], "texture": "#1"},
				"up": {"uv": [2, 7.5, 3, 8.5], "texture": "#1"},
				"down": {"uv": [0, 0, 0, 0], "texture": "#1"}
			}
		},
		{
			"from": [1.175, 7.375, 7.6],
			"to": [1.325, 7.525, 8.4],
			"rotation": {"angle": 0, "axis": "y", "origin": [0, -0.25, 0]},
			"faces": {
				"north": {"uv": [13, 5.25, 14, 5.75], "texture": "#1"},
				"east": {"uv": [7.5, 5.25, 8.5, 5.75], "texture": "#1"},
				"south": {"uv": [2, 5.25, 3, 5.75], "texture": "#1"},
				"west": {"uv": [7.5, 5.25, 8.5, 5.75], "texture": "#1"},
				"up": {"uv": [2, 7.5, 3, 8.5], "texture": "#1"},
				"down": {"uv": [0, 0, 0, 0], "texture": "#1"}
			}
		},
		{
			"from": [0.825, 7.375, 7.6],
			"to": [0.975, 7.525, 8.4],
			"rotation": {"angle": 0, "axis": "y", "origin": [0, -0.25, 0]},
			"faces": {
				"north": {"uv": [13, 5.25, 14, 5.75], "texture": "#1"},
				"east": {"uv": [7.5, 5.25, 8.5, 5.75], "texture": "#1"},
				"south": {"uv": [2, 5.25, 3, 5.75], "texture": "#1"},
				"west": {"uv": [7.5, 5.25, 8.5, 5.75], "texture": "#1"},
				"up": {"uv": [2, 7.5, 3, 8.5], "texture": "#1"},
				"down": {"uv": [0, 0, 0, 0], "texture": "#1"}
			}
		},
		{
			"from": [0.475, 7.375, 7.6],
			"to": [0.625, 7.525, 8.4],
			"rotation": {"angle": 0, "axis": "y", "origin": [0, -0.25, 0]},
			"faces": {
				"north": {"uv": [13, 5.25, 14, 5.75], "texture": "#1"},
				"east": {"uv": [7.5, 5.25, 8.5, 5.75], "texture": "#1"},
				"south": {"uv": [2, 5.25, 3, 5.75], "texture": "#1"},
				"west": {"uv": [7.5, 5.25, 8.5, 5.75], "texture": "#1"},
				"up": {"uv": [2, 7.5, 3, 8.5], "texture": "#1"},
				"down": {"uv": [0, 0, 0, 0], "texture": "#1"}
			}
		},
		{
			"from": [0.125, 7.375, 7.6],
			"to": [0.275, 7.525, 8.4],
			"rotation": {"angle": 0, "axis": "y", "origin": [0, -0.25, 0]},
			"faces": {
				"north": {"uv": [13, 5.25, 14, 5.75], "texture": "#1"},
				"east": {"uv": [7.5, 5.25, 8.5, 5.75], "texture": "#1"},
				"south": {"uv": [2, 5.25, 3, 5.75], "texture": "#1"},
				"west": {"uv": [7.5, 5.25, 8.5, 5.75], "texture": "#1"},
				"up": {"uv": [2, 7.5, 3, 8.5], "texture": "#1"},
				"down": {"uv": [0, 0, 0, 0], "texture": "#1"}
			}
		},
		{
			"from": [-0.225, 7.375, 7.6],
			"to": [-0.075, 7.525, 8.4],
			"rotation": {"angle": 0, "axis": "y", "origin": [0, -0.25, 0]},
			"faces": {
				"north": {"uv": [13, 5.25, 14, 5.75], "texture": "#1"},
				"east": {"uv": [7.5, 5.25, 8.5, 5.75], "texture": "#1"},
				"south": {"uv": [2, 5.25, 3, 5.75], "texture": "#1"},
				"west": {"uv": [7.5, 5.25, 8.5, 5.75], "texture": "#1"},
				"up": {"uv": [2, 7.5, 3, 8.5], "texture": "#1"},
				"down": {"uv": [0, 0, 0, 0], "texture": "#1"}
			}
		},
		{
			"from": [-0.575, 7.375, 7.6],
			"to": [-0.425, 7.525, 8.4],
			"rotation": {"angle": 0, "axis": "y", "origin": [0, -0.25, 0]},
			"faces": {
				"north": {"uv": [13, 5.25, 14, 5.75], "texture": "#1"},
				"east": {"uv": [7.5, 5.25, 8.5, 5.75], "texture": "#1"},
				"south": {"uv": [2, 5.25, 3, 5.75], "texture": "#1"},
				"west": {"uv": [7.5, 5.25, 8.5, 5.75], "texture": "#1"},
				"up": {"uv": [2, 7.5, 3, 8.5], "texture": "#1"},
				"down": {"uv": [0, 0, 0, 0], "texture": "#1"}
			}
		},
		{
			"from": [4.675, 10.725, 7.6],
			"to": [4.825, 10.875, 8.4],
			"rotation": {"angle": 0, "axis": "y", "origin": [0, -0.25, 0]},
			"faces": {
				"north": {"uv": [13, 5.25, 14, 5.75], "texture": "#1"},
				"east": {"uv": [7.5, 5.25, 8.5, 5.75], "texture": "#1"},
				"south": {"uv": [2, 5.25, 3, 5.75], "texture": "#1"},
				"west": {"uv": [7.5, 5.25, 8.5, 5.75], "texture": "#1"},
				"up": {"uv": [2, 7.5, 3, 8.5], "texture": "#1"},
				"down": {"uv": [0, 0, 0, 0], "texture": "#1"}
			}
		},
		{
			"from": [4.325, 10.725, 7.6],
			"to": [4.475, 10.875, 8.4],
			"rotation": {"angle": 0, "axis": "y", "origin": [0, -0.25, 0]},
			"faces": {
				"north": {"uv": [13, 5.25, 14, 5.75], "texture": "#1"},
				"east": {"uv": [7.5, 5.25, 8.5, 5.75], "texture": "#1"},
				"south": {"uv": [2, 5.25, 3, 5.75], "texture": "#1"},
				"west": {"uv": [7.5, 5.25, 8.5, 5.75], "texture": "#1"},
				"up": {"uv": [2, 7.5, 3, 8.5], "texture": "#1"},
				"down": {"uv": [0, 0, 0, 0], "texture": "#1"}
			}
		},
		{
			"from": [3.975, 10.725, 7.6],
			"to": [4.125, 10.875, 8.4],
			"rotation": {"angle": 0, "axis": "y", "origin": [0, -0.25, 0]},
			"faces": {
				"north": {"uv": [13, 5.25, 14, 5.75], "texture": "#1"},
				"east": {"uv": [7.5, 5.25, 8.5, 5.75], "texture": "#1"},
				"south": {"uv": [2, 5.25, 3, 5.75], "texture": "#1"},
				"west": {"uv": [7.5, 5.25, 8.5, 5.75], "texture": "#1"},
				"up": {"uv": [2, 7.5, 3, 8.5], "texture": "#1"},
				"down": {"uv": [0, 0, 0, 0], "texture": "#1"}
			}
		},
		{
			"from": [3.625, 10.725, 7.6],
			"to": [3.775, 10.875, 8.4],
			"rotation": {"angle": 0, "axis": "y", "origin": [0, -0.25, 0]},
			"faces": {
				"north": {"uv": [13, 5.25, 14, 5.75], "texture": "#1"},
				"east": {"uv": [7.5, 5.25, 8.5, 5.75], "texture": "#1"},
				"south": {"uv": [2, 5.25, 3, 5.75], "texture": "#1"},
				"west": {"uv": [7.5, 5.25, 8.5, 5.75], "texture": "#1"},
				"up": {"uv": [2, 7.5, 3, 8.5], "texture": "#1"},
				"down": {"uv": [0, 0, 0, 0], "texture": "#1"}
			}
		},
		{
			"from": [3.275, 10.725, 7.6],
			"to": [3.425, 10.875, 8.4],
			"rotation": {"angle": 0, "axis": "y", "origin": [0, -0.25, 0]},
			"faces": {
				"north": {"uv": [13, 5.25, 14, 5.75], "texture": "#1"},
				"east": {"uv": [7.5, 5.25, 8.5, 5.75], "texture": "#1"},
				"south": {"uv": [2, 5.25, 3, 5.75], "texture": "#1"},
				"west": {"uv": [7.5, 5.25, 8.5, 5.75], "texture": "#1"},
				"up": {"uv": [2, 7.5, 3, 8.5], "texture": "#1"},
				"down": {"uv": [0, 0, 0, 0], "texture": "#1"}
			}
		},
		{
			"from": [2.925, 10.725, 7.6],
			"to": [3.075, 10.875, 8.4],
			"rotation": {"angle": 0, "axis": "y", "origin": [0, -0.25, 0]},
			"faces": {
				"north": {"uv": [13, 5.25, 14, 5.75], "texture": "#1"},
				"east": {"uv": [7.5, 5.25, 8.5, 5.75], "texture": "#1"},
				"south": {"uv": [2, 5.25, 3, 5.75], "texture": "#1"},
				"west": {"uv": [7.5, 5.25, 8.5, 5.75], "texture": "#1"},
				"up": {"uv": [2, 7.5, 3, 8.5], "texture": "#1"},
				"down": {"uv": [0, 0, 0, 0], "texture": "#1"}
			}
		},
		{
			"from": [2.575, 10.725, 7.6],
			"to": [2.725, 10.875, 8.4],
			"rotation": {"angle": 0, "axis": "y", "origin": [0, -0.25, 0]},
			"faces": {
				"north": {"uv": [13, 5.25, 14, 5.75], "texture": "#1"},
				"east": {"uv": [7.5, 5.25, 8.5, 5.75], "texture": "#1"},
				"south": {"uv": [2, 5.25, 3, 5.75], "texture": "#1"},
				"west": {"uv": [7.5, 5.25, 8.5, 5.75], "texture": "#1"},
				"up": {"uv": [2, 7.5, 3, 8.5], "texture": "#1"},
				"down": {"uv": [0, 0, 0, 0], "texture": "#1"}
			}
		},
		{
			"from": [2.225, 10.725, 7.6],
			"to": [2.375, 10.875, 8.4],
			"rotation": {"angle": 0, "axis": "y", "origin": [0, -0.25, 0]},
			"faces": {
				"north": {"uv": [13, 5.25, 14, 5.75], "texture": "#1"},
				"east": {"uv": [7.5, 5.25, 8.5, 5.75], "texture": "#1"},
				"south": {"uv": [2, 5.25, 3, 5.75], "texture": "#1"},
				"west": {"uv": [7.5, 5.25, 8.5, 5.75], "texture": "#1"},
				"up": {"uv": [2, 7.5, 3, 8.5], "texture": "#1"},
				"down": {"uv": [0, 0, 0, 0], "texture": "#1"}
			}
		},
		{
			"from": [6.425, 10.725, 7.6],
			"to": [6.575, 10.875, 8.4],
			"rotation": {"angle": 0, "axis": "y", "origin": [0, -0.25, 0]},
			"faces": {
				"north": {"uv": [13, 5.25, 14, 5.75], "texture": "#1"},
				"east": {"uv": [7.5, 5.25, 8.5, 5.75], "texture": "#1"},
				"south": {"uv": [2, 5.25, 3, 5.75], "texture": "#1"},
				"west": {"uv": [7.5, 5.25, 8.5, 5.75], "texture": "#1"},
				"up": {"uv": [2, 7.5, 3, 8.5], "texture": "#1"},
				"down": {"uv": [0, 0, 0, 0], "texture": "#1"}
			}
		},
		{
			"from": [6.075, 10.725, 7.6],
			"to": [6.225, 10.875, 8.4],
			"rotation": {"angle": 0, "axis": "y", "origin": [0, -0.25, 0]},
			"faces": {
				"north": {"uv": [13, 5.25, 14, 5.75], "texture": "#1"},
				"east": {"uv": [7.5, 5.25, 8.5, 5.75], "texture": "#1"},
				"south": {"uv": [2, 5.25, 3, 5.75], "texture": "#1"},
				"west": {"uv": [7.5, 5.25, 8.5, 5.75], "texture": "#1"},
				"up": {"uv": [2, 7.5, 3, 8.5], "texture": "#1"},
				"down": {"uv": [0, 0, 0, 0], "texture": "#1"}
			}
		},
		{
			"from": [5.725, 10.725, 7.6],
			"to": [5.875, 10.875, 8.4],
			"rotation": {"angle": 0, "axis": "y", "origin": [0, -0.25, 0]},
			"faces": {
				"north": {"uv": [13, 5.25, 14, 5.75], "texture": "#1"},
				"east": {"uv": [7.5, 5.25, 8.5, 5.75], "texture": "#1"},
				"south": {"uv": [2, 5.25, 3, 5.75], "texture": "#1"},
				"west": {"uv": [7.5, 5.25, 8.5, 5.75], "texture": "#1"},
				"up": {"uv": [2, 7.5, 3, 8.5], "texture": "#1"},
				"down": {"uv": [0, 0, 0, 0], "texture": "#1"}
			}
		},
		{
			"from": [5.375, 10.725, 7.6],
			"to": [5.525, 10.875, 8.4],
			"rotation": {"angle": 0, "axis": "y", "origin": [0, -0.25, 0]},
			"faces": {
				"north": {"uv": [13, 5.25, 14, 5.75], "texture": "#1"},
				"east": {"uv": [7.5, 5.25, 8.5, 5.75], "texture": "#1"},
				"south": {"uv": [2, 5.25, 3, 5.75], "texture": "#1"},
				"west": {"uv": [7.5, 5.25, 8.5, 5.75], "texture": "#1"},
				"up": {"uv": [2, 7.5, 3, 8.5], "texture": "#1"},
				"down": {"uv": [0, 0, 0, 0], "texture": "#1"}
			}
		},
		{
			"from": [5.025, 10.725, 7.6],
			"to": [5.175, 10.875, 8.4],
			"rotation": {"angle": 0, "axis": "y", "origin": [0, -0.25, 0]},
			"faces": {
				"north": {"uv": [13, 5.25, 14, 5.75], "texture": "#1"},
				"east": {"uv": [7.5, 5.25, 8.5, 5.75], "texture": "#1"},
				"south": {"uv": [2, 5.25, 3, 5.75], "texture": "#1"},
				"west": {"uv": [7.5, 5.25, 8.5, 5.75], "texture": "#1"},
				"up": {"uv": [2, 7.5, 3, 8.5], "texture": "#1"},
				"down": {"uv": [0, 0, 0, 0], "texture": "#1"}
			}
		},
		{
			"from": [-0.6, 8.25, 6.625],
			"to": [6.75, 10, 7.5],
			"rotation": {"angle": 0, "axis": "y", "origin": [0, -0.25, 0]},
			"faces": {
				"north": {"uv": [12.75, 5.75, 16, 7.75], "texture": "#2"},
				"east": {"uv": [7, 5.75, 9, 7.75], "texture": "#2"},
				"south": {"uv": [0, 5.75, 3.25, 7.75], "texture": "#2"},
				"west": {"uv": [7, 5.75, 9, 7.75], "texture": "#2"},
				"up": {"uv": [0, 7, 3.25, 9], "texture": "#2"},
				"down": {"uv": [16, 9, 12.75, 7], "texture": "#2"}
			}
		},
		{
			"from": [-0.6, 8.25, 8.5],
			"to": [6.75, 10, 9.4],
			"rotation": {"angle": 0, "axis": "y", "origin": [0, -0.25, 0]},
			"faces": {
				"north": {"uv": [12.75, 5.75, 16, 7.75], "texture": "#2"},
				"east": {"uv": [7, 5.75, 9, 7.75], "texture": "#2"},
				"south": {"uv": [0, 5.75, 3.25, 7.75], "texture": "#2"},
				"west": {"uv": [7, 5.75, 9, 7.75], "texture": "#2"},
				"up": {"uv": [0, 7, 3.25, 9], "texture": "#2"},
				"down": {"uv": [16, 9, 12.75, 7], "texture": "#2"}
			}
		},
		{
			"from": [1.85, 7.225, 7.25],
			"to": [3.5, 7.525, 8.75],
			"rotation": {"angle": 0, "axis": "y", "origin": [0, -0.25, 0]},
			"faces": {
				"north": {"uv": [12.75, 7.5, 14.75, 8.25], "texture": "#2"},
				"east": {"uv": [7.25, 7.5, 8.75, 8.25], "texture": "#2"},
				"south": {"uv": [1.25, 7.5, 3.25, 8.25], "texture": "#2"},
				"west": {"uv": [7.25, 7.5, 8.75, 8.25], "texture": "#2"},
				"up": {"uv": [1.25, 7.25, 3.25, 8.75], "texture": "#2"},
				"down": {"uv": [14.75, 8.75, 12.75, 7.25], "texture": "#2"}
			}
		},
		{
			"from": [1.675, 7.4, 7.225],
			"to": [3.675, 7.65, 8.775],
			"rotation": {"angle": 0, "axis": "y", "origin": [0, -0.25, 0]},
			"faces": {
				"north": {"uv": [12.75, 7.5, 14.75, 8.25], "texture": "#2"},
				"east": {"uv": [7.25, 7.5, 8.75, 8.25], "texture": "#2"},
				"south": {"uv": [1.25, 7.5, 3.25, 8.25], "texture": "#2"},
				"west": {"uv": [7.25, 7.5, 8.75, 8.25], "texture": "#2"},
				"up": {"uv": [1.25, 7.25, 3.25, 8.75], "texture": "#2"},
				"down": {"uv": [14.75, 8.75, 12.75, 7.25], "texture": "#2"}
			}
		},
		{
			"from": [2.05, 3.775, 7.625],
			"to": [3.3, 7.525, 8.375],
			"rotation": {"angle": 0, "axis": "y", "origin": [0, -0.25, 0]},
			"faces": {
				"north": {"uv": [13, 8.25, 14.5, 12], "texture": "#2"},
				"east": {"uv": [7.5, 8.25, 8.5, 12], "texture": "#2"},
				"south": {"uv": [1.5, 8.25, 3, 12], "texture": "#2"},
				"west": {"uv": [7.5, 8.25, 8.5, 12], "texture": "#2"},
				"up": {"uv": [1.5, 7.5, 3, 8.5], "texture": "#2"},
				"down": {"uv": [14.5, 8.5, 13, 7.5], "texture": "#2"}
			}
		},
		{
			"from": [2.3, 3.775, 7.375],
			"to": [3.05, 7.525, 8.625],
			"rotation": {"angle": 0, "axis": "y", "origin": [0, -0.25, 0]},
			"faces": {
				"north": {"uv": [13.25, 8.25, 14.25, 12], "texture": "#2"},
				"east": {"uv": [7.25, 8.25, 8.75, 12], "texture": "#2"},
				"south": {"uv": [1.75, 8.25, 2.75, 12], "texture": "#2"},
				"west": {"uv": [7.25, 8.25, 8.75, 12], "texture": "#2"},
				"up": {"uv": [1.75, 7.25, 2.75, 8.75], "texture": "#2"},
				"down": {"uv": [14.25, 8.75, 13.25, 7.25], "texture": "#2"}
			}
		},
		{
			"from": [6.75, 3.75, 7],
			"to": [7.75, 11.25, 9],
			"rotation": {"angle": 0, "axis": "y", "origin": [0, -0.25, 0]},
			"faces": {
				"north": {"uv": [8.25, 4.5, 8.75, 12], "texture": "#2"},
				"east": {"uv": [7, 4.5, 9, 12], "texture": "#2"},
				"south": {"uv": [7.25, 4.5, 7.75, 12], "texture": "#2"},
				"west": {"uv": [7, 4.5, 9, 12], "texture": "#2"},
				"up": {"uv": [7.25, 7, 7.75, 9], "texture": "#2"},
				"down": {"uv": [8.75, 9, 8.25, 7], "texture": "#2"}
			}
		},
		{
			"from": [13.525, 4.5, 5.25],
			"to": [13.775, 10.5, 10.75],
			"rotation": {"angle": 0, "axis": "y", "origin": [-0.475, -0.25, 0]},
			"faces": {
				"north": {"uv": [8.25, 5.25, 8.75, 11.25], "texture": "#1"},
				"east": {"uv": [5.25, 5.25, 10.75, 11.25], "texture": "#1"},
				"south": {"uv": [7.25, 5.25, 7.75, 11.25], "texture": "#1"},
				"west": {"uv": [5.25, 5.25, 10.75, 11.25], "texture": "#1"},
				"up": {"uv": [7.25, 5.25, 7.75, 10.75], "texture": "#1"},
				"down": {"uv": [8.75, 10.75, 8.25, 5.25], "texture": "#1"}
			}
		},
		{
			"from": [13.525, 4.75, 5],
			"to": [13.775, 10.25, 11],
			"rotation": {"angle": 0, "axis": "y", "origin": [-0.475, -0.25, 0]},
			"faces": {
				"north": {"uv": [8.25, 5.5, 8.75, 11], "texture": "#1"},
				"east": {"uv": [5, 5.5, 11, 11], "texture": "#1"},
				"south": {"uv": [7.25, 5.5, 7.75, 11], "texture": "#1"},
				"west": {"uv": [5, 5.5, 11, 11], "texture": "#1"},
				"up": {"uv": [7.25, 5, 7.75, 11], "texture": "#1"},
				"down": {"uv": [8.75, 11, 8.25, 5], "texture": "#1"}
			}
		},
		{
			"from": [13.525, 4.25, 5.75],
			"to": [13.775, 10.75, 10.25],
			"rotation": {"angle": 0, "axis": "y", "origin": [-0.475, -0.25, 0]},
			"faces": {
				"north": {"uv": [8.25, 5, 8.75, 11.5], "texture": "#1"},
				"east": {"uv": [5.75, 5, 10.25, 11.5], "texture": "#1"},
				"south": {"uv": [7.25, 5, 7.75, 11.5], "texture": "#1"},
				"west": {"uv": [5.75, 5, 10.25, 11.5], "texture": "#1"},
				"up": {"uv": [7.25, 5.75, 7.75, 10.25], "texture": "#1"},
				"down": {"uv": [8.75, 10.25, 8.25, 5.75], "texture": "#1"}
			}
		},
		{
			"from": [13.525, 5.25, 4.75],
			"to": [13.775, 9.75, 11.25],
			"rotation": {"angle": 0, "axis": "y", "origin": [-0.475, -0.25, 0]},
			"faces": {
				"north": {"uv": [8.25, 6, 8.75, 10.5], "texture": "#1"},
				"east": {"uv": [4.75, 6, 11.25, 10.5], "texture": "#1"},
				"south": {"uv": [7.25, 6, 7.75, 10.5], "texture": "#1"},
				"west": {"uv": [4.75, 6, 11.25, 10.5], "texture": "#1"},
				"up": {"uv": [7.25, 4.75, 7.75, 11.25], "texture": "#1"},
				"down": {"uv": [8.75, 11.25, 8.25, 4.75], "texture": "#1"}
			}
		},
		{
			"from": [13.525, 4, 6.25],
			"to": [13.775, 11, 9.75],
			"rotation": {"angle": 0, "axis": "y", "origin": [-0.475, -0.25, 0]},
			"faces": {
				"north": {"uv": [8.25, 4.75, 8.75, 11.75], "texture": "#1"},
				"east": {"uv": [6.25, 4.75, 9.75, 11.75], "texture": "#1"},
				"south": {"uv": [7.25, 4.75, 7.75, 11.75], "texture": "#1"},
				"west": {"uv": [6.25, 4.75, 9.75, 11.75], "texture": "#1"},
				"up": {"uv": [7.25, 6.25, 7.75, 9.75], "texture": "#1"},
				"down": {"uv": [8.75, 9.75, 8.25, 6.25], "texture": "#1"}
			}
		},
		{
			"from": [13.525, 5.75, 4.5],
			"to": [13.775, 9.25, 11.5],
			"rotation": {"angle": 0, "axis": "y", "origin": [-0.475, -0.25, 0]},
			"faces": {
				"north": {"uv": [8.25, 6.5, 8.75, 10], "texture": "#1"},
				"east": {"uv": [4.5, 6.5, 11.5, 10], "texture": "#1"},
				"south": {"uv": [7.25, 6.5, 7.75, 10], "texture": "#1"},
				"west": {"uv": [4.5, 6.5, 11.5, 10], "texture": "#1"},
				"up": {"uv": [7.25, 4.5, 7.75, 11.5], "texture": "#1"},
				"down": {"uv": [8.75, 11.5, 8.25, 4.5], "texture": "#1"}
			}
		},
		{
			"from": [13.525, 6.5, 4.25],
			"to": [13.775, 8.5, 11.75],
			"rotation": {"angle": 0, "axis": "y", "origin": [-0.475, -0.25, 0]},
			"faces": {
				"north": {"uv": [8.25, 7.25, 8.75, 9.25], "texture": "#1"},
				"east": {"uv": [4.25, 7.25, 11.75, 9.25], "texture": "#1"},
				"south": {"uv": [7.25, 7.25, 7.75, 9.25], "texture": "#1"},
				"west": {"uv": [4.25, 7.25, 11.75, 9.25], "texture": "#1"},
				"up": {"uv": [7.25, 4.25, 7.75, 11.75], "texture": "#1"},
				"down": {"uv": [8.75, 11.75, 8.25, 4.25], "texture": "#1"}
			}
		},
		{
			"from": [13.525, 3.75, 7],
			"to": [13.775, 11.25, 9],
			"rotation": {"angle": 0, "axis": "y", "origin": [-0.475, -0.25, 0]},
			"faces": {
				"north": {"uv": [8.25, 4.5, 8.75, 12], "texture": "#1"},
				"east": {"uv": [7, 4.5, 9, 12], "texture": "#1"},
				"south": {"uv": [7.25, 4.5, 7.75, 12], "texture": "#1"},
				"west": {"uv": [7, 4.5, 9, 12], "texture": "#1"},
				"up": {"uv": [7.25, 7, 7.75, 9], "texture": "#1"},
				"down": {"uv": [8.75, 9, 8.25, 7], "texture": "#1"}
			}
		},
		{
			"from": [6.75, 6.5, 4.25],
			"to": [7.75, 8.5, 11.75],
			"rotation": {"angle": 0, "axis": "y", "origin": [0, -0.25, 0]},
			"faces": {
				"north": {"uv": [8.25, 7.25, 8.75, 9.25], "texture": "#2"},
				"east": {"uv": [4.25, 7.25, 11.75, 9.25], "texture": "#2"},
				"south": {"uv": [7.25, 7.25, 7.75, 9.25], "texture": "#2"},
				"west": {"uv": [4.25, 7.25, 11.75, 9.25], "texture": "#2"},
				"up": {"uv": [7.25, 4.25, 7.75, 11.75], "texture": "#2"},
				"down": {"uv": [8.75, 11.75, 8.25, 4.25], "texture": "#2"}
			}
		},
		{
			"from": [6.75, 5.75, 4.5],
			"to": [7.75, 9.25, 11.5],
			"rotation": {"angle": 0, "axis": "y", "origin": [0, -0.25, 0]},
			"faces": {
				"north": {"uv": [8.25, 6.5, 8.75, 10], "texture": "#2"},
				"east": {"uv": [4.5, 6.5, 11.5, 10], "texture": "#2"},
				"south": {"uv": [7.25, 6.5, 7.75, 10], "texture": "#2"},
				"west": {"uv": [4.5, 6.5, 11.5, 10], "texture": "#2"},
				"up": {"uv": [7.25, 4.5, 7.75, 11.5], "texture": "#2"},
				"down": {"uv": [8.75, 11.5, 8.25, 4.5], "texture": "#2"}
			}
		},
		{
			"from": [6.75, 4, 6.25],
			"to": [7.75, 11, 9.75],
			"rotation": {"angle": 0, "axis": "y", "origin": [0, -0.25, 0]},
			"faces": {
				"north": {"uv": [8.25, 4.75, 8.75, 11.75], "texture": "#2"},
				"east": {"uv": [6.25, 4.75, 9.75, 11.75], "texture": "#2"},
				"south": {"uv": [7.25, 4.75, 7.75, 11.75], "texture": "#2"},
				"west": {"uv": [6.25, 4.75, 9.75, 11.75], "texture": "#2"},
				"up": {"uv": [7.25, 6.25, 7.75, 9.75], "texture": "#2"},
				"down": {"uv": [8.75, 9.75, 8.25, 6.25], "texture": "#2"}
			}
		},
		{
			"from": [6.75, 5.25, 4.75],
			"to": [7.75, 9.75, 11.25],
			"rotation": {"angle": 0, "axis": "y", "origin": [0, -0.25, 0]},
			"faces": {
				"north": {"uv": [8.25, 6, 8.75, 10.5], "texture": "#2"},
				"east": {"uv": [4.75, 6, 11.25, 10.5], "texture": "#2"},
				"south": {"uv": [7.25, 6, 7.75, 10.5], "texture": "#2"},
				"west": {"uv": [4.75, 6, 11.25, 10.5], "texture": "#2"},
				"up": {"uv": [7.25, 4.75, 7.75, 11.25], "texture": "#2"},
				"down": {"uv": [8.75, 11.25, 8.25, 4.75], "texture": "#2"}
			}
		},
		{
			"from": [6.75, 4.25, 5.75],
			"to": [7.75, 10.75, 10.25],
			"rotation": {"angle": 0, "axis": "y", "origin": [0, -0.25, 0]},
			"faces": {
				"north": {"uv": [8.25, 5, 8.75, 11.5], "texture": "#2"},
				"east": {"uv": [5.75, 5, 10.25, 11.5], "texture": "#2"},
				"south": {"uv": [7.25, 5, 7.75, 11.5], "texture": "#2"},
				"west": {"uv": [5.75, 5, 10.25, 11.5], "texture": "#2"},
				"up": {"uv": [7.25, 5.75, 7.75, 10.25], "texture": "#2"},
				"down": {"uv": [8.75, 10.25, 8.25, 5.75], "texture": "#2"}
			}
		},
		{
			"from": [6.75, 4.75, 5],
			"to": [7.75, 10.25, 11],
			"rotation": {"angle": 0, "axis": "y", "origin": [0, -0.25, 0]},
			"faces": {
				"north": {"uv": [8.25, 5.5, 8.75, 11], "texture": "#2"},
				"east": {"uv": [5, 5.5, 11, 11], "texture": "#2"},
				"south": {"uv": [7.25, 5.5, 7.75, 11], "texture": "#2"},
				"west": {"uv": [5, 5.5, 11, 11], "texture": "#2"},
				"up": {"uv": [7.25, 5, 7.75, 11], "texture": "#2"},
				"down": {"uv": [8.75, 11, 8.25, 5], "texture": "#2"}
			}
		},
		{
			"from": [6.75, 4.5, 5.25],
			"to": [7.75, 10.5, 10.75],
			"rotation": {"angle": 0, "axis": "y", "origin": [0, -0.25, 0]},
			"faces": {
				"north": {"uv": [8.25, 5.25, 8.75, 11.25], "texture": "#2"},
				"east": {"uv": [5.25, 5.25, 10.75, 11.25], "texture": "#2"},
				"south": {"uv": [7.25, 5.25, 7.75, 11.25], "texture": "#2"},
				"west": {"uv": [5.25, 5.25, 10.75, 11.25], "texture": "#2"},
				"up": {"uv": [7.25, 5.25, 7.75, 10.75], "texture": "#2"},
				"down": {"uv": [8.75, 10.75, 8.25, 5.25], "texture": "#2"}
			}
		},
		{
			"from": [7.75, 7.875, 5],
			"to": [13.5, 9.875, 6.5],
			"rotation": {"angle": 0, "axis": "y", "origin": [0, -0.25, 0]},
			"faces": {
				"north": {"uv": [2, 6, 8.25, 8], "texture": "#2"},
				"east": {"uv": [9.5, 6, 11, 8], "texture": "#2"},
				"south": {"uv": [7.75, 6, 14, 8], "texture": "#2"},
				"west": {"uv": [5, 6, 6.5, 8], "texture": "#2"},
				"up": {"uv": [7.75, 5, 14, 6.5], "texture": "#2"},
				"down": {"uv": [8.25, 6.5, 2, 5], "texture": "#2"}
			}
		},
		{
			"from": [7.75, 8.125, 9.25],
			"to": [13.5, 9.625, 11.25],
			"rotation": {"angle": 0, "axis": "y", "origin": [0, -0.25, 0]},
			"faces": {
				"north": {"uv": [2, 6.25, 8.25, 7.75], "texture": "#2"},
				"east": {"uv": [4.75, 6.25, 6.75, 7.75], "texture": "#2"},
				"south": {"uv": [7.75, 6.25, 14, 7.75], "texture": "#2"},
				"west": {"uv": [9.25, 6.25, 11.25, 7.75], "texture": "#2"},
				"up": {"uv": [7.75, 9.25, 14, 11.25], "texture": "#2"},
				"down": {"uv": [8.25, 11.25, 2, 9.25], "texture": "#2"}
			}
		},
		{
			"from": [7.75, 8.125, 4.75],
			"to": [13.5, 9.625, 6.75],
			"rotation": {"angle": 0, "axis": "y", "origin": [0, -0.25, 0]},
			"faces": {
				"north": {"uv": [2, 6.25, 8.25, 7.75], "texture": "#2"},
				"east": {"uv": [9.25, 6.25, 11.25, 7.75], "texture": "#2"},
				"south": {"uv": [7.75, 6.25, 14, 7.75], "texture": "#2"},
				"west": {"uv": [4.75, 6.25, 6.75, 7.75], "texture": "#2"},
				"up": {"uv": [7.75, 4.75, 14, 6.75], "texture": "#2"},
				"down": {"uv": [8.25, 6.75, 2, 4.75], "texture": "#2"}
			}
		},
		{
			"from": [7.75, 8.75, 7.25],
			"to": [13.5, 10.75, 8.75],
			"rotation": {"angle": 0, "axis": "y", "origin": [0, -0.25, 0]},
			"faces": {
				"north": {"uv": [2, 5, 8.25, 7], "texture": "#2"},
				"east": {"uv": [7.25, 5, 8.75, 7], "texture": "#2"},
				"south": {"uv": [7.75, 5, 14, 7], "texture": "#2"},
				"west": {"uv": [7.25, 5, 8.75, 7], "texture": "#2"},
				"up": {"uv": [7.75, 7.25, 14, 8.75], "texture": "#2"},
				"down": {"uv": [8.25, 8.75, 2, 7.25], "texture": "#2"}
			}
		},
		{
			"from": [7.75, 4.5, 7],
			"to": [13.5, 6, 9],
			"rotation": {"angle": 0, "axis": "y", "origin": [0, -0.25, 0]},
			"faces": {
				"north": {"uv": [2, 9.75, 8.25, 11.25], "texture": "#2"},
				"east": {"uv": [7, 9.75, 9, 11.25], "texture": "#2"},
				"south": {"uv": [7.75, 9.75, 14, 11.25], "texture": "#2"},
				"west": {"uv": [7, 9.75, 9, 11.25], "texture": "#2"},
				"up": {"uv": [7.75, 7, 14, 9], "texture": "#2"},
				"down": {"uv": [8.25, 9, 2, 7], "texture": "#2"}
			}
		},
		{
			"from": [7.75, 5.125, 9.5],
			"to": [13.5, 7.125, 11],
			"rotation": {"angle": 0, "axis": "y", "origin": [0, -0.25, 0]},
			"faces": {
				"north": {"uv": [2, 8.5, 8.25, 10.5], "texture": "#2"},
				"east": {"uv": [5, 8.5, 6.5, 10.5], "texture": "#2"},
				"south": {"uv": [7.75, 8.5, 14, 10.5], "texture": "#2"},
				"west": {"uv": [9.5, 8.5, 11, 10.5], "texture": "#2"},
				"up": {"uv": [7.75, 9.5, 14, 11], "texture": "#2"},
				"down": {"uv": [8.25, 11, 2, 9.5], "texture": "#2"}
			}
		},
		{
			"from": [7.75, 7.875, 9.5],
			"to": [13.5, 9.875, 11],
			"rotation": {"angle": 0, "axis": "y", "origin": [0, -0.25, 0]},
			"faces": {
				"north": {"uv": [2, 6, 8.25, 8], "texture": "#2"},
				"east": {"uv": [5, 6, 6.5, 8], "texture": "#2"},
				"south": {"uv": [7.75, 6, 14, 8], "texture": "#2"},
				"west": {"uv": [9.5, 6, 11, 8], "texture": "#2"},
				"up": {"uv": [7.75, 9.5, 14, 11], "texture": "#2"},
				"down": {"uv": [8.25, 11, 2, 9.5], "texture": "#2"}
			}
		},
		{
			"from": [7.75, 9, 7],
			"to": [13.5, 10.5, 9],
			"rotation": {"angle": 0, "axis": "y", "origin": [0, -0.25, 0]},
			"faces": {
				"north": {"uv": [2, 5.25, 8.25, 6.75], "texture": "#2"},
				"east": {"uv": [7, 5.25, 9, 6.75], "texture": "#2"},
				"south": {"uv": [7.75, 5.25, 14, 6.75], "texture": "#2"},
				"west": {"uv": [7, 5.25, 9, 6.75], "texture": "#2"},
				"up": {"uv": [7.75, 7, 14, 9], "texture": "#2"},
				"down": {"uv": [8.25, 9, 2, 7], "texture": "#2"}
			}
		},
		{
			"from": [7.75, 5.375, 4.75],
			"to": [13.5, 6.875, 6.75],
			"rotation": {"angle": 0, "axis": "y", "origin": [0, -0.25, 0]},
			"faces": {
				"north": {"uv": [2, 8.75, 8.25, 10.25], "texture": "#2"},
				"east": {"uv": [9.25, 8.75, 11.25, 10.25], "texture": "#2"},
				"south": {"uv": [7.75, 8.75, 14, 10.25], "texture": "#2"},
				"west": {"uv": [4.75, 8.75, 6.75, 10.25], "texture": "#2"},
				"up": {"uv": [7.75, 4.75, 14, 6.75], "texture": "#2"},
				"down": {"uv": [8.25, 6.75, 2, 4.75], "texture": "#2"}
			}
		},
		{
			"from": [7.6875, 5.375, 9.25],
			"to": [13.4375, 6.875, 11.25],
			"rotation": {"angle": 0, "axis": "y", "origin": [0, -0.25, 0]},
			"faces": {
				"north": {"uv": [2.0625, 8.75, 8.3125, 10.25], "texture": "#2"},
				"east": {"uv": [4.75, 8.75, 6.75, 10.25], "texture": "#2"},
				"south": {"uv": [7.6875, 8.75, 13.9375, 10.25], "texture": "#2"},
				"west": {"uv": [9.25, 8.75, 11.25, 10.25], "texture": "#2"},
				"up": {"uv": [7.6875, 9.25, 13.9375, 11.25], "texture": "#2"},
				"down": {"uv": [8.3125, 11.25, 2.0625, 9.25], "texture": "#2"}
			}
		},
		{
			"from": [7.75, 4.25, 7.25],
			"to": [13.5, 6.25, 8.75],
			"rotation": {"angle": 0, "axis": "y", "origin": [0, -0.25, 0]},
			"faces": {
				"north": {"uv": [2, 9.5, 8.25, 11.5], "texture": "#2"},
				"east": {"uv": [7.25, 9.5, 8.75, 11.5], "texture": "#2"},
				"south": {"uv": [7.75, 9.5, 14, 11.5], "texture": "#2"},
				"west": {"uv": [7.25, 9.5, 8.75, 11.5], "texture": "#2"},
				"up": {"uv": [7.75, 7.25, 14, 8.75], "texture": "#2"},
				"down": {"uv": [8.25, 8.75, 2, 7.25], "texture": "#2"}
			}
		},
		{
			"from": [7.75, 5.125, 5],
			"to": [13.5, 7.125, 6.5],
			"rotation": {"angle": 0, "axis": "y", "origin": [0, -0.25, 0]},
			"faces": {
				"north": {"uv": [2, 8.5, 8.25, 10.5], "texture": "#2"},
				"east": {"uv": [9.5, 8.5, 11, 10.5], "texture": "#2"},
				"south": {"uv": [7.75, 8.5, 14, 10.5], "texture": "#2"},
				"west": {"uv": [5, 8.5, 6.5, 10.5], "texture": "#2"},
				"up": {"uv": [7.75, 5, 14, 6.5], "texture": "#2"},
				"down": {"uv": [8.25, 6.5, 2, 5], "texture": "#2"}
			}
		},
		{
			"from": [7.75, 8.75, 6],
			"to": [13.5, 9.75, 7.25],
			"rotation": {"angle": -22.5, "axis": "x", "origin": [7.75, 9.75, 6]},
			"faces": {
				"north": {"uv": [2, 5.5, 8.25, 6.5], "texture": "#2"},
				"east": {"uv": [6.25, 5.5, 7.25, 6.5], "texture": "#2"},
				"south": {"uv": [7.75, 5.5, 14, 6.5], "texture": "#2"},
				"west": {"uv": [8.75, 5.5, 9.75, 6.5], "texture": "#2"},
				"up": {"uv": [7.75, 8.75, 14, 9.75], "texture": "#2"},
				"down": {"uv": [8.25, 9.75, 2, 8.75], "texture": "#2"}
			}
		},
		{
			"from": [7.75, 9.1875, 9],
			"to": [13.5, 10.1875, 10.25],
			"rotation": {"angle": 22.5, "axis": "x", "origin": [7.75, 10.1875, 9]},
			"faces": {
				"north": {"uv": [2, 5.5, 8.25, 6.5], "texture": "#2"},
				"east": {"uv": [6.25, 5.5, 7.25, 6.5], "texture": "#2"},
				"south": {"uv": [7.75, 5.5, 14, 6.5], "texture": "#2"},
				"west": {"uv": [8.75, 5.5, 9.75, 6.5], "texture": "#2"},
				"up": {"uv": [7.75, 8.75, 14, 9.75], "texture": "#2"},
				"down": {"uv": [8.25, 9.75, 2, 8.75], "texture": "#2"}
			}
		},
		{
			"from": [7.75, 7, 5.5],
			"to": [13.5, 8, 10.5],
			"rotation": {"angle": 0, "axis": "y", "origin": [0, -0.25, 0]},
			"faces": {
				"north": {"uv": [2, 7.75, 8.25, 8.75], "texture": "#2"},
				"east": {"uv": [5.5, 7.75, 10.5, 8.75], "texture": "#2"},
				"south": {"uv": [7.75, 7.75, 14, 8.75], "texture": "#2"},
				"west": {"uv": [5.5, 7.75, 10.5, 8.75], "texture": "#2"},
				"up": {"uv": [7.75, 5.5, 14, 10.5], "texture": "#2"},
				"down": {"uv": [8.25, 10.5, 2, 5.5], "texture": "#2"}
			}
		},
		{
			"from": [7.75, 4.75, 8.5],
			"to": [13.5, 5.75, 9.75],
			"rotation": {"angle": -22.5, "axis": "x", "origin": [7.75, 5.75, 8.5]},
			"faces": {
				"north": {"uv": [2, 5.5, 8.25, 6.5], "texture": "#2"},
				"east": {"uv": [6.25, 5.5, 7.25, 6.5], "texture": "#2"},
				"south": {"uv": [7.75, 5.5, 14, 6.5], "texture": "#2"},
				"west": {"uv": [8.75, 5.5, 9.75, 6.5], "texture": "#2"},
				"up": {"uv": [7.75, 8.75, 14, 9.75], "texture": "#2"},
				"down": {"uv": [8.25, 9.75, 2, 8.75], "texture": "#2"}
			}
		},
		{
			"from": [7.75, 5.25, 6.25],
			"to": [13.5, 6.25, 7.5],
			"rotation": {"angle": 22.5, "axis": "x", "origin": [7.75, 6.25, 6.25]},
			"faces": {
				"north": {"uv": [2, 5.5, 8.25, 6.5], "texture": "#2"},
				"east": {"uv": [6.25, 5.5, 7.25, 6.5], "texture": "#2"},
				"south": {"uv": [7.75, 5.5, 14, 6.5], "texture": "#2"},
				"west": {"uv": [8.75, 5.5, 9.75, 6.5], "texture": "#2"},
				"up": {"uv": [7.75, 8.75, 14, 9.75], "texture": "#2"},
				"down": {"uv": [8.25, 9.75, 2, 8.75], "texture": "#2"}
			}
		},
		{
			"from": [13.775, 9.5, 7.4],
			"to": [14.275, 11.25, 8.625],
			"rotation": {"angle": 0, "axis": "y", "origin": [-0.475, -0.25, 0]},
			"faces": {
				"north": {"uv": [4.75, 4.25, 6.75, 4.75], "texture": "#1"},
				"east": {"uv": [8.25, 4.25, 7.75, 4.75], "texture": "#1"},
				"south": {"uv": [9.25, 4.25, 10.25, 4.75], "texture": "#1"},
				"west": {"uv": [8.25, 4.25, 7.75, 4.75], "texture": "#1"},
				"up": {"uv": [9.25, 7.25, 10.25, 8.75], "texture": "#1"},
				"down": {"uv": [6.75, 8.75, 4.75, 7.25], "texture": "#1"}
			}
		},
		{
			"from": [6.75, 11.25, 7.25],
			"to": [14.275, 11.75, 8.75],
			"rotation": {"angle": 0, "axis": "y", "origin": [-0.475, -0.25, 0]},
			"faces": {
				"north": {"uv": [0.75, 4.25, 8.75, 4.75], "texture": "#2"},
				"east": {"uv": [7.25, 4.25, 8.75, 4.75], "texture": "#2"},
				"south": {"uv": [7.25, 4.25, 15.25, 4.75], "texture": "#2"},
				"west": {"uv": [7.25, 4.25, 8.75, 4.75], "texture": "#2"},
				"up": {"uv": [7.25, 7.25, 15.25, 8.75], "texture": "#2"},
				"down": {"uv": [8.75, 8.75, 0.75, 7.25], "texture": "#2"}
			}
		},
		{
			"from": [7.5, 4, 7.5],
			"to": [9, 4.25, 8.5],
			"rotation": {"angle": -22.5, "axis": "z", "origin": [7.5, 4.25, 7.5]},
			"faces": {
				"north": {"uv": [6, 11.75, 8.25, 12], "texture": "#1"},
				"east": {"uv": [7.5, 11.75, 8.5, 12], "texture": "#1"},
				"south": {"uv": [7.75, 11.75, 10, 12], "texture": "#1"},
				"west": {"uv": [7.5, 11.75, 8.5, 12], "texture": "#1"},
				"up": {"uv": [7.75, 7.5, 10, 8.5], "texture": "#1"},
				"down": {"uv": [8.25, 8.5, 6, 7.5], "texture": "#1"}
			}
		},
		{
			"from": [8.8, 3.4375, 7.5],
			"to": [12.325, 3.6875, 8.5],
			"rotation": {"angle": 0, "axis": "y", "origin": [-0.475, -0.25, 0]},
			"faces": {
				"north": {"uv": [3.75, 12.3125, 6.5, 12.5625], "texture": "#1"},
				"east": {"uv": [7.5, 12.3125, 8.5, 12.5625], "texture": "#1"},
				"south": {"uv": [9.5, 12.3125, 12.25, 12.5625], "texture": "#1"},
				"west": {"uv": [7.5, 12.3125, 8.5, 12.5625], "texture": "#1"},
				"up": {"uv": [9.5, 7.5, 12.25, 8.5], "texture": "#1"},
				"down": {"uv": [6.5, 8.5, 3.75, 7.5], "texture": "#1"}
			}
		},
		{
			"from": [12.275, 3.125, 7.5],
			"to": [13.775, 3.375, 8.5],
			"rotation": {"angle": 22.5, "axis": "z", "origin": [11.525, 3.375, 7.5]},
			"faces": {
				"north": {"uv": [6, 11.75, 8.25, 12], "texture": "#1"},
				"east": {"uv": [7.5, 11.75, 8.5, 12], "texture": "#1"},
				"south": {"uv": [7.75, 11.75, 10, 12], "texture": "#1"},
				"west": {"uv": [7.5, 11.75, 8.5, 12], "texture": "#1"},
				"up": {"uv": [7.75, 7.5, 10, 8.5], "texture": "#1"},
				"down": {"uv": [8.25, 8.5, 6, 7.5], "texture": "#1"}
			}
		},
		{
			"from": [13.775, 9.575, 7.5],
			"to": [19.275, 10.575, 8.5],
			"rotation": {"angle": 0, "axis": "y", "origin": [-0.475, -0.675, 0]},
			"faces": {
				"north": {"uv": [0, 4.75, 1.75, 5.75], "texture": "#1"},
				"east": {"uv": [7.5, 4.75, 8.5, 5.75], "texture": "#1"},
				"south": {"uv": [14.25, 4.75, 16, 5.75], "texture": "#1"},
				"west": {"uv": [7.5, 4.75, 8.5, 5.75], "texture": "#1"},
				"up": {"uv": [14.25, 7.5, 16, 8.5], "texture": "#1"},
				"down": {"uv": [1.75, 8.5, 0, 7.5], "texture": "#1"}
			}
		},
		{
			"from": [13.625, 9.4, 7.15],
			"to": [18.375, 9.9, 8.85],
			"rotation": {"angle": -22.5, "axis": "z", "origin": [13.4, 9.875, 6.75]},
			"faces": {
				"north": {"uv": [0, 6.25, 1.75, 6.75], "texture": "#2"},
				"east": {"uv": [6.5, 6.25, 9.5, 6.75], "texture": "#2"},
				"south": {"uv": [13.75, 6.25, 15.5, 6.75], "texture": "#2"},
				"west": {"uv": [6.5, 6.25, 9.5, 6.75], "texture": "#2"},
				"up": {"uv": [13.75, 6.5, 15.5, 9.5], "texture": "#2"},
				"down": {"uv": [1.75, 9.5, 0, 6.5], "texture": "#2"}
			}
		},
		{
			"from": [13.775, 7.25, 7.15],
			"to": [18.025, 8, 8.85],
			"rotation": {"angle": 0, "axis": "y", "origin": [-0.475, -0.25, 0]},
			"faces": {
				"north": {"uv": [0, 7.75, 4, 8.75], "texture": "#2"},
				"east": {"uv": [6.75, 7.75, 9.25, 8.75], "texture": "#2"},
				"south": {"uv": [12, 7.75, 16, 8.75], "texture": "#2"},
				"west": {"uv": [6.75, 7.75, 9.25, 8.75], "texture": "#2"},
				"up": {"uv": [12, 6.75, 16, 9.25], "texture": "#2"},
				"down": {"uv": [0, 6.75, 4, 9.25], "texture": "#2"}
			}
		},
		{
			"from": [15.625, 2.75, 7.25],
			"to": [17.475, 6.325, 8.75],
			"rotation": {"angle": 22.5, "axis": "z", "origin": [15.775, 7.5, 7.25]},
			"faces": {
				"north": {"uv": [0, 9.5, 0, 13.75], "texture": "#1"},
				"east": {"uv": [7, 9.5, 8.75, 13.75], "texture": "#1"},
				"south": {"uv": [16, 9.5, 16, 13.75], "texture": "#1"},
				"west": {"uv": [7.25, 9.5, 9, 13.75], "texture": "#1"},
				"up": {"uv": [16, 7.25, 16, 9], "texture": "#1"},
				"down": {"uv": [0, 9, 0, 7.25], "texture": "#1"}
			}
		},
		{
			"from": [16.025, 6.3, 7.25],
			"to": [17.975, 7.975, 8.75],
			"rotation": {"angle": 0, "axis": "y", "origin": [15.775, 7.5, 7.25]},
			"faces": {
				"north": {"uv": [0, 9.5, 0, 13.75], "texture": "#1"},
				"east": {"uv": [7, 9.5, 8.75, 13.75], "texture": "#1"},
				"south": {"uv": [16, 9.5, 16, 13.75], "texture": "#1"},
				"west": {"uv": [7.25, 9.5, 9, 13.75], "texture": "#1"},
				"up": {"uv": [16, 7.25, 16, 9], "texture": "#1"},
				"down": {"uv": [0, 9, 0, 7.25], "texture": "#1"}
			}
		},
		{
			"from": [13.725, 5.5, 7.75],
			"to": [16.05, 5.75, 8.25],
			"rotation": {"angle": 0, "axis": "y", "origin": [-0.475, 0, 0]},
			"faces": {
				"north": {"uv": [0, 10, 1.75, 10.25], "texture": "#1"},
				"east": {"uv": [7.75, 10, 8.25, 10.25], "texture": "#1"},
				"south": {"uv": [14.25, 10, 16, 10.25], "texture": "#1"},
				"west": {"uv": [7.75, 10, 8.25, 10.25], "texture": "#1"},
				"up": {"uv": [14.25, 7.75, 16, 8.25], "texture": "#1"},
				"down": {"uv": [1.75, 8.25, 0, 7.75], "texture": "#1"}
			}
		},
		{
			"from": [16.05, 5.75, 7.75],
			"to": [16.3, 6.5, 8.25],
			"rotation": {"angle": 0, "axis": "y", "origin": [-0.475, 0, 0]},
			"faces": {
				"north": {"uv": [0, 10, 1.75, 10.25], "texture": "#1"},
				"east": {"uv": [7.75, 10, 8.25, 10.25], "texture": "#1"},
				"south": {"uv": [14.25, 10, 16, 10.25], "texture": "#1"},
				"west": {"uv": [7.75, 10, 8.25, 10.25], "texture": "#1"},
				"up": {"uv": [14.25, 7.75, 16, 8.25], "texture": "#1"},
				"down": {"uv": [1.75, 8.25, 0, 7.75], "texture": "#1"}
			}
		},
		{
			"from": [15.25, 6.1, 7.75],
			"to": [15.5, 7.35, 8.25],
			"rotation": {"angle": -22.5, "axis": "z", "origin": [15.275, 7.5, 7.75]},
			"faces": {
				"north": {"uv": [8, 0, 8.25, 1.25], "texture": "#1"},
				"east": {"uv": [7.5, 0, 8.5, 1.25], "texture": "#1"},
				"south": {"uv": [7.75, 0, 8, 1.25], "texture": "#1"},
				"west": {"uv": [7.5, 0, 8.5, 1.25], "texture": "#1"},
				"up": {"uv": [7.75, 7.5, 8, 8.5], "texture": "#1"},
				"down": {"uv": [8.25, 8.5, 8, 7.5], "texture": "#1"}
			}
		},
		{
			"from": [13.775, 8, 7.15],
			"to": [16.775, 8.25, 8.85],
			"rotation": {"angle": 0, "axis": "y", "origin": [-0.475, -0.25, 0]},
			"faces": {
				"north": {"uv": [0, 7.5, 1.75, 7.75], "texture": "#2"},
				"east": {"uv": [6.75, 7.5, 9.25, 7.75], "texture": "#2"},
				"south": {"uv": [13.25, 7.5, 15, 7.75], "texture": "#2"},
				"west": {"uv": [6.75, 7.5, 9.25, 7.75], "texture": "#2"},
				"up": {"uv": [13.25, 6.75, 15, 9.25], "texture": "#2"},
				"down": {"uv": [1.75, 9.25, 0, 6.75], "texture": "#2"}
			}
		},
		{
			"from": [13.775, 8.25, 7.15],
			"to": [16.275, 8.5, 8.85],
			"rotation": {"angle": 0, "axis": "y", "origin": [-0.475, -0.25, 0]},
			"faces": {
				"north": {"uv": [0, 7.25, 1.75, 7.5], "texture": "#2"},
				"east": {"uv": [6.75, 7.25, 9.25, 7.5], "texture": "#2"},
				"south": {"uv": [13.25, 7.25, 15, 7.5], "texture": "#2"},
				"west": {"uv": [6.75, 7.25, 9.25, 7.5], "texture": "#2"},
				"up": {"uv": [13.25, 6.75, 15, 9.25], "texture": "#2"},
				"down": {"uv": [1.75, 9.25, 0, 6.75], "texture": "#2"}
			}
		},
		{
			"from": [13.775, 8.5, 7.15],
			"to": [15.775, 8.75, 8.85],
			"rotation": {"angle": 0, "axis": "y", "origin": [-0.475, -0.25, 0]},
			"faces": {
				"north": {"uv": [0, 7, 1.75, 7.25], "texture": "#2"},
				"east": {"uv": [6.5, 7, 9, 7.25], "texture": "#2"},
				"south": {"uv": [13.25, 7, 15, 7.25], "texture": "#2"},
				"west": {"uv": [6.75, 7, 9.25, 7.25], "texture": "#2"},
				"up": {"uv": [13.25, 6.75, 15, 9.25], "texture": "#2"},
				"down": {"uv": [1.75, 9.25, 0, 6.75], "texture": "#2"}
			}
		},
		{
			"from": [13.775, 8.75, 7.15],
			"to": [15.025, 9, 8.85],
			"rotation": {"angle": 0, "axis": "y", "origin": [-0.475, -0.25, 0]},
			"faces": {
				"north": {"uv": [0.75, 6.75, 1.75, 7], "texture": "#2"},
				"east": {"uv": [6.75, 6.75, 9.25, 7], "texture": "#2"},
				"south": {"uv": [14, 6.75, 15, 7], "texture": "#2"},
				"west": {"uv": [6.75, 6.75, 9.25, 7], "texture": "#2"},
				"up": {"uv": [14, 6.75, 15, 9.25], "texture": "#2"},
				"down": {"uv": [1.75, 9.25, 0.75, 6.75], "texture": "#2"}
			}
		},
		{
			"from": [13.775, 9, 7.15],
			"to": [14.525, 9.25, 8.85],
			"rotation": {"angle": 0, "axis": "y", "origin": [-0.475, -0.25, 0]},
			"faces": {
				"north": {"uv": [1, 6.5, 1.75, 6.75], "texture": "#2"},
				"east": {"uv": [6.75, 6.5, 9.25, 6.75], "texture": "#2"},
				"south": {"uv": [14.25, 6.5, 15, 6.75], "texture": "#2"},
				"west": {"uv": [6.75, 6.5, 9.25, 6.75], "texture": "#2"},
				"up": {"uv": [14.25, 6.75, 15, 9.25], "texture": "#2"},
				"down": {"uv": [1.75, 9.25, 1, 6.75], "texture": "#2"}
			}
		},
		{
			"from": [2.3, 3.5, 7.625],
			"to": [3.05, 3.75, 8.375],
			"rotation": {"angle": 0, "axis": "y", "origin": [0, -0.25, 0]},
			"faces": {
				"north": {"uv": [13.25, 12, 14.25, 12.25], "texture": "#1"},
				"east": {"uv": [7.5, 12, 8.5, 12.25], "texture": "#1"},
				"south": {"uv": [1.75, 12, 2.75, 12.25], "texture": "#1"},
				"west": {"uv": [7.5, 12, 8.5, 12.25], "texture": "#1"},
				"up": {"uv": [1.75, 7.5, 2.75, 8.5], "texture": "#1"},
				"down": {"uv": [14.25, 8.5, 13.25, 7.5], "texture": "#1"}
			}
		},
		{
			"from": [18.225, 8.9, 7.25],
			"to": [23.825, 10.65, 8.75],
			"rotation": {"angle": 0, "axis": "y", "origin": [-0.575, -0.1, 0]},
			"faces": {
				"north": {"uv": [0, 5.25, 0, 7], "texture": "#2", "cullface": "east"},
				"east": {"uv": [0, 0, 0, 0], "texture": "#2"},
				"south": {"uv": [16, 5.25, 16, 7], "texture": "#2", "cullface": "east"},
				"west": {"uv": [0, 0, 0, 0], "texture": "#2"},
				"up": {"uv": [16, 7.25, 16, 8.75], "texture": "#2", "cullface": "east"},
				"down": {"uv": [0, 8.75, 0, 7.25], "texture": "#2", "cullface": "east"}
			}
		},
		{
			"from": [18.225, 8.65, 7.5],
			"to": [23.825, 8.9, 8.5],
			"rotation": {"angle": 0, "axis": "y", "origin": [-0.575, -0.1, 0]},
			"faces": {
				"north": {"uv": [0, 7, 0, 7.25], "texture": "#2", "cullface": "east"},
				"east": {"uv": [7.5, 7, 8.5, 7.25], "texture": "#2", "cullface": "east"},
				"south": {"uv": [16, 7, 16, 7.25], "texture": "#2", "cullface": "east"},
				"west": {"uv": [7.5, 7, 8.5, 7.25], "texture": "#2", "cullface": "east"},
				"down": {"uv": [0, 8.5, 0, 7.5], "texture": "#2", "cullface": "east"}
			}
		},
		{
			"from": [19.475, 7.775, 7.7],
			"to": [23.825, 8.65, 8.3],
			"rotation": {"angle": 0, "axis": "y", "origin": [-0.575, -0.1, 0]},
			"faces": {
				"north": {"uv": [0, 7.75, 0, 8], "texture": "#2", "cullface": "east"},
				"east": {"uv": [7.5, 7.75, 8.5, 8], "texture": "#2", "cullface": "east"},
				"south": {"uv": [16, 7.75, 16, 8], "texture": "#2", "cullface": "east"},
				"west": {"uv": [7.5, 7.75, 8.5, 8], "texture": "#2", "cullface": "east"},
				"down": {"uv": [0, 8.5, 0, 7.5], "texture": "#2", "cullface": "east"}
			}
		},
		{
			"from": [21.05, 7.55, 7.7],
			"to": [23.825, 7.8, 8.3],
			"rotation": {"angle": 0, "axis": "y", "origin": [-0.95, 0.3, 0]},
			"faces": {
				"north": {"uv": [0, 8.5, 0, 8.75], "texture": "#2", "cullface": "east"},
				"east": {"uv": [7.5, 8.5, 8.5, 8.75], "texture": "#2", "cullface": "east"},
				"south": {"uv": [16, 8.5, 16, 8.75], "texture": "#2", "cullface": "east"},
				"west": {"uv": [7.5, 8.5, 8.5, 8.75], "texture": "#2", "cullface": "east"},
				"down": {"uv": [0, 8.5, 0, 7.5], "texture": "#2", "cullface": "east"}
			}
		},
		{
			"from": [22.9, 6.9, 7.7],
			"to": [23.825, 7.15, 8.3],
			"rotation": {"angle": 0, "axis": "y", "origin": [-0.4, 0.3, 0]},
			"faces": {
				"north": {"uv": [0, 8.75, 0, 9], "texture": "#2", "cullface": "east"},
				"east": {"uv": [7.5, 8.75, 8.5, 9], "texture": "#2", "cullface": "east"},
				"south": {"uv": [16, 8.75, 16, 9], "texture": "#2", "cullface": "east"},
				"west": {"uv": [7.5, 8.75, 8.5, 9], "texture": "#2", "cullface": "east"},
				"down": {"uv": [0, 8.5, 0, 7.5], "texture": "#2", "cullface": "east"}
			}
		},
		{
			"from": [22.65, 7.15, 7.7],
			"to": [23.825, 7.4, 8.3],
			"rotation": {"angle": 0, "axis": "y", "origin": [-0.95, 0.3, 0]},
			"faces": {
				"north": {"uv": [0, 8.5, 0, 8.75], "texture": "#2", "cullface": "east"},
				"east": {"uv": [7.5, 8.5, 8.5, 8.75], "texture": "#2", "cullface": "east"},
				"south": {"uv": [16, 8.5, 16, 8.75], "texture": "#2", "cullface": "east"},
				"west": {"uv": [7.5, 8.5, 8.5, 8.75], "texture": "#2", "cullface": "east"},
				"down": {"uv": [0, 8.5, 0, 7.5], "texture": "#2", "cullface": "east"}
			}
		},
		{
			"from": [23.4, 6.575, 7.7],
			"to": [23.825, 6.825, 8.3],
			"rotation": {"angle": 0, "axis": "y", "origin": [-0.4, 0.475, 0]},
			"faces": {
				"north": {"uv": [0, 8.75, 0, 9], "texture": "#2", "cullface": "east"},
				"east": {"uv": [7.5, 8.75, 8.5, 9], "texture": "#2", "cullface": "east"},
				"south": {"uv": [16, 8.75, 16, 9], "texture": "#2", "cullface": "east"},
				"west": {"uv": [7.5, 8.75, 8.5, 9], "texture": "#2", "cullface": "east"},
				"down": {"uv": [0, 8.5, 0, 7.5], "texture": "#2", "cullface": "east"}
			}
		},
		{
			"from": [23.525, 6.375, 7.7],
			"to": [23.825, 6.625, 8.3],
			"rotation": {"angle": 0, "axis": "y", "origin": [-0.4, 0.475, 0]},
			"faces": {
				"north": {"uv": [0, 8.75, 0, 9], "texture": "#2", "cullface": "east"},
				"east": {"uv": [7.5, 8.75, 8.5, 9], "texture": "#2", "cullface": "east"},
				"south": {"uv": [16, 8.75, 16, 9], "texture": "#2", "cullface": "east"},
				"west": {"uv": [7.5, 8.75, 8.5, 9], "texture": "#2", "cullface": "east"},
				"down": {"uv": [0, 8.5, 0, 7.5], "texture": "#2", "cullface": "east"}
			}
		},
		{
			"from": [23.725, 6.125, 7.7],
			"to": [23.825, 6.375, 8.3],
			"rotation": {"angle": 0, "axis": "y", "origin": [-0.4, 0.475, 0]},
			"faces": {
				"north": {"uv": [0, 8.75, 0, 9], "texture": "#2", "cullface": "east"},
				"east": {"uv": [7.5, 8.75, 8.5, 9], "texture": "#2", "cullface": "east"},
				"south": {"uv": [16, 8.75, 16, 9], "texture": "#2", "cullface": "east"},
				"west": {"uv": [7.5, 8.75, 8.5, 9], "texture": "#2", "cullface": "east"},
				"down": {"uv": [0, 8.5, 0, 7.5], "texture": "#2", "cullface": "east"}
			}
		},
		{
			"from": [23.15, 6.65, 7.7],
			"to": [23.825, 6.9, 8.3],
			"rotation": {"angle": 0, "axis": "y", "origin": [-0.95, 0.3, 0]},
			"faces": {
				"north": {"uv": [0, 8.5, 0, 8.75], "texture": "#2", "cullface": "east"},
				"east": {"uv": [7.5, 8.5, 8.5, 8.75], "texture": "#2", "cullface": "east"},
				"south": {"uv": [16, 8.5, 16, 8.75], "texture": "#2", "cullface": "east"},
				"west": {"uv": [7.5, 8.5, 8.5, 8.75], "texture": "#2", "cullface": "east"},
				"down": {"uv": [0, 8.5, 0, 7.5], "texture": "#2", "cullface": "east"}
			}
		},
		{
			"from": [21.3, 7.3, 7.7],
			"to": [23.825, 7.55, 8.3],
			"rotation": {"angle": 0, "axis": "y", "origin": [-0.4, 0.3, 0]},
			"faces": {
				"north": {"uv": [0, 8.75, 0, 9], "texture": "#2", "cullface": "east"},
				"east": {"uv": [7.5, 8.75, 8.5, 9], "texture": "#2", "cullface": "east"},
				"south": {"uv": [16, 8.75, 16, 9], "texture": "#2", "cullface": "east"},
				"west": {"uv": [7.5, 8.75, 8.5, 9], "texture": "#2", "cullface": "east"},
				"down": {"uv": [0, 8.5, 0, 7.5], "texture": "#2", "cullface": "east"}
			}
		},
		{
			"from": [21.55, 7.05, 7.7],
			"to": [21.95, 7.3, 8.3],
			"rotation": {"angle": 0, "axis": "y", "origin": [-0.95, 0.3, 0]},
			"faces": {
				"north": {"uv": [0, 9, 0, 9.25], "texture": "#2", "cullface": "east"},
				"east": {"uv": [7.5, 9, 8.5, 9.25], "texture": "#2", "cullface": "east"},
				"south": {"uv": [16, 9, 16, 9.25], "texture": "#2", "cullface": "east"},
				"west": {"uv": [7.5, 9, 8.5, 9.25], "texture": "#2", "cullface": "east"},
				"down": {"uv": [0, 8.5, 0, 7.5], "texture": "#2", "cullface": "east"}
			}
		},
		{
			"from": [21.775, 6.725, 7.7],
			"to": [21.95, 7.05, 8.3],
			"rotation": {"angle": 0, "axis": "y", "origin": [-0.95, 0.3, 0]},
			"faces": {
				"north": {"uv": [0, 9.25, 0, 9.5], "texture": "#2", "cullface": "east"},
				"east": {"uv": [7.5, 9.25, 8.5, 9.5], "texture": "#2", "cullface": "east"},
				"south": {"uv": [16, 9.25, 16, 9.5], "texture": "#2", "cullface": "east"},
				"west": {"uv": [7.5, 9.25, 8.5, 9.5], "texture": "#2", "cullface": "east"},
				"down": {"uv": [0, 8.5, 0, 7.5], "texture": "#2", "cullface": "east"}
			}
		},
		{
			"from": [17.725, 9.2, 7.45],
			"to": [18.225, 10.65, 8.55],
			"rotation": {"angle": 0, "axis": "y", "origin": [-1.225, -0.1, 0]},
			"faces": {
				"north": {"uv": [0, 5.25, 2.25, 7], "texture": "#2", "cullface": "east"},
				"east": {"uv": [6.75, 5.25, 9.25, 7], "texture": "#2", "cullface": "east"},
				"south": {"uv": [13.75, 5.25, 16, 7], "texture": "#2", "cullface": "east"},
				"west": {"uv": [6.75, 5.25, 9.25, 7], "texture": "#2", "cullface": "east"},
				"up": {"uv": [13.75, 6.75, 16, 9.25], "texture": "#2", "cullface": "east"},
				"down": {"uv": [2.25, 9.25, 0, 6.75], "texture": "#2", "cullface": "east"}
			}
		},
		{
			"from": [23.825, 5.9, 7.25],
			"to": [24.575, 10.65, 8.75],
			"rotation": {"angle": 0, "axis": "y", "origin": [-0.575, -0.1, 0]},
			"faces": {
				"north": {"uv": [0, 5.25, 0, 10.25], "texture": "#1", "cullface": "east"},
				"east": {"uv": [7.25, 5.25, 8.75, 10.25], "texture": "#1", "cullface": "east"},
				"south": {"uv": [16, 5.25, 16, 10.25], "texture": "#1", "cullface": "east"},
				"west": {"uv": [7.25, 5.25, 8.75, 10.25], "texture": "#1", "cullface": "east"},
				"up": {"uv": [16, 7.25, 16, 8.75], "texture": "#1", "cullface": "east"},
				"down": {"uv": [0, 8.75, 0, 7.25], "texture": "#1", "cullface": "east"}
			}
		},
		{
			"from": [21.125, 8.3, 7.7],
			"to": [22.625, 8.55, 8.3],
			"rotation": {"angle": -45, "axis": "z", "origin": [20.3, 8.55, 7.5]},
			"faces": {
				"north": {"uv": [0, 10, 0, 10.25], "texture": "#2", "cullface": "east"},
				"east": {"uv": [7.5, 10, 8.5, 10.25], "texture": "#2", "cullface": "east"},
				"south": {"uv": [16, 10, 16, 10.25], "texture": "#2", "cullface": "east"},
				"west": {"uv": [7.5, 10, 8.5, 10.25], "texture": "#2", "cullface": "east"},
				"up": {"uv": [16, 7.5, 16, 8.5], "texture": "#2", "cullface": "east"},
				"down": {"uv": [0, 8.5, 0, 7.5], "texture": "#2", "cullface": "east"}
			}
		},
		{
			"from": [22.675, 8.425, 7.7],
			"to": [24.675, 8.675, 8.3],
			"rotation": {"angle": -45, "axis": "z", "origin": [21.225, 8.15, 7.5]},
			"faces": {
				"north": {"uv": [0, 10, 0, 10.25], "texture": "#2", "cullface": "east"},
				"east": {"uv": [7.5, 10, 8.5, 10.25], "texture": "#2", "cullface": "east"},
				"south": {"uv": [16, 10, 16, 10.25], "texture": "#2", "cullface": "east"},
				"west": {"uv": [7.5, 10, 8.5, 10.25], "texture": "#2", "cullface": "east"},
				"up": {"uv": [16, 7.5, 16, 8.5], "texture": "#2", "cullface": "east"},
				"down": {"uv": [0, 8.5, 0, 7.5], "texture": "#2", "cullface": "east"}
			}
		}
	],
	"gui_light": "front",
	"display": {
		"thirdperson_righthand": {
			"rotation": [0, -90, 0],
			"translation": [0, 0.5, -5],
			"scale": [0.84, 0.84, 0.84]
		},
		"thirdperson_lefthand": {
			"rotation": [0, 90, 0],
			"translation": [0, 0.5, -5],
			"scale": [0.84, 0.84, 0.84]
		},
		"firstperson_righthand": {
			"rotation": [0, -90, 0],
			"translation": [0, 1.75, -6.5]
		},
		"firstperson_lefthand": {
			"rotation": [0, 90, 0],
			"translation": [0, 1.75, -6.5]
		},
		"ground": {
			"translation": [-2, 1, 0],
			"scale": [0.91, 0.91, 0.91]
		},
		"gui": {
			"rotation": [0, 0, -45],
			"translation": [-1.5, 1.25, 0],
			"scale": [0.67, 0.67, 0.74]
		},
		"fixed": {
			"rotation": [0, 180, -45],
			"translation": [2.65, 1.75, -1.1],
			"scale": [1.02, 1.02, 1.02]
		}
	}
}