{
	"credit": "Cezar_ // BugabuseMe",
	"textures": {
		"1": "block/color/armi/anatema/anatema_1",
		"2": "block/color/armi/anatema/anatema_2",
		"particle": "block/color/empty"
	},
	"elements": [
		{
			"name": "backcase",
			"from": [5.5, 5.5, 8],
			"to": [10.5, 9.5, 15],
			"rotation": {"angle": 0, "axis": "x", "origin": [8, 7, 8]},
			"faces": {
				"north": {"uv": [10, 0, 15, 4], "texture": "#1"},
				"east": {"uv": [0, 7, 16, 16], "texture": "#1"},
				"south": {"uv": [0, 11, 5, 15], "texture": "#1"},
				"west": {"uv": [0, 2, 15, 16], "texture": "#1"},
				"up": {"uv": [16, 16, 0, 0], "texture": "#1"},
				"down": {"uv": [10, 0, 5, 7], "texture": "#1"}
			}
		},
		{
			"name": "handle",
			"from": [6.001, 4.501, 8.001],
			"to": [9.999, 6.499, 13.999],
			"rotation": {"angle": 0, "axis": "y", "origin": [8, 7.5, -1]},
			"faces": {
				"north": {"uv": [13.5, 7, 14.5, 11], "rotation": 90, "texture": "#2"},
				"east": {"uv": [10.5, 11, 13.5, 13], "texture": "#2"},
				"south": {"uv": [14.5, 7, 15.5, 11], "rotation": 90, "texture": "#2"},
				"west": {"uv": [10.5, 11, 13.5, 13], "texture": "#2"},
				"down": {"uv": [10.5, 7, 13.5, 11], "rotation": 270, "texture": "#2"}
			}
		},
		{
			"name": "muzzle",
			"from": [7, 6.5, -1],
			"to": [9, 8.5, 2],
			"rotation": {"angle": 0, "axis": "y", "origin": [8, 7.5, -1]},
			"faces": {
				"north": {"uv": [9.5, 0, 10.5, 2], "texture": "#2"},
				"east": {"uv": [9.5, 2, 8, 4], "texture": "#2"},
				"south": {"uv": [9.5, 0, 10.5, 2], "texture": "#2"},
				"west": {"uv": [8, 2, 9.5, 4], "texture": "#2"},
				"up": {"uv": [8, 0, 9.5, 2], "rotation": 90, "texture": "#2"},
				"down": {"uv": [9.5, 6, 8, 4], "rotation": 90, "texture": "#2"}
			}
		},
		{
			"name": "disc",
			"from": [6.5, 6, 2],
			"to": [9.5, 9, 4],
			"rotation": {"angle": 0, "axis": "y", "origin": [8, 7.5, -1]},
			"faces": {
				"north": {"uv": [13, 2, 14.5, 5], "texture": "#2"},
				"east": {"uv": [10.5, 2, 9.5, 5], "texture": "#2"},
				"south": {"uv": [10.5, 2, 12, 5], "texture": "#2"},
				"west": {"uv": [13, 2, 12, 5], "texture": "#2"},
				"up": {"uv": [10.5, 0, 12, 2], "texture": "#2"},
				"down": {"uv": [10.5, 5, 12, 7], "rotation": 180, "texture": "#2"}
			}
		},
		{
			"name": "tube",
			"from": [7, 6.5, 4],
			"to": [9, 8.5, 9],
			"rotation": {"angle": 0, "axis": "y", "origin": [8, 7.25, 8.75]},
			"faces": {
				"east": {"uv": [2.5, 1, 0, 2], "texture": "#2"},
				"west": {"uv": [0, 1, 2.5, 2], "texture": "#2"},
				"up": {"uv": [0, 0, 2.5, 1], "rotation": 90, "texture": "#2"}
			}
		},
		{
			"name": "lowertube",
			"from": [6.499, 5.999, 3.999],
			"to": [9.501, 7.001, 8.001],
			"rotation": {"angle": 0, "axis": "y", "origin": [8, 7.5, -1]},
			"faces": {
				"east": {"uv": [10.5, 9, 8.5, 11], "texture": "#2"},
				"west": {"uv": [8.5, 9, 10.5, 11], "texture": "#2"},
				"up": {"uv": [8.5, 6, 10.5, 9], "rotation": 90, "texture": "#2"},
				"down": {"uv": [8.5, 11, 10.5, 14], "rotation": 270, "texture": "#2"}
			}
		},
		{
			"from": [7.5, 7, -1.1],
			"to": [8.5, 8, 0.9],
			"faces": {
				"north": {"uv": [6.5, 15, 7, 16], "texture": "#2"},
				"east": {"uv": [6, 14, 7, 15], "texture": "#2"},
				"south": {"uv": [6.5, 15, 7, 16], "texture": "#2"},
				"west": {"uv": [6, 14, 7, 15], "texture": "#2"},
				"up": {"uv": [6, 14, 6.5, 16], "texture": "#2"},
				"down": {"uv": [6, 14, 6.5, 16], "texture": "#2"}
			}
		},
		{
			"from": [5.4, 9, 7.9],
			"to": [10.6, 9.6, 8.9],
			"faces": {
				"north": {"uv": [0, 3, 15.2, 8.4], "texture": "#1"},
				"east": {"uv": [0, 3, 2.92308, 8.4], "texture": "#1"},
				"south": {"uv": [0, 3, 15.2, 8.4], "texture": "#1"},
				"west": {"uv": [0, 4, 13, 15.6], "texture": "#1"},
				"up": {"uv": [0, 3, 15.2, 12], "texture": "#1"},
				"down": {"uv": [0, 3, 15.2, 12], "texture": "#1"}
			}
		},
		{
			"from": [5.4, 5.4, 7.9],
			"to": [6, 9.6, 8.9],
			"faces": {
				"north": {"uv": [0, 3, 15.2, 8.4], "rotation": 90, "texture": "#1"},
				"east": {"uv": [0, 3, 15.2, 12], "rotation": 270, "texture": "#1"},
				"south": {"uv": [0, 3, 15.2, 8.4], "rotation": 270, "texture": "#1"},
				"west": {"uv": [0, 4, 16, 16], "rotation": 270, "texture": "#1"},
				"up": {"uv": [0, 3, 2.92308, 8.4], "rotation": 270, "texture": "#1"},
				"down": {"uv": [0, 3, 2.92308, 8.4], "rotation": 270, "texture": "#1"}
			}
		},
		{
			"from": [10, 5.4, 7.9],
			"to": [10.6, 9.6, 8.9],
			"faces": {
				"north": {"uv": [0, 3, 15.2, 8.4], "rotation": 90, "texture": "#1"},
				"east": {"uv": [0, 3, 15.2, 12], "rotation": 270, "texture": "#1"},
				"south": {"uv": [0, 3, 15.2, 8.4], "rotation": 270, "texture": "#1"},
				"west": {"uv": [0, 4, 16, 16], "rotation": 270, "texture": "#1"},
				"up": {"uv": [0, 3, 2.92308, 8.4], "rotation": 270, "texture": "#1"},
				"down": {"uv": [0, 3, 2.92308, 8.4], "rotation": 270, "texture": "#1"}
			}
		},
		{
			"from": [5.4, 5.4, 7.9],
			"to": [10.6, 6, 8.9],
			"faces": {
				"north": {"uv": [0, 3, 15.2, 8.4], "texture": "#1"},
				"east": {"uv": [0, 3, 2.92308, 8.4], "texture": "#1"},
				"south": {"uv": [0, 3, 15.2, 8.4], "texture": "#1"},
				"west": {"uv": [0, 4, 13, 15.6], "texture": "#1"},
				"up": {"uv": [0, 3, 15.2, 12], "texture": "#1"},
				"down": {"uv": [0, 3, 15.2, 12], "texture": "#1"}
			}
		}
	],
	"gui_light": "front",
	"overrides": [
		{"predicate": {"pulling": 1}, "model": "item/portalgun_charge1"},
		{"predicate": {"pulling": 1, "pull": 0.25}, "model": "item/portalgun_charge2"},
		{"predicate": {"pulling": 1, "pull": 1}, "model": "item/portalgun_charge3"}
	],
	"display": {
		"thirdperson_righthand": {
			"translation": [0, -1, -1.5]
		},
		"thirdperson_lefthand": {
			"translation": [0, -1, -1.5]
		},
		"firstperson_righthand": {
			"rotation": [10, 2.5, -2.5],
			"translation": [-3, 4.5, 3],
			"scale": [1, 1, 0.8]
		},
		"firstperson_lefthand": {
			"rotation": [10, 2.5, -2.5],
			"translation": [-3, 4.5, 3],
			"scale": [1, 1, 0.8]
		},
		"ground": {
			"rotation": [-175.61, -37.86, -176.3],
			"translation": [0, 0, 1]
		},
		"gui": {
			"rotation": [30, 135, 0],
			"translation": [0.25, 0.5, 0],
			"scale": [0.9, 0.9, 0.9]
		},
		"head": {
			"rotation": [90, 0, 180],
			"translation": [0, 13.25, -0.5]
		},
		"fixed": {
			"rotation": [90, -45, 180],
			"translation": [-1, 0, 0]
		}
	},
	"groups": [
		{
			"name": "weapon",
			"origin": [8, 2.5, 8.5],
			"color": 0,
			"children": [
				0,
				1,
				{
					"name": "barrel",
					"origin": [8, 3, 10],
					"color": 0,
					"children": [2, 3, 4, 5, 6]
				}
			]
		},
		7,
		8,
		9,
		10
	]
}