{
	"textures": {
		"0": "block/color/brightgreen",
		"particle": "block/color/brightgreen"
	},
	"elements": [
		{
			"from": [0, 12, 7],
			"to": [2, 23, 9],
			"rotation": {"angle": -45, "axis": "z", "origin": [0, 0, 0]},
			"faces": {
				"north": {"uv": [0, 0, 2, 11], "texture": "#0"},
				"east": {"uv": [2, 0, 4, 11], "texture": "#0"},
				"south": {"uv": [4, 0, 6, 11], "texture": "#0"},
				"west": {"uv": [6, 0, 8, 11], "texture": "#0"},
				"up": {"uv": [10, 2, 8, 0], "texture": "#0"},
				"down": {"uv": [10, 2, 8, 4], "texture": "#0"}
			}
		},
		{
			"from": [12, 0, 7],
			"to": [14, 11, 9],
			"rotation": {"angle": 45, "axis": "z", "origin": [0, 0, 0]},
			"faces": {
				"north": {"uv": [0.25, 0.25, 0.75, 0.75], "texture": "#0"},
				"east": {"uv": [1.25, 0.25, 1.75, 0.75], "texture": "#0"},
				"south": {"uv": [2.25, 0.25, 2.75, 0.75], "texture": "#0"},
				"west": {"uv": [3.25, 0.25, 3.75, 0.75], "texture": "#0"},
				"up": {"uv": [4.25, 0.25, 4.75, 0.75], "texture": "#0"},
				"down": {"uv": [5.25, 0.25, 5.75, 0.75], "texture": "#0"}
			}
		}
	],
	"display": {
		"thirdperson_righthand": {
			"translation": [1.25, 5, 0]
		},
		"thirdperson_lefthand": {
			"translation": [1.25, 5, 0]
		},
		"ground": {
			"translation": [0, 2, 0]
		},
		"gui": {
			"rotation": [180, 0, 180],
			"translation": [1, -3.25, 7.875],
			"scale": [0.8, 0.8, 0.8]
		},
		"head": {
			"translation": [-0.25, 11.25, 0]
		},
		"fixed": {
			"translation": [-1, -4, 0]
		}
	}
}