{
	"textures": {
		"0": "block/color/pure_red",
		"particle": "block/color/pure_red"
	},
	"elements": [
		{
			"from": [13, -4.5, 7],
			"to": [15, 10.5, 9],
			"rotation": {"angle": 45, "axis": "z", "origin": [1, 0, 0]},
			"faces": {
				"north": {"uv": [4, 0, 5, 5.5], "texture": "#0"},
				"east": {"uv": [5, 0, 6, 5.5], "texture": "#0"},
				"south": {"uv": [0, 5.5, 1, 11], "texture": "#0"},
				"west": {"uv": [1, 5.5, 2, 11], "texture": "#0"},
				"up": {"uv": [5, 6.5, 4, 5.5], "texture": "#0"},
				"down": {"uv": [6, 5.5, 5, 6.5], "texture": "#0"}
			}
		},
		{
			"from": [-3, 5.5, 7],
			"to": [-1, 20.5, 9],
			"rotation": {"angle": -45, "axis": "z", "origin": [1, 0, 0]},
			"faces": {
				"north": {"uv": [4, 0, 5, 5.5], "texture": "#0"},
				"east": {"uv": [5, 0, 6, 5.5], "texture": "#0"},
				"south": {"uv": [0, 5.5, 1, 11], "texture": "#0"},
				"west": {"uv": [1, 5.5, 2, 11], "texture": "#0"},
				"up": {"uv": [5, 6.5, 4, 5.5], "texture": "#0"},
				"down": {"uv": [6, 5.5, 5, 6.5], "texture": "#0"}
			}
		}
	],
	"display": {
		"thirdperson_righthand": {
			"translation": [1.25, 5, 0]
		},
		"thirdperson_lefthand": {
			"translation": [1.25, 5, 0]
		},
		"ground": {
			"translation": [0, 2, 0]
		},
		"gui": {
			"rotation": [180, 0, 180],
			"translation": [0.25, -2.5, 7.875],
			"scale": [0.8, 0.8, 0.8]
		},
		"head": {
			"translation": [-0.25, 11.25, 0]
		},
		"fixed": {
			"translation": [-0.5, -3.5, 0]
		}
	}
}