{
	"textures": {
		"1": "block/color/armi/bracciodiferro/bracciodiferro_1",
		"2": "block/color/armi/bracciodiferro/bracciodiferro_2",
		"3": "block/color/armi/bracciodiferro/bracciodiferro_4",
		"particle": "block/color/empty"
	},
	"elements": [
		{
			"name": "0",
			"from": [-9, 7, 6.3],
			"to": [11, 7.5, 8],
			"rotation": {"angle": -22.5, "axis": "y", "origin": [8, 8, 8]},
			"faces": {
				"north": {"uv": [0, 0, 20, 0.5], "texture": "#3"},
				"east": {"uv": [0, 0, 1.7, 0.5], "texture": "#3"},
				"south": {"uv": [0, 0, 20, 0.5], "texture": "#3"},
				"west": {"uv": [0, 0, 1.7, 0.5], "texture": "#3"},
				"up": {"uv": [0, 0, 20, 1.7], "texture": "#3"},
				"down": {"uv": [0, 0, 20, 1.7], "texture": "#3"}
			}
		},
		{
			"name": "Cube",
			"from": [-9, 7, 8],
			"to": [11, 7.5, 9.7],
			"rotation": {"angle": 22.5, "axis": "y", "origin": [8, 8, 8]},
			"faces": {
				"north": {"uv": [0, 0, 20, 0.5], "texture": "#3"},
				"east": {"uv": [0, 0, 1.7, 0.5], "texture": "#3"},
				"south": {"uv": [0, 0, 20, 0.5], "texture": "#3"},
				"west": {"uv": [0, 0, 1.7, 0.5], "texture": "#3"},
				"up": {"uv": [0, 0, 20, 1.7], "texture": "#3"},
				"down": {"uv": [0, 0, 20, 1.7], "texture": "#3"}
			}
		},
		{
			"name": "Cube",
			"from": [-9, 8.5, 8],
			"to": [11, 9, 9.7],
			"rotation": {"angle": 22.5, "axis": "y", "origin": [8, 8, 8]},
			"faces": {
				"north": {"uv": [0, 0, 20, 0.5], "texture": "#3"},
				"east": {"uv": [0, 0, 1.7, 0.5], "texture": "#3"},
				"south": {"uv": [0, 0, 20, 0.5], "texture": "#3"},
				"west": {"uv": [0, 0, 1.7, 0.5], "texture": "#3"},
				"up": {"uv": [0, 0, 20, 1.7], "texture": "#3"},
				"down": {"uv": [0, 0, 20, 1.7], "texture": "#3"}
			}
		},
		{
			"name": "Cube",
			"from": [-9, 8.5, 6.3],
			"to": [11, 9, 8],
			"rotation": {"angle": -22.5, "axis": "y", "origin": [8, 8, 8]},
			"faces": {
				"north": {"uv": [0, 0, 20, 0.5], "texture": "#3"},
				"east": {"uv": [0, 0, 1.7, 0.5], "texture": "#3"},
				"south": {"uv": [0, 0, 20, 0.5], "texture": "#3"},
				"west": {"uv": [0, 0, 1.7, 0.5], "texture": "#3"},
				"up": {"uv": [0, 0, 20, 1.7], "texture": "#3"},
				"down": {"uv": [0, 0, 20, 1.7], "texture": "#3"}
			}
		},
		{
			"name": "Cube",
			"from": [-5, 7.075, 8.1],
			"to": [11, 8.925, 8.5],
			"rotation": {"angle": 0, "axis": "x", "origin": [0, 4, 0]},
			"faces": {
				"north": {"uv": [0, 0, 16, 1.8], "texture": "#1"},
				"east": {"uv": [0, 0, 0.4, 1.8], "texture": "#1"},
				"south": {"uv": [0, 0, 16, 1.8], "texture": "#1"},
				"west": {"uv": [0, 0, 0.4, 1.8], "texture": "#1"},
				"up": {"uv": [0, 0, 16, 0.4], "texture": "#1"},
				"down": {"uv": [0, 0, 16, 0.4], "texture": "#1"}
			}
		},
		{
			"name": "Cube",
			"from": [-5, 7.075, 7.5],
			"to": [11, 8.925, 7.9],
			"rotation": {"angle": 0, "axis": "x", "origin": [0, 4, 0]},
			"faces": {
				"north": {"uv": [0, 0, 16, 1.8], "texture": "#1"},
				"east": {"uv": [0, 0, 0.4, 1.8], "texture": "#1"},
				"south": {"uv": [0, 0, 16, 1.8], "texture": "#1"},
				"west": {"uv": [0, 0, 0.4, 1.8], "texture": "#1"},
				"up": {"uv": [0, 0, 16, 0.4], "texture": "#1"},
				"down": {"uv": [0, 0, 16, 0.4], "texture": "#1"}
			}
		},
		{
			"name": "Cube",
			"from": [-3, 7.5, 7.5],
			"to": [-2, 8.5, 8.5],
			"rotation": {"angle": 0, "axis": "x", "origin": [0, 4, 0]},
			"faces": {
				"north": {"uv": [0, 0, 1, 1], "texture": "#1"},
				"east": {"uv": [0, 0, 1, 1], "texture": "#1"},
				"south": {"uv": [0, 0, 1, 1], "texture": "#1"},
				"west": {"uv": [0, 0, 1, 1], "texture": "#1"},
				"up": {"uv": [0, 0, 1, 1], "texture": "#1"},
				"down": {"uv": [0, 0, 1, 1], "texture": "#1"}
			}
		},
		{
			"name": "Cube",
			"from": [0, 7.5, 7.5],
			"to": [1, 8.5, 8.5],
			"rotation": {"angle": 0, "axis": "x", "origin": [0, 4, 0]},
			"faces": {
				"north": {"uv": [0, 0, 1, 1], "texture": "#1"},
				"east": {"uv": [0, 0, 1, 1], "texture": "#1"},
				"south": {"uv": [0, 0, 1, 1], "texture": "#1"},
				"west": {"uv": [0, 0, 1, 1], "texture": "#1"},
				"up": {"uv": [0, 0, 1, 1], "texture": "#1"},
				"down": {"uv": [0, 0, 1, 1], "texture": "#1"}
			}
		},
		{
			"name": "Cube",
			"from": [3, 7.5, 7.5],
			"to": [4, 8.5, 8.5],
			"rotation": {"angle": 0, "axis": "x", "origin": [0, 4, 0]},
			"faces": {
				"north": {"uv": [0, 0, 1, 1], "texture": "#1"},
				"east": {"uv": [0, 0, 1, 1], "texture": "#1"},
				"south": {"uv": [0, 0, 1, 1], "texture": "#1"},
				"west": {"uv": [0, 0, 1, 1], "texture": "#1"},
				"up": {"uv": [0, 0, 1, 1], "texture": "#1"},
				"down": {"uv": [0, 0, 1, 1], "texture": "#1"}
			}
		},
		{
			"name": "Cube",
			"from": [6, 7.5, 7.5],
			"to": [7, 8.5, 8.5],
			"rotation": {"angle": 0, "axis": "x", "origin": [0, 4, 0]},
			"faces": {
				"north": {"uv": [0, 0, 1, 1], "texture": "#1"},
				"east": {"uv": [0, 0, 1, 1], "texture": "#1"},
				"south": {"uv": [0, 0, 1, 1], "texture": "#1"},
				"west": {"uv": [0, 0, 1, 1], "texture": "#1"},
				"up": {"uv": [0, 0, 1, 1], "texture": "#1"},
				"down": {"uv": [0, 0, 1, 1], "texture": "#1"}
			}
		},
		{
			"name": "Cube",
			"from": [9, 7.5, 7.5],
			"to": [10, 8.5, 8.5],
			"rotation": {"angle": 0, "axis": "x", "origin": [0, 4, 0]},
			"faces": {
				"north": {"uv": [0, 0, 1, 1], "texture": "#1"},
				"east": {"uv": [0, 0, 1, 1], "texture": "#1"},
				"south": {"uv": [0, 0, 1, 1], "texture": "#1"},
				"west": {"uv": [0, 0, 1, 1], "texture": "#1"},
				"up": {"uv": [0, 0, 1, 1], "texture": "#1"},
				"down": {"uv": [0, 0, 1, 1], "texture": "#1"}
			}
		},
		{
			"name": "Cube",
			"from": [2, 6, 10],
			"to": [15.5, 10, 11],
			"rotation": {"angle": 22.5, "axis": "y", "origin": [10, 9, 8]},
			"faces": {
				"north": {"uv": [0, 0, 13.5, 4], "texture": "#1"},
				"east": {"uv": [0, 0, 1, 4], "texture": "#1"},
				"south": {"uv": [13.5, 0, 0, 4], "texture": "#1"},
				"west": {"uv": [0, 0, 1, 4], "texture": "#1"},
				"up": {"uv": [0, 0, 13.5, 1], "texture": "#1"},
				"down": {"uv": [0, 0, 13.5, 1], "texture": "#1"}
			}
		},
		{
			"name": "Cube",
			"from": [2, 6, 5],
			"to": [15.5, 10, 6],
			"rotation": {"angle": -22.5, "axis": "y", "origin": [10, 9, 8]},
			"faces": {
				"north": {"uv": [0, 0, 13.5, 4], "texture": "#1"},
				"east": {"uv": [0, 0, 1, 4], "texture": "#1"},
				"south": {"uv": [0, 0, 13.5, 4], "texture": "#1"},
				"west": {"uv": [0, 0, 1, 4], "texture": "#1"},
				"up": {"uv": [0, 0, 13.5, 1], "texture": "#1"},
				"down": {"uv": [0, 0, 13.5, 1], "texture": "#1"}
			}
		},
		{
			"name": "Cube",
			"from": [-3.25, 6.5, 9.5],
			"to": [11, 9.5, 10],
			"rotation": {"angle": 22.5, "axis": "y", "origin": [10, 9, 8]},
			"faces": {
				"north": {"uv": [0, 0, 14, 3], "texture": "#1"},
				"east": {"uv": [0, 0, 0.5, 3], "texture": "#1"},
				"south": {"uv": [14, 0, 0, 3], "texture": "#1"},
				"west": {"uv": [0, 0, 0.5, 3], "texture": "#1"},
				"up": {"uv": [0, 0, 14, 0.5], "texture": "#1"},
				"down": {"uv": [0, 0, 14, 0.5], "texture": "#1"}
			}
		},
		{
			"name": "Cube",
			"from": [-3.25, 6.5, 6],
			"to": [11, 9.5, 6.5],
			"rotation": {"angle": -22.5, "axis": "y", "origin": [10, 9, 8]},
			"faces": {
				"north": {"uv": [0, 0, 14, 3], "texture": "#1"},
				"east": {"uv": [0, 0, 0.5, 3], "texture": "#1"},
				"south": {"uv": [0, 0, 14, 3], "texture": "#1"},
				"west": {"uv": [0, 0, 0.5, 3], "texture": "#1"},
				"up": {"uv": [0, 0, 14, 0.5], "texture": "#1"},
				"down": {"uv": [0, 0, 14, 0.5], "texture": "#1"}
			}
		},
		{
			"name": "Cube",
			"from": [-6, 7, 14.3],
			"to": [2, 9, 14.8],
			"rotation": {"angle": 22.5, "axis": "y", "origin": [-1, 8, 14.5]},
			"faces": {
				"north": {"uv": [0, 0, 8, 2], "texture": "#2"},
				"east": {"uv": [0, 0, 0.5, 2], "texture": "#2"},
				"south": {"uv": [0, 0, 9, 13], "texture": "#2"},
				"west": {"uv": [0, 0, 8.5, 10], "texture": "#2"},
				"up": {"uv": [0, 0, 8, 8.5], "texture": "#2"},
				"down": {"uv": [0, 0, 11, 8.5], "texture": "#2"}
			}
		},
		{
			"name": "Cube",
			"from": [-6, 7, 1.2],
			"to": [2, 9, 1.7],
			"rotation": {"angle": -22.5, "axis": "y", "origin": [-1, 8, 1.5]},
			"faces": {
				"north": {"uv": [0, 0, 8, 2], "texture": "#2"},
				"east": {"uv": [0, 0, 0.5, 2], "texture": "#2"},
				"south": {"uv": [0, 0, 9, 13], "texture": "#2"},
				"west": {"uv": [0, 0, 8.5, 10], "texture": "#2"},
				"up": {"uv": [0, 0, 8, 8.5], "texture": "#2"},
				"down": {"uv": [0, 0, 11, 8.5], "texture": "#2"}
			}
		},
		{
			"name": "0",
			"from": [12, 5.75, 6],
			"to": [20, 10.25, 10],
			"rotation": {"angle": 0, "axis": "x", "origin": [0, 4, 0]},
			"faces": {
				"north": {"uv": [0, 0, 7, 4], "texture": "#1"},
				"east": {"uv": [0, 0, 4, 4], "texture": "#1"},
				"south": {"uv": [7, 0, 0, 4], "texture": "#1"},
				"west": {"uv": [0, 0, 4, 4], "texture": "#1"},
				"up": {"uv": [0, 0, 7, 4], "texture": "#1"},
				"down": {"uv": [0, 0, 7, 4], "texture": "#1"}
			}
		},
		{
			"name": "0",
			"from": [20, 5.25, 5.5],
			"to": [20.75, 10.5, 10.5],
			"rotation": {"angle": 0, "axis": "x", "origin": [0, 4, 0]},
			"faces": {
				"north": {"uv": [0, 0, 7, 4], "texture": "#2"},
				"east": {"uv": [0, 0, 4, 4], "texture": "#2"},
				"south": {"uv": [8, 0, 0, 15], "texture": "#2"},
				"west": {"uv": [0, 0, 12, 12], "texture": "#2"},
				"up": {"uv": [0, 0, 7, 12], "texture": "#2"},
				"down": {"uv": [0, 0, 10, 12], "texture": "#2"}
			}
		},
		{
			"name": "0",
			"from": [20.75, 9.75, 5.5],
			"to": [24.25, 10.5, 10.5],
			"rotation": {"angle": 0, "axis": "x", "origin": [0, 4, 0]},
			"faces": {
				"north": {"uv": [0, 0, 7, 4], "texture": "#2"},
				"east": {"uv": [0, 0, 4, 4], "texture": "#2"},
				"south": {"uv": [8, 0, 0, 15], "texture": "#2"},
				"west": {"uv": [0, 0, 12, 12], "texture": "#2"},
				"up": {"uv": [0, 0, 7, 12], "texture": "#2"},
				"down": {"uv": [0, 0, 10, 12], "texture": "#2"}
			}
		},
		{
			"name": "0",
			"from": [20.75, 6, 9.75],
			"to": [24.25, 9.75, 10.5],
			"rotation": {"angle": 0, "axis": "x", "origin": [0, 4, 0]},
			"faces": {
				"north": {"uv": [0, 0, 7, 4], "texture": "#2"},
				"east": {"uv": [0, 0, 4, 4], "texture": "#2"},
				"south": {"uv": [8, 0, 0, 15], "texture": "#2"},
				"west": {"uv": [0, 0, 12, 12], "texture": "#2"},
				"up": {"uv": [0, 0, 7, 12], "texture": "#2"},
				"down": {"uv": [0, 0, 10, 12], "texture": "#2"}
			}
		},
		{
			"name": "0",
			"from": [20.75, 6, 5.5],
			"to": [24.25, 9.75, 6.25],
			"rotation": {"angle": 0, "axis": "x", "origin": [0, 4, 0]},
			"faces": {
				"north": {"uv": [0, 0, 7, 4], "texture": "#2"},
				"east": {"uv": [0, 0, 4, 4], "texture": "#2"},
				"south": {"uv": [8, 0, 0, 15], "texture": "#2"},
				"west": {"uv": [0, 0, 12, 12], "texture": "#2"},
				"up": {"uv": [0, 0, 7, 12], "texture": "#2"},
				"down": {"uv": [0, 0, 10, 12], "texture": "#2"}
			}
		},
		{
			"name": "0",
			"from": [20.75, 5.25, 5.5],
			"to": [24.25, 6, 10.5],
			"rotation": {"angle": 0, "axis": "x", "origin": [0, 4, 0]},
			"faces": {
				"north": {"uv": [0, 0, 7, 4], "texture": "#2"},
				"east": {"uv": [0, 0, 4, 4], "texture": "#2"},
				"south": {"uv": [8, 0, 0, 15], "texture": "#2"},
				"west": {"uv": [0, 0, 12, 12], "texture": "#2"},
				"up": {"uv": [0, 0, 7, 12], "texture": "#2"},
				"down": {"uv": [0, 0, 10, 12], "texture": "#2"}
			}
		},
		{
			"name": "Cube",
			"from": [10, 10, 7],
			"to": [20.05, 11.25, 9],
			"rotation": {"angle": 0, "axis": "x", "origin": [0, 4, 0]},
			"faces": {
				"north": {"uv": [0, 0, 9, 0.5], "texture": "#2"},
				"east": {"uv": [0, 0, 2, 0.5], "texture": "#2"},
				"south": {"uv": [0, 0, 10, 11.5], "texture": "#2"},
				"west": {"uv": [0, 0, 10, 8.5], "texture": "#2"},
				"up": {"uv": [0, 0, 9, 10], "texture": "#2"},
				"down": {"uv": [0, 0, 12, 10], "texture": "#2"}
			}
		},
		{
			"name": "1",
			"from": [9.5, 9.025, 4.55],
			"to": [20, 9.525, 11.45],
			"rotation": {"angle": 0, "axis": "x", "origin": [0, 4, 0]},
			"faces": {
				"north": {"uv": [0, 0, 10.5, 0.5], "texture": "#2"},
				"east": {"uv": [0, 0, 2, 0.5], "texture": "#2"},
				"south": {"uv": [0, 0, 11.5, 11.5], "texture": "#2"},
				"west": {"uv": [0, 0, 10, 8.5], "texture": "#2"},
				"up": {"uv": [0, 0, 10.5, 10], "texture": "#2"},
				"down": {"uv": [0, 0, 13.5, 10], "texture": "#2"}
			}
		},
		{
			"name": "Cube",
			"from": [9.5, 8.025, 5.05],
			"to": [20, 8.525, 10.95],
			"rotation": {"angle": 0, "axis": "x", "origin": [0, 4, 0]},
			"faces": {
				"north": {"uv": [0, 0, 11.5, 0.5], "texture": "#2"},
				"east": {"uv": [0, 0, 2, 0.5], "texture": "#2"},
				"south": {"uv": [0, 0, 12.5, 11.5], "texture": "#2"},
				"west": {"uv": [0, 0, 10, 8.5], "texture": "#2"},
				"up": {"uv": [0, 0, 11.5, 10], "texture": "#2"},
				"down": {"uv": [0, 0, 14.5, 10], "texture": "#2"}
			}
		},
		{
			"name": "Cube",
			"from": [9.5, 7.025, 5.675],
			"to": [20, 7.525, 10.3],
			"rotation": {"angle": 0, "axis": "x", "origin": [0, 4, 0]},
			"faces": {
				"north": {"uv": [0, 0, 12.5, 0.5], "texture": "#2"},
				"east": {"uv": [0, 0, 2.1, 0.5], "texture": "#2"},
				"south": {"uv": [0, 0, 13.5, 11.5], "texture": "#2"},
				"west": {"uv": [0, 0, 10.1, 8.5], "texture": "#2"},
				"up": {"uv": [0, 0, 12.5, 10.1], "texture": "#2"},
				"down": {"uv": [0, 0, 15.5, 10.1], "texture": "#2"}
			}
		},
		{
			"name": "Cube",
			"from": [9.075, 4.975, 7],
			"to": [17.075, 5.475, 9],
			"rotation": {"angle": 0, "axis": "x", "origin": [0, 4.525, -1]},
			"faces": {
				"north": {"uv": [9, 0, 0, 6], "texture": "#2"},
				"east": {"uv": [4, 0, 0, 6], "texture": "#2"},
				"south": {"uv": [9, 0, 0, 6], "texture": "#2"},
				"west": {"uv": [4, 0, 0, 6], "texture": "#2"},
				"up": {"uv": [9, 0, 0, 4], "texture": "#2"},
				"down": {"uv": [9, 0, 0, 4], "texture": "#2"}
			}
		},
		{
			"name": "Cube",
			"from": [3.125, 5.425, 7],
			"to": [9.2, 5.925, 9],
			"rotation": {"angle": -22.5, "axis": "z", "origin": [8, 5.525, 7]},
			"faces": {
				"north": {"uv": [0, 0, 9, 6], "texture": "#2"},
				"east": {"uv": [0, 0, 4, 6], "texture": "#2"},
				"south": {"uv": [0, 0, 9, 6], "texture": "#2"},
				"west": {"uv": [0, 0, 4, 6], "texture": "#2"},
				"up": {"uv": [0, 0, 9, 4], "texture": "#2"},
				"down": {"uv": [0, 0, 9, 4], "texture": "#2"}
			}
		},
		{
			"name": "0",
			"from": [-14, 8.7, 8.4],
			"to": [6, 9.025, 9.4],
			"rotation": {"angle": 22.5, "axis": "y", "origin": [8, 8, 8]},
			"faces": {
				"north": {"uv": [0, 0, 20, 0.5], "texture": "#3"},
				"east": {"uv": [0, 0, 1.7, 0.5], "texture": "#3"},
				"south": {"uv": [0, 0, 20, 0.5], "texture": "#3"},
				"west": {"uv": [0, 0, 1.7, 0.5], "texture": "#3"},
				"up": {"uv": [0, 0, 20, 1.7], "texture": "#3"},
				"down": {"uv": [0, 0, 20, 1.7], "texture": "#3"}
			}
		},
		{
			"name": "Cube",
			"from": [-14, 6.975, 8.4],
			"to": [6, 7.3, 9.4],
			"rotation": {"angle": 22.5, "axis": "y", "origin": [8, 8, 8]},
			"faces": {
				"north": {"uv": [0, 0, 20, 0.5], "texture": "#3"},
				"east": {"uv": [0, 0, 1.7, 0.5], "texture": "#3"},
				"south": {"uv": [0, 0, 20, 0.5], "texture": "#3"},
				"west": {"uv": [0, 0, 1.7, 0.5], "texture": "#3"},
				"up": {"uv": [0, 0, 20, 1.7], "texture": "#3"},
				"down": {"uv": [0, 0, 20, 1.7], "texture": "#3"}
			}
		},
		{
			"name": "Cube",
			"from": [-14, 8.7, 6.6],
			"to": [6, 9.025, 7.6],
			"rotation": {"angle": -22.5, "axis": "y", "origin": [8, 8, 8]},
			"faces": {
				"north": {"uv": [0, 0, 20, 0.5], "texture": "#3"},
				"east": {"uv": [0, 0, 1.7, 0.5], "texture": "#3"},
				"south": {"uv": [0, 0, 20, 0.5], "texture": "#3"},
				"west": {"uv": [0, 0, 1.7, 0.5], "texture": "#3"},
				"up": {"uv": [0, 0, 20, 1.7], "texture": "#3"},
				"down": {"uv": [0, 0, 20, 1.7], "texture": "#3"}
			}
		},
		{
			"name": "Cube",
			"from": [-14, 6.975, 6.6],
			"to": [6, 7.3, 7.6],
			"rotation": {"angle": -22.5, "axis": "y", "origin": [8, 8, 8]},
			"faces": {
				"north": {"uv": [0, 0, 20, 0.5], "texture": "#3"},
				"east": {"uv": [0, 0, 1.7, 0.5], "texture": "#3"},
				"south": {"uv": [0, 0, 20, 0.5], "texture": "#3"},
				"west": {"uv": [0, 0, 1.7, 0.5], "texture": "#3"},
				"up": {"uv": [0, 0, 20, 1.7], "texture": "#3"},
				"down": {"uv": [0, 0, 20, 1.7], "texture": "#3"}
			}
		},
		{
			"name": "3",
			"from": [-2, 7.5, 4.5],
			"to": [8.5, 8.5, 5],
			"rotation": {"angle": -22.5, "axis": "y", "origin": [10, 9, 8]},
			"faces": {
				"north": {"uv": [0, 0, 13.5, 4], "texture": "#2"},
				"east": {"uv": [0, 0, 1, 4], "texture": "#2"},
				"south": {"uv": [0, 0, 14.5, 15], "texture": "#2"},
				"west": {"uv": [0, 0, 9, 12], "texture": "#2"},
				"up": {"uv": [0, 0, 13.5, 9], "texture": "#2"},
				"down": {"uv": [0, 0, 16, 9], "texture": "#2"}
			}
		},
		{
			"name": "Cube",
			"from": [-2, 7.5, 11],
			"to": [8.5, 8.5, 11.5],
			"rotation": {"angle": 22.5, "axis": "y", "origin": [10, 9, 8]},
			"faces": {
				"north": {"uv": [0, 0, 13.5, 4], "texture": "#2"},
				"east": {"uv": [0, 0, 1, 4], "texture": "#2"},
				"south": {"uv": [0, 0, 14.5, 15], "texture": "#2"},
				"west": {"uv": [0, 0, 9, 12], "texture": "#2"},
				"up": {"uv": [0, 0, 13.5, 9], "texture": "#2"},
				"down": {"uv": [0, 0, 16, 9], "texture": "#2"}
			}
		}
	],
	"gui_light": "front",
	"display": {
		"thirdperson_righthand": {
			"rotation": [0, -90, 0],
			"translation": [0, -2, -7.25],
			"scale": [1, 1.01, 1.01]
		},
		"thirdperson_lefthand": {
			"rotation": [0, 90, 0],
			"translation": [0, -2, -7.25],
			"scale": [1, 1.01, 1.01]
		},
		"firstperson_righthand": {
			"rotation": [-4, -90, -8],
			"translation": [-9, 0, -3.5],
			"scale": [1.13, 1.13, 1.17]
		},
		"firstperson_lefthand": {
			"rotation": [0, 90, 0],
			"translation": [0.5, 0, -4.5],
			"scale": [1.13, 1.13, 1.17]
		},
		"ground": {
			"translation": [1.25, 0, 0],
			"scale": [0.86, 0.86, 0.86]
		},
		"gui": {
			"rotation": [17, -34, -26],
			"translation": [0.75, -0.5, 0],
			"scale": [0.49, 0.49, 0.49]
		},
		"fixed": {
			"rotation": [0, 180, -45],
			"translation": [-1.1, -1.6, -1.5],
			"scale": [0.9, 0.9, 0.9]
		}
	}
}