{
	"credit": "Made with Blockbench",
	"texture_size": [64, 64],
	"textures": {
		"1": "block/color/armi/buconero/buconero",
		"particle": "block/color/armi/buconero/buconero"
	},
	"elements": [
		{
			"from": [7, 8.75, -4.5],
			"to": [9, 10.75, 5.5],
			"rotation": {"angle": 0, "axis": "y", "origin": [0, 5.75, -2.5]},
			"faces": {
				"north": {"uv": [5.25, 2.5, 5.75, 3], "texture": "#1"},
				"east": {"uv": [4.75, 2.5, 7, 3], "texture": "#1"},
				"south": {"uv": [5.75, 2.5, 6.25, 3], "texture": "#1"},
				"west": {"uv": [4.75, 2.5, 7, 3], "texture": "#1"},
				"up": {"uv": [6, 3, 5.5, 2.5], "texture": "#1"},
				"down": {"uv": [6.25, 2.5, 5.75, 3], "texture": "#1"}
			}
		},
		{
			"from": [6.5, 8.25, -3],
			"to": [9.5, 11.25, 5.5],
			"rotation": {"angle": 0, "axis": "y", "origin": [0, 5.75, -2.5]},
			"faces": {
				"north": {"uv": [11.5, 2.5, 12, 3], "texture": "#1"},
				"east": {"uv": [0, 15.25, 2.5, 16], "texture": "#1"},
				"south": {"uv": [10.5, 5.5, 11, 6], "texture": "#1"},
				"west": {"uv": [2.5, 16, 0, 15.25], "texture": "#1"},
				"up": {"uv": [2.5, 15.25, 0, 16], "rotation": 90, "texture": "#1"},
				"down": {"uv": [0, 16, 2.5, 15.25], "rotation": 90, "texture": "#1"}
			}
		},
		{
			"from": [6.25, 8, -3],
			"to": [9.75, 11.5, 5.5],
			"rotation": {"angle": 0, "axis": "y", "origin": [0, 5.75, -2.5]},
			"faces": {
				"north": {"uv": [13, 1.75, 14, 2.75], "texture": "#1"},
				"east": {"uv": [0, 2, 2.25, 3], "texture": "#1"},
				"south": {"uv": [11.25, 3.75, 12.25, 4.75], "texture": "#1"},
				"west": {"uv": [2.25, 2, 4.5, 3], "texture": "#1"},
				"up": {"uv": [1, 5.25, 0, 3], "texture": "#1"},
				"down": {"uv": [2, 3, 1, 5.25], "texture": "#1"}
			}
		},
		{
			"from": [6, 6.75, -2.5],
			"to": [10, 7.75, 5.5],
			"rotation": {"angle": 0, "axis": "y", "origin": [0, 5.75, -2.5]},
			"faces": {
				"north": {"uv": [8.5, 4.5, 9.5, 4.75], "texture": "#1"},
				"east": {"uv": [7.25, 3.75, 9.25, 4], "texture": "#1"},
				"south": {"uv": [8.5, 4.75, 9.5, 5], "texture": "#1"},
				"west": {"uv": [7.5, 1.75, 9.5, 2], "texture": "#1"},
				"up": {"uv": [4.5, 5, 3.5, 3], "texture": "#1"},
				"down": {"uv": [5, 0, 4, 2], "texture": "#1"}
			}
		},
		{
			"from": [7, 3.75, 0.5],
			"to": [9, 7.25, 10.5],
			"rotation": {"angle": 0, "axis": "y", "origin": [0, 5.75, -2.5]},
			"faces": {
				"north": {"uv": [1, 7.75, 1.5, 8.75], "texture": "#1"},
				"east": {"uv": [0, 0, 2.5, 1], "texture": "#1"},
				"south": {"uv": [1.5, 7.75, 2, 8.75], "texture": "#1"},
				"west": {"uv": [0, 1, 2.5, 2], "texture": "#1"},
				"up": {"uv": [3.5, 7, 3, 4.5], "texture": "#1"},
				"down": {"uv": [4, 5, 3.5, 7.5], "texture": "#1"}
			}
		},
		{
			"from": [7, 2.75, -3.5],
			"to": [9, 7.25, 0.5],
			"rotation": {"angle": 0, "axis": "y", "origin": [0, 5.75, -2.5]},
			"faces": {
				"north": {"uv": [0, 7.5, 0.5, 8.75], "texture": "#1"},
				"east": {"uv": [5, 0, 6, 1.25], "texture": "#1"},
				"south": {"uv": [0.5, 7.5, 1, 8.75], "texture": "#1"},
				"west": {"uv": [0, 5.25, 1, 6.5], "texture": "#1"},
				"up": {"uv": [3, 9, 2.5, 8], "texture": "#1"},
				"down": {"uv": [3.5, 8, 3, 9], "texture": "#1"}
			}
		},
		{
			"from": [7.001, 3.43198, 10.79289],
			"to": [8.999, 6.93198, 14.29289],
			"rotation": {"angle": 45, "axis": "x", "origin": [8, 6.93198, 9.79289]},
			"faces": {
				"north": {"uv": [7.75, 2, 8.25, 3], "texture": "#1"},
				"east": {"uv": [4, 6.25, 5, 7.25], "texture": "#1"},
				"south": {"uv": [7.75, 6, 8.25, 7], "texture": "#1"},
				"west": {"uv": [0, 6.5, 1, 7.5], "texture": "#1"},
				"up": {"uv": [8.25, 8, 7.75, 7], "texture": "#1"},
				"down": {"uv": [2.5, 8, 2, 9], "texture": "#1"}
			}
		},
		{
			"from": [8, 1.52513, 4.37513],
			"to": [8, 2.52513, 9.87513],
			"rotation": {"angle": -22.5, "axis": "x", "origin": [8, 1.27513, 8.02513]},
			"faces": {
				"north": {"uv": [0, 0, 0, 0.25], "texture": "#1"},
				"east": {"uv": [8, 3.5, 9.5, 3.75], "texture": "#1"},
				"south": {"uv": [0, 0, 0, 0.25], "texture": "#1"},
				"west": {"uv": [6.5, 8, 8, 8.25], "texture": "#1"},
				"up": {"uv": [0, 1.5, 0, 0], "texture": "#1"},
				"down": {"uv": [0, 0, 0, 1.5], "texture": "#1"}
			}
		},
		{
			"from": [8, 0.1093, 1.0573],
			"to": [8, 1.1093, 4.5573],
			"rotation": {"angle": 0, "axis": "x", "origin": [8, -0.1407, 9.7073]},
			"faces": {
				"north": {"uv": [0, 0, 0, 0.25], "texture": "#1"},
				"east": {"uv": [2, 9, 2.75, 9.25], "texture": "#1"},
				"south": {"uv": [0, 0, 0, 0.25], "texture": "#1"},
				"west": {"uv": [2.75, 9, 3.5, 9.25], "texture": "#1"},
				"up": {"uv": [0, 0.75, 0, 0], "texture": "#1"},
				"down": {"uv": [0, 0, 0, 0.75], "texture": "#1"}
			}
		},
		{
			"from": [8, -6.09511, 1.98608],
			"to": [8, -5.09511, 5.73608],
			"rotation": {"angle": 45, "axis": "x", "origin": [8, 2.65489, 10.88608]},
			"faces": {
				"north": {"uv": [0, 0, 0, 0.25], "texture": "#1"},
				"east": {"uv": [0.5, 8.75, 1.5, 9], "texture": "#1"},
				"south": {"uv": [0, 0, 0, 0.25], "texture": "#1"},
				"west": {"uv": [8.75, 0.5, 9.75, 0.75], "texture": "#1"},
				"up": {"uv": [0, 1, 0, 0], "texture": "#1"},
				"down": {"uv": [0, 0, 0, 1], "texture": "#1"}
			}
		},
		{
			"from": [6, 4.5, -1.75],
			"to": [7, 6, -0.25],
			"rotation": {"angle": 0, "axis": "y", "origin": [0, 5.75, -2.5]},
			"faces": {
				"north": {"uv": [5, 9, 5.25, 9.5], "texture": "#1"},
				"east": {"uv": [8, 8.5, 8.5, 9], "texture": "#1"},
				"south": {"uv": [5.25, 9, 5.5, 9.5], "texture": "#1"},
				"west": {"uv": [8.5, 8.5, 9, 9], "texture": "#1"},
				"up": {"uv": [5.75, 9.5, 5.5, 9], "texture": "#1"},
				"down": {"uv": [6, 9, 5.75, 9.5], "texture": "#1"}
			}
		},
		{
			"from": [1, 4.75, -1.5],
			"to": [6, 5.75, -0.5],
			"rotation": {"angle": 0, "axis": "y", "origin": [0, 5.75, -2.5]},
			"faces": {
				"north": {"uv": [8.25, 1.5, 9.5, 1.75], "texture": "#1"},
				"east": {"uv": [8.75, 0.75, 9, 1], "texture": "#1"},
				"south": {"uv": [8.25, 2.75, 9.5, 3], "texture": "#1"},
				"west": {"uv": [7.75, 9, 8, 9.25], "texture": "#1"},
				"up": {"uv": [9.75, 4.25, 8.5, 4], "texture": "#1"},
				"down": {"uv": [9.75, 4.25, 8.5, 4.5], "texture": "#1"}
			}
		},
		{
			"from": [0, 4.5, -1.75],
			"to": [1, 6, -0.25],
			"rotation": {"angle": 0, "axis": "y", "origin": [0, 5.75, -2.5]},
			"faces": {
				"north": {"uv": [6, 9, 6.25, 9.5], "texture": "#1"},
				"east": {"uv": [0, 8.75, 0.5, 9.25], "texture": "#1"},
				"south": {"uv": [6.25, 9, 6.5, 9.5], "texture": "#1"},
				"west": {"uv": [8.75, 0, 9.25, 0.5], "texture": "#1"},
				"up": {"uv": [6.75, 9.5, 6.5, 9], "texture": "#1"},
				"down": {"uv": [7, 9, 6.75, 9.5], "texture": "#1"}
			}
		},
		{
			"from": [6, 3.38405, -5.42177],
			"to": [10, 4.38405, -3.42177],
			"rotation": {"angle": -22.5, "axis": "x", "origin": [0, 8.38405, -11.42177]},
			"faces": {
				"north": {"uv": [8.5, 5, 9.5, 5.25], "texture": "#1"},
				"east": {"uv": [6, 1, 6.5, 1.25], "texture": "#1"},
				"south": {"uv": [8.5, 5.25, 9.5, 5.5], "texture": "#1"},
				"west": {"uv": [5, 6.25, 5.5, 6.5], "texture": "#1"},
				"up": {"uv": [8.5, 5, 7.5, 4.5], "texture": "#1"},
				"down": {"uv": [6, 7.5, 5, 8], "texture": "#1"}
			}
		},
		{
			"from": [6, 6.75, 5.5],
			"to": [10, 11.75, 7.5],
			"rotation": {"angle": 0, "axis": "y", "origin": [0, 5.75, -2.5]},
			"faces": {
				"north": {"uv": [4.5, 3, 5.5, 4.25], "texture": "#1"},
				"east": {"uv": [4, 7.25, 4.5, 8.5], "texture": "#1"},
				"south": {"uv": [4.5, 4.25, 5.5, 5.5], "texture": "#1"},
				"west": {"uv": [4.5, 7.25, 5, 8.5], "texture": "#1"},
				"up": {"uv": [3.5, 2, 2.5, 1.5], "texture": "#1"},
				"down": {"uv": [8.5, 4, 7.5, 4.5], "texture": "#1"}
			}
		},
		{
			"from": [6.5, 7.25, 7.5],
			"to": [9.5, 11.25, 10.5],
			"rotation": {"angle": 0, "axis": "y", "origin": [8, 9.25, 8.5]},
			"faces": {
				"north": {"uv": [7, 0, 7.75, 1], "texture": "#1"},
				"east": {"uv": [2, 7, 2.75, 8], "texture": "#1"},
				"south": {"uv": [7, 2, 7.75, 3], "texture": "#1"},
				"west": {"uv": [2.75, 7, 3.5, 8], "texture": "#1"},
				"up": {"uv": [8, 3.75, 7.25, 3], "texture": "#1"},
				"down": {"uv": [8.25, 1, 7.5, 1.75], "texture": "#1"}
			}
		},
		{
			"from": [7.25, 9.25, 10.5],
			"to": [8.75, 11.25, 13.5],
			"rotation": {"angle": 0, "axis": "y", "origin": [8, 9.25, 8.5]},
			"faces": {
				"north": {"uv": [1.5, 8.75, 2, 9.25], "texture": "#1"},
				"east": {"uv": [8, 8, 8.75, 8.5], "texture": "#1"},
				"south": {"uv": [8.75, 2, 9.25, 2.5], "texture": "#1"},
				"west": {"uv": [8.25, 1, 9, 1.5], "texture": "#1"},
				"up": {"uv": [8.75, 2.75, 8.25, 2], "texture": "#1"},
				"down": {"uv": [8.75, 6, 8.25, 6.75], "texture": "#1"}
			}
		},
		{
			"from": [7.252, 8.49739, 12.74372],
			"to": [8.748, 11.49739, 14.74372],
			"rotation": {"angle": -22.5, "axis": "x", "origin": [8, 8.24739, 14.74372]},
			"faces": {
				"north": {"uv": [3.5, 9, 3.75, 9.75], "texture": "#1"},
				"east": {"uv": [7, 8.25, 7.5, 9], "texture": "#1"},
				"south": {"uv": [3.75, 9, 4, 9.75], "texture": "#1"},
				"west": {"uv": [7.5, 8.25, 8, 9], "texture": "#1"},
				"up": {"uv": [7.25, 9.5, 7, 9], "texture": "#1"},
				"down": {"uv": [7.5, 9, 7.25, 9.5], "texture": "#1"}
			}
		},
		{
			"from": [7.251, 4.82911, 13.2626],
			"to": [8.749, 6.82911, 16.2626],
			"rotation": {"angle": 45, "axis": "x", "origin": [8, 6.82911, 16.5126]},
			"faces": {
				"north": {"uv": [7.5, 9, 7.75, 9.5], "texture": "#1"},
				"east": {"uv": [8.25, 7.5, 9, 8], "texture": "#1"},
				"south": {"uv": [9, 7.5, 9.25, 8], "texture": "#1"},
				"west": {"uv": [3.5, 8.5, 4.25, 9], "texture": "#1"},
				"up": {"uv": [4.25, 9.75, 4, 9], "texture": "#1"},
				"down": {"uv": [4.75, 9, 4.5, 9.75], "texture": "#1"}
			}
		},
		{
			"from": [7.25, 3.25, 11.5],
			"to": [8.75, 5.25, 13.5],
			"rotation": {"angle": 0, "axis": "y", "origin": [8, 9.25, 8.5]},
			"faces": {
				"north": {"uv": [8.75, 6, 9.25, 6.5], "texture": "#1"},
				"east": {"uv": [8.75, 6.5, 9.25, 7], "texture": "#1"},
				"south": {"uv": [8.75, 7, 9.25, 7.5], "texture": "#1"},
				"west": {"uv": [8.75, 8, 9.25, 8.5], "texture": "#1"},
				"up": {"uv": [1, 9.5, 0.5, 9], "texture": "#1"},
				"down": {"uv": [9.5, 0.75, 9, 1.25], "texture": "#1"}
			}
		},
		{
			"from": [7.25, 3.25, 13.5],
			"to": [8.75, 7.25, 16.5],
			"rotation": {"angle": 0, "axis": "y", "origin": [8, 9.25, 8.5]},
			"faces": {
				"north": {"uv": [5, 8, 5.5, 9], "texture": "#1"},
				"east": {"uv": [7, 6, 7.75, 7], "texture": "#1"},
				"south": {"uv": [8, 5, 8.5, 6], "texture": "#1"},
				"west": {"uv": [7, 7, 7.75, 8], "texture": "#1"},
				"up": {"uv": [7, 9, 6.5, 8.25], "texture": "#1"},
				"down": {"uv": [8.75, 6.75, 8.25, 7.5], "texture": "#1"}
			}
		},
		{
			"from": [6.25, 3.25, 16.5],
			"to": [9.75, 7.25, 17.5],
			"rotation": {"angle": 0, "axis": "y", "origin": [8, 9.25, 8.5]},
			"faces": {
				"north": {"uv": [5, 6.5, 6, 7.5], "texture": "#1"},
				"east": {"uv": [1, 9, 1.25, 10], "texture": "#1"},
				"south": {"uv": [6.5, 5, 7.5, 6], "texture": "#1"},
				"west": {"uv": [1.25, 9, 1.5, 10], "texture": "#1"},
				"up": {"uv": [9.75, 2.75, 8.75, 2.5], "texture": "#1"},
				"down": {"uv": [10, 1.25, 9, 1.5], "texture": "#1"}
			}
		},
		{
			"from": [6.25, 3.25, 20.5],
			"to": [9.75, 7.25, 22.5],
			"rotation": {"angle": 0, "axis": "y", "origin": [8, 9.25, 8.5]},
			"faces": {
				"north": {"uv": [6, 6.5, 7, 7.5], "texture": "#1"},
				"east": {"uv": [5.5, 8, 6, 9], "texture": "#1"},
				"south": {"uv": [1, 6.75, 2, 7.75], "texture": "#1"},
				"west": {"uv": [6, 8, 6.5, 9], "texture": "#1"},
				"up": {"uv": [8.75, 1, 7.75, 0.5], "texture": "#1"},
				"down": {"uv": [9, 3, 8, 3.5], "texture": "#1"}
			}
		},
		{
			"from": [5.25, 2.25, 17.5],
			"to": [10.75, 8.25, 20.5],
			"rotation": {"angle": 0, "axis": "y", "origin": [8, 9.25, 8.5]},
			"faces": {
				"north": {"uv": [2.5, 0, 4, 1.5], "texture": "#1"},
				"east": {"uv": [1, 5.25, 1.75, 6.75], "texture": "#1"},
				"south": {"uv": [2, 3, 3.5, 4.5], "texture": "#1"},
				"west": {"uv": [5.5, 3, 6.25, 4.5], "texture": "#1"},
				"up": {"uv": [6.5, 2, 5, 1.25], "texture": "#1"},
				"down": {"uv": [5.5, 5.5, 4, 6.25], "texture": "#1"}
			}
		},
		{
			"from": [6, 7.75, -4],
			"to": [10, 11.75, -3],
			"rotation": {"angle": 0, "axis": "y", "origin": [0, 5.75, -2.5]},
			"faces": {
				"north": {"uv": [5.5, 4.5, 6.5, 5.5], "texture": "#1"},
				"east": {"uv": [1.75, 5.25, 2, 6.25], "texture": "#1"},
				"south": {"uv": [5.5, 5.5, 6.5, 6.5], "texture": "#1"},
				"west": {"uv": [4.25, 8.5, 4.5, 9.5], "texture": "#1"},
				"up": {"uv": [9.5, 5.75, 8.5, 5.5], "texture": "#1"},
				"down": {"uv": [9.5, 5.75, 8.5, 6], "texture": "#1"}
			}
		},
		{
			"from": [6, 7.75, -6.5],
			"to": [10, 11.75, -4.5],
			"rotation": {"angle": 0, "axis": "y", "origin": [0, 5.75, -2.5]},
			"faces": {
				"north": {"uv": [6, 0, 7, 1], "texture": "#1"},
				"east": {"uv": [3.5, 7.5, 4, 8.5], "texture": "#1"},
				"south": {"uv": [6.25, 3, 7.25, 4], "texture": "#1"},
				"west": {"uv": [7.5, 5, 8, 6], "texture": "#1"},
				"up": {"uv": [7, 8, 6, 7.5], "texture": "#1"},
				"down": {"uv": [8.75, 0, 7.75, 0.5], "texture": "#1"}
			}
		}
	],
	"display": {
		"thirdperson_righthand": {
			"rotation": [-1.5, 0, 0],
			"translation": [0, 2.5, -2.75],
			"scale": [0.8, 0.8, 0.8]
		},
		"thirdperson_lefthand": {
			"rotation": [-1.5, 0, 0],
			"translation": [0, 2.5, -2.75],
			"scale": [0.8, 0.8, 0.8]
		},
		"firstperson_righthand": {
			"rotation": [-12.97, 66.47, -32.36],
			"translation": [-0.75, 0.5, 2],
			"scale": [0.9, 0.9, 0.9]
		},
		"firstperson_lefthand": {
			"translation": [3.25, 0.25, 5.25],
			"scale": [0.9, 0.9, 0.9]
		},
		"ground": {
			"rotation": [0, 0, -90],
			"translation": [0.75, -0.5, 0],
			"scale": [0.5, 0.5, 0.5]
		},
		"gui": {
			"rotation": [30, 135, 0],
			"translation": [0, 1, 0],
			"scale": [0.625, 0.625, 0.625]
		},
		"head": {
			"translation": [0, 11, 3.75]
		},
		"fixed": {
			"rotation": [90, -50, 90],
			"translation": [-0.75, 0.25, -2],
			"scale": [0.7, 0.7, 0.7]
		}
	}
}