{
	"credit": "Made with Blockbench",
	"textures": {
		"0": "block/color/scortemilitari",
		"particle": "block/color/scortemilitari"
	},
	"elements": [
		{
			"from": [4, 3, 4],
			"to": [12, 11, 12],
			"faces": {
				"north": {"uv": [0, 0, 2, 2], "rotation": 90, "texture": "#0"},
				"east": {"uv": [0, 2, 2, 4], "rotation": 270, "texture": "#0"},
				"south": {"uv": [4, 0, 6, 2], "rotation": 270, "texture": "#0"},
				"west": {"uv": [2, 2, 4, 4], "rotation": 270, "texture": "#0"},
				"up": {"uv": [4, 2, 6, 4], "rotation": 270, "texture": "#0"},
				"down": {"uv": [2, 0, 4, 2], "rotation": 270, "texture": "#0"}
			}
		}
	],
	"display": {
		"thirdperson_righthand": {
			"translation": [1.25, 5, 0]
		},
		"thirdperson_lefthand": {
			"translation": [1.25, 5, 0]
		},
		"ground": {
			"translation": [0, 2, 0]
		},
		"gui": {
			"rotation": [28.74, -39.23, -0.09],
			"translation": [0.25, 1.25, 0],
			"scale": [1.1, 1.1, 1.1]
		},
		"head": {
			"translation": [-0.25, 11.25, 0]
		}
	}
}