{
	"credit": "Cezar_ // @BugabuseMe",
	"textures": {
		"0": "block/color/104mm_handle",
		"1": "block/color/104mm_barrel"
	},
	"elements": [
		{
			"from": [7.5, 8.925, 7.4],
			"to": [13.175, 9.175, 8.6],
			"rotation": {"angle": 0, "axis": "y", "origin": [0, -0.25, -0.25]},
			"faces": {
				"north": {"uv": [4.5, 6, 14, 7], "texture": "#1"},
				"east": {"uv": [7.25, 5.5, 8.25, 6.5], "texture": "#1"},
				"south": {"uv": [2, 5.5, 11.5, 6.5], "texture": "#1"},
				"west": {"uv": [12, 2, 10, 1], "texture": "#1"},
				"up": {"uv": [0, 0, 13.5, 15], "texture": "#1"},
				"down": {"uv": [14, 8.75, 0, 1.75], "texture": "#1"}
			}
		},
		{
			"from": [10.6, 9.175, 7.275],
			"to": [13.075, 10.15, 8.725],
			"rotation": {"angle": 0, "axis": "y", "origin": [0, -0.25, -0.25]},
			"faces": {
				"north": {"uv": [16, 16, 2, 11], "texture": "#1"},
				"east": {"uv": [2, 10, 14, 14], "texture": "#1"},
				"south": {"uv": [1, 1, 13, 11], "texture": "#1"},
				"west": {"uv": [16, 13, 1, 11], "texture": "#1"},
				"up": {"uv": [3, 4, 15, 15], "texture": "#1"},
				"down": {"uv": [13, 13, 4, 5], "texture": "#1"}
			}
		},
		{
			"from": [7.6, 7.65, 7.4],
			"to": [7.85, 8.925, 8.6],
			"rotation": {"angle": 0, "axis": "y", "origin": [-0.25, 0.2, -0.25]},
			"faces": {
				"north": {"uv": [7.75, 7.25, 8, 8.5], "texture": "#1"},
				"east": {"uv": [7.5, 7.25, 8, 8.5], "texture": "#1"},
				"south": {"uv": [8, 7.25, 8.25, 8.5], "texture": "#1"},
				"west": {"uv": [8, 7.25, 8.5, 8.5], "texture": "#1"},
				"down": {"uv": [8, 8.5, 1.75, 2], "texture": "#1"}
			}
		},
		{
			"from": [8.1, 7.4, 7.65],
			"to": [10.1, 7.65, 8.35],
			"rotation": {"angle": 0, "axis": "y", "origin": [-0.25, 0.2, -0.25]},
			"faces": {
				"north": {"uv": [5.75, 8.5, 7.75, 8.75], "texture": "#1"},
				"south": {"uv": [8.25, 8.5, 10.25, 8.75], "texture": "#1"},
				"west": {"uv": [8, 8.5, 8.5, 8.75], "texture": "#1"},
				"up": {"uv": [0, 0, 12.25, 15], "texture": "#1"},
				"down": {"uv": [7.75, 8.5, 0, 2], "texture": "#1"}
			}
		},
		{
			"from": [8.1, 8.7, 7.65],
			"to": [8.35, 8.95, 8.35],
			"rotation": {"angle": 0, "axis": "y", "origin": [-0.25, 0.2, -0.25]},
			"faces": {
				"north": {"uv": [7.5, 8.25, 7.75, 8.5], "texture": "#1"},
				"east": {"uv": [7.5, 8.25, 8, 8.5], "texture": "#1"},
				"south": {"uv": [8.25, 8.25, 8.5, 8.5], "texture": "#1"},
				"up": {"uv": [0, 0, 10.5, 15], "texture": "#1"},
				"down": {"uv": [0, 0, 0, 0], "texture": "#1"}
			}
		},
		{
			"from": [9.75, 7.65, 7.65],
			"to": [10, 7.9, 8.35],
			"rotation": {"angle": 0, "axis": "y", "origin": [-0.25, 0.2, -0.25]},
			"faces": {
				"north": {"uv": [6.5, 7.25, 6.75, 7.5], "texture": "#1"},
				"east": {"uv": [7.5, 8.25, 8, 8.5], "texture": "#1"},
				"south": {"uv": [9.25, 8.25, 9.5, 8.5], "texture": "#1"},
				"west": {"uv": [0, 0, 0, 0], "texture": "#1"},
				"up": {"uv": [0, 0, 10.5, 15], "texture": "#1"},
				"down": {"uv": [0, 0, 0, 0], "texture": "#1"}
			}
		},
		{
			"from": [10.25, 7.1, 7.425],
			"to": [10.5, 8.925, 8.575],
			"rotation": {"angle": 0, "axis": "y", "origin": [0, -0.15, -0.25]},
			"faces": {
				"north": {"uv": [5.5, 7.25, 5.75, 9.25], "texture": "#1"},
				"east": {"uv": [7.25, 7.25, 8.25, 9.25], "texture": "#1"},
				"south": {"uv": [10.25, 7.25, 10.5, 9.25], "texture": "#1"},
				"west": {"uv": [7.75, 7.25, 8.75, 9.25], "texture": "#1"},
				"down": {"uv": [5.75, 8.75, 0, 1.75], "texture": "#1"}
			}
		},
		{
			"from": [10, 7.4, 7.65],
			"to": [10.25, 8.925, 8.35],
			"rotation": {"angle": 0, "axis": "y", "origin": [0, -0.15, -0.25]},
			"faces": {
				"north": {"uv": [5.5, 7.25, 5.75, 9.25], "texture": "#1"},
				"east": {"uv": [7.25, 7.25, 8.25, 9.25], "texture": "#1"},
				"south": {"uv": [10.25, 7.25, 10.5, 9.25], "texture": "#1"},
				"west": {"uv": [7.75, 7.25, 8.75, 9.25], "texture": "#1"},
				"down": {"uv": [5.75, 8.75, 0, 1.75], "texture": "#1"}
			}
		},
		{
			"from": [13.075, 9.175, 7.275],
			"to": [13.45, 9.8, 8.725],
			"rotation": {"angle": 0, "axis": "y", "origin": [0, -0.25, -0.25]},
			"faces": {
				"north": {"uv": [13, 14, 16, 16], "texture": "#1"},
				"east": {"uv": [13, 14, 16, 16], "texture": "#1"},
				"south": {"uv": [13, 14, 16, 16], "texture": "#1"},
				"west": {"uv": [13, 14, 16, 16], "texture": "#1"},
				"up": {"uv": [3, 4, 15, 15], "texture": "#1"},
				"down": {"uv": [7, 8, 16, 16], "texture": "#1"}
			}
		},
		{
			"from": [13.075, 9.8, 7.275],
			"to": [13.275, 10.15, 8.725],
			"rotation": {"angle": 0, "axis": "y", "origin": [0, -0.25, -0.25]},
			"faces": {
				"north": {"uv": [13, 14, 16, 16], "texture": "#1"},
				"east": {"uv": [13, 14, 16, 16], "texture": "#1"},
				"south": {"uv": [13, 14, 16, 16], "texture": "#1"},
				"west": {"uv": [16, 14, 13, 16], "texture": "#1"},
				"up": {"uv": [3, 4, 15, 15], "texture": "#1"}
			}
		},
		{
			"from": [12.325, 7.675, 7.425],
			"to": [12.95, 8.925, 8.575],
			"rotation": {"angle": 0, "axis": "y", "origin": [0, -0.15, -0.25]},
			"faces": {
				"north": {"uv": [3, 7.75, 5.5, 8.5], "texture": "#1"},
				"east": {"uv": [7.25, 7.75, 8.25, 8.5], "texture": "#1"},
				"south": {"uv": [10.5, 7.75, 13, 8.5], "texture": "#1"}
			}
		},
		{
			"from": [9.9, 7.625, 7.8],
			"to": [10.625, 9.125, 8.2],
			"rotation": {"angle": -22.5, "axis": "z", "origin": [9.75, 9.075, 7.75]},
			"faces": {
				"north": {"uv": [16, 12, 15, 11], "texture": "#0"},
				"east": {"uv": [16, 12, 15, 11], "texture": "#0"},
				"south": {"uv": [16, 12, 15, 11], "texture": "#0"},
				"west": {"uv": [16, 12, 15, 11], "texture": "#0"},
				"down": {"uv": [15, 11, 16, 12], "texture": "#0"}
			}
		},
		{
			"from": [10.5, 7.675, 7.425],
			"to": [12.325, 8.925, 8.575],
			"rotation": {"angle": 0, "axis": "y", "origin": [0, -0.15, -0.25]},
			"faces": {
				"north": {"uv": [3.5, 6.75, 9, 7], "texture": "#1"},
				"east": {"uv": [7, 6.75, 8.5, 7], "texture": "#1"},
				"south": {"uv": [7, 6.75, 12.5, 7], "texture": "#1"},
				"west": {"uv": [7.5, 6.75, 9, 7], "texture": "#1"},
				"down": {"uv": [9, 9, 3.5, 7.5], "texture": "#1"}
			}
		},
		{
			"from": [10, 8.925, 7.425],
			"to": [10, 9.1, 8.575],
			"rotation": {"angle": 0, "axis": "y", "origin": [0, 0.2, -0.25]},
			"faces": {
				"north": {"uv": [2.5, 7, 8.5, 7.25], "texture": "#1"},
				"east": {"uv": [7.25, 7, 8.25, 7.25], "texture": "#1"},
				"south": {"uv": [7.5, 7, 13.5, 7.25], "texture": "#1"},
				"west": {"uv": [7.75, 7, 8.75, 7.25], "texture": "#1"},
				"up": {"uv": [0, 0, 15, 15], "texture": "#1"},
				"down": {"uv": [8.5, 8.75, 0, 1.75], "texture": "#1"}
			}
		},
		{
			"from": [9.3, 7.575, 7.8],
			"to": [10.3, 9.075, 8.2],
			"rotation": {"angle": 22.5, "axis": "z", "origin": [9.75, 9.075, 7.75]},
			"faces": {
				"north": {"uv": [16, 12, 15, 11], "texture": "#0"},
				"east": {"uv": [16, 12, 15, 11], "texture": "#0"},
				"south": {"uv": [16, 12, 15, 11], "texture": "#0"},
				"west": {"uv": [16, 12, 15, 11], "texture": "#0"},
				"down": {"uv": [15, 11, 16, 12], "texture": "#0"}
			}
		},
		{
			"from": [3.075, 9.225, 7.275],
			"to": [4.075, 10.025, 7.75],
			"rotation": {"angle": 0, "axis": "y", "origin": [0, -0.25, -0.25]},
			"faces": {
				"north": {"uv": [2.5, 2.95, 13, 3.95], "texture": "#1"},
				"east": {"uv": [8, 4.75, 8.75, 5.75], "texture": "#1"},
				"south": {"uv": [16, 12, 15, 11], "texture": "#1"},
				"west": {"uv": [12, 2, 10, 1], "texture": "#1"},
				"up": {"uv": [0, 0, 14.5, 15], "texture": "#1"},
				"down": {"uv": [14, 8, 0, 1.25], "texture": "#1"}
			}
		},
		{
			"from": [3.075, 8.675, 7.425],
			"to": [7.6, 9.175, 8.575],
			"rotation": {"angle": 0, "axis": "y", "origin": [0, -0.25, -0.25]},
			"faces": {
				"north": {"uv": [4.5, 6, 14, 7], "texture": "#1"},
				"east": {"uv": [7.25, 5.5, 8.25, 6.5], "texture": "#1"},
				"south": {"uv": [2, 5.5, 11.5, 6.5], "texture": "#1"},
				"west": {"uv": [12, 2, 10, 1], "texture": "#1"},
				"up": {"uv": [0, 0, 13.5, 15], "texture": "#1"},
				"down": {"uv": [14, 8.75, 0, 1.75], "texture": "#1"}
			}
		},
		{
			"from": [3.075, 9.225, 8.25],
			"to": [4.075, 10.025, 8.725],
			"rotation": {"angle": 0, "axis": "y", "origin": [0, -0.25, -0.25]},
			"faces": {
				"north": {"uv": [16, 12, 15, 11], "texture": "#1"},
				"east": {"uv": [6.75, 4.75, 7.5, 5.75], "texture": "#1"},
				"south": {"uv": [2, 4.75, 11.75, 5.75], "texture": "#1"},
				"west": {"uv": [12, 2, 10, 1], "texture": "#1"},
				"up": {"uv": [0, 0, 14.5, 15], "texture": "#1"},
				"down": {"uv": [14, 9.25, 0, 2.5], "texture": "#1"}
			}
		},
		{
			"from": [3.075, 9.575, 7.75],
			"to": [7.575, 10.025, 8.25],
			"rotation": {"angle": 0, "axis": "y", "origin": [0, -0.25, -0.25]},
			"faces": {
				"north": {"uv": [4.5, 6, 14, 7], "texture": "#1"},
				"east": {"uv": [7.25, 5.5, 8.25, 6.5], "texture": "#1"},
				"south": {"uv": [2, 5.5, 11.5, 6.5], "texture": "#1"},
				"west": {"uv": [12, 2, 10, 1], "texture": "#1"},
				"up": {"uv": [0, 0, 13.5, 15], "texture": "#1"},
				"down": {"uv": [14, 8.75, 0, 1.75], "texture": "#1"}
			}
		},
		{
			"from": [7.6, 6.675, 7.4],
			"to": [8.1, 7.4, 8.6],
			"rotation": {"angle": 0, "axis": "y", "origin": [0, -0.15, -0.25]},
			"faces": {
				"north": {"uv": [5.5, 7.25, 5.75, 9.25], "texture": "#1"},
				"east": {"uv": [7.25, 7.25, 8.25, 9.25], "texture": "#1"},
				"south": {"uv": [10.25, 7.25, 10.5, 9.25], "texture": "#1"},
				"west": {"uv": [7.75, 7.25, 8.75, 9.25], "texture": "#1"},
				"down": {"uv": [5.75, 8.75, 0, 1.75], "texture": "#1"}
			}
		},
		{
			"from": [8.1, 6.925, 7.65],
			"to": [8.35, 7.4, 8.35],
			"rotation": {"angle": 0, "axis": "y", "origin": [0, -0.15, -0.25]},
			"faces": {
				"north": {"uv": [5.5, 7.25, 5.75, 9.25], "texture": "#1"},
				"east": {"uv": [7.25, 7.25, 8.25, 9.25], "texture": "#1"},
				"south": {"uv": [10.25, 7.25, 10.5, 9.25], "texture": "#1"},
				"west": {"uv": [7.75, 7.25, 8.75, 9.25], "texture": "#1"},
				"down": {"uv": [5.75, 8.75, 0, 1.75], "texture": "#1"}
			}
		},
		{
			"from": [7.85, 7.65, 7.4],
			"to": [8.1, 8.925, 8.6],
			"rotation": {"angle": 0, "axis": "y", "origin": [-0.25, 0.2, -0.25]},
			"faces": {
				"north": {"uv": [7.75, 7.25, 8, 8.5], "texture": "#1"},
				"east": {"uv": [7.5, 7.25, 8, 8.5], "texture": "#1"},
				"south": {"uv": [8, 7.25, 8.25, 8.5], "texture": "#1"},
				"west": {"uv": [8, 7.25, 8.5, 8.5], "texture": "#1"},
				"down": {"uv": [8, 8.5, 1.75, 2], "texture": "#1"}
			}
		},
		{
			"from": [7.6, 7.4, 7.4],
			"to": [8.1, 7.65, 8.6],
			"rotation": {"angle": 0, "axis": "y", "origin": [-0.25, 0.2, -0.25]},
			"faces": {
				"north": {"uv": [5.75, 8.5, 7.75, 8.75], "texture": "#1"},
				"east": {"uv": [0, 0, 0, 0], "texture": "#1"},
				"south": {"uv": [8.25, 8.5, 10.25, 8.75], "texture": "#1"},
				"west": {"uv": [8, 8.5, 8.5, 8.75], "texture": "#1"},
				"up": {"uv": [0, 0, 12.25, 15], "texture": "#1"},
				"down": {"uv": [7.75, 8.5, 0, 2], "texture": "#1"}
			}
		},
		{
			"from": [4.075, 6.975, 7.275],
			"to": [7.6, 10.025, 7.75],
			"rotation": {"angle": 0, "axis": "y", "origin": [0, -0.25, -0.25]},
			"faces": {
				"north": {"uv": [2.5, 5.95, 15, 15.95], "texture": "#1"},
				"east": {"uv": [8, 4.75, 8.75, 5.75], "texture": "#1"},
				"south": {"uv": [16, 12, 15, 11], "texture": "#1"},
				"west": {"uv": [7, 16, 1, 5], "texture": "#1"},
				"up": {"uv": [0, 0, 14.5, 15], "texture": "#1"},
				"down": {"uv": [14, 8, 0, 1.25], "texture": "#1"}
			}
		},
		{
			"from": [4.075, 6.975, 8.25],
			"to": [7.6, 10.025, 8.725],
			"rotation": {"angle": 0, "axis": "y", "origin": [0, -0.25, -0.25]},
			"faces": {
				"north": {"uv": [16, 12, 15, 11], "texture": "#1"},
				"east": {"uv": [6.75, 4.75, 7.5, 5.75], "texture": "#1"},
				"south": {"uv": [2, 4.75, 13, 12], "texture": "#1"},
				"west": {"uv": [7, 16, 1, 5], "texture": "#1"},
				"up": {"uv": [0, 0, 14.5, 15], "texture": "#1"},
				"down": {"uv": [14, 9.25, 0, 2.5], "texture": "#1"}
			}
		},
		{
			"from": [3.075, 8.665, 7.275],
			"to": [4.075, 9.615, 7.75],
			"rotation": {"angle": 0, "axis": "y", "origin": [0, -0.25, -0.25]},
			"faces": {
				"north": {"uv": [2.5, 2.95, 13, 3.95], "texture": "#1"},
				"east": {"uv": [8, 4.75, 8.75, 5.75], "texture": "#1"},
				"south": {"uv": [16, 12, 15, 11], "texture": "#1"},
				"west": {"uv": [12, 2, 10, 1], "texture": "#1"},
				"up": {"uv": [0, 0, 14.5, 15], "texture": "#1"},
				"down": {"uv": [14, 8, 0, 1.25], "texture": "#1"}
			}
		},
		{
			"from": [3.075, 8.665, 8.25],
			"to": [4.075, 9.615, 8.725],
			"rotation": {"angle": 0, "axis": "y", "origin": [0, -0.25, -0.25]},
			"faces": {
				"north": {"uv": [16, 12, 15, 11], "texture": "#1"},
				"east": {"uv": [6.75, 4.75, 7.5, 5.75], "texture": "#1"},
				"south": {"uv": [2, 4.75, 11.75, 5.75], "texture": "#1"},
				"west": {"uv": [12, 2, 10, 1], "texture": "#1"},
				"up": {"uv": [0, 0, 14.5, 15], "texture": "#1"},
				"down": {"uv": [14, 9.25, 0, 2.5], "texture": "#1"}
			}
		},
		{
			"from": [4.075, 6.975, 7.775],
			"to": [7.6, 9.925, 8.25],
			"rotation": {"angle": 0, "axis": "y", "origin": [0, -0.25, -0.25]},
			"faces": {
				"north": {"uv": [2.5, 2.95, 13, 3.95], "texture": "#1"},
				"east": {"uv": [8, 4.75, 8.75, 5.75], "texture": "#1"},
				"south": {"uv": [16, 12, 15, 11], "texture": "#1"},
				"west": {"uv": [7, 16, 1, 5], "texture": "#1"},
				"up": {"uv": [0, 0, 14.5, 15], "texture": "#1"},
				"down": {"uv": [14, 8, 0, 1.25], "texture": "#1"}
			}
		},
		{
			"from": [8.35, 7.175, 7.65],
			"to": [8.6, 7.4, 8.35],
			"rotation": {"angle": 0, "axis": "y", "origin": [0, -0.15, -0.25]},
			"faces": {
				"north": {"uv": [5.5, 7.25, 5.75, 9.25], "texture": "#1"},
				"east": {"uv": [7.25, 7.25, 8.25, 9.25], "texture": "#1"},
				"south": {"uv": [10.25, 7.25, 10.5, 9.25], "texture": "#1"},
				"west": {"uv": [7.75, 7.25, 8.75, 9.25], "texture": "#1"},
				"down": {"uv": [5.75, 8.75, 0, 1.75], "texture": "#1"}
			}
		},
		{
			"from": [7.6, 9.175, 7.275],
			"to": [10.6, 10.025, 8.725],
			"rotation": {"angle": 0, "axis": "y", "origin": [0, -0.25, -0.25]},
			"faces": {
				"north": {"uv": [16, 16, 2, 11], "texture": "#1"},
				"east": {"uv": [2, 10, 14, 14], "texture": "#1"},
				"south": {"uv": [1, 1, 13, 11], "texture": "#1"},
				"west": {"uv": [16, 13, 1, 11], "texture": "#1"},
				"up": {"uv": [3, 4, 15, 15], "texture": "#1"},
				"down": {"uv": [13, 13, 4, 5], "texture": "#1"}
			}
		},
		{
			"from": [11.85, 10.15, 8.275],
			"to": [12.95, 10.325, 8.725],
			"rotation": {"angle": 0, "axis": "y", "origin": [0, -0.25, -0.25]},
			"faces": {
				"north": {"uv": [16, 16, 13, 14], "texture": "#1"},
				"east": {"uv": [13, 14, 16, 16], "texture": "#1"},
				"south": {"uv": [13, 14, 16, 16], "texture": "#1"},
				"west": {"uv": [16, 16, 13, 14], "texture": "#1"},
				"up": {"uv": [3, 4, 15, 15], "texture": "#1"},
				"down": {"uv": [16, 16, 7, 8], "texture": "#1"}
			}
		},
		{
			"from": [11.85, 10.15, 7.275],
			"to": [12.95, 10.325, 7.725],
			"rotation": {"angle": 0, "axis": "y", "origin": [0, -0.25, -0.25]},
			"faces": {
				"north": {"uv": [16, 16, 13, 14], "texture": "#1"},
				"east": {"uv": [13, 14, 16, 16], "texture": "#1"},
				"south": {"uv": [13, 14, 16, 16], "texture": "#1"},
				"west": {"uv": [16, 16, 13, 14], "texture": "#1"},
				"up": {"uv": [3, 4, 15, 15], "texture": "#1"},
				"down": {"uv": [16, 16, 7, 8], "texture": "#1"}
			}
		},
		{
			"from": [3.325, 10.025, 7.875],
			"to": [4.075, 10.3, 8.125],
			"rotation": {"angle": 0, "axis": "y", "origin": [0, -0.25, -0.25]},
			"faces": {
				"north": {"uv": [4.5, 6, 14, 7], "texture": "#1"},
				"east": {"uv": [7.25, 5.5, 8.25, 6.5], "texture": "#1"},
				"south": {"uv": [2, 5.5, 11.5, 6.5], "texture": "#1"},
				"west": {"uv": [12, 2, 10, 1], "texture": "#1"},
				"up": {"uv": [0, 0, 13.5, 15], "texture": "#1"},
				"down": {"uv": [14, 8.75, 0, 1.75], "texture": "#1"}
			}
		},
		{
			"from": [8.1, 7.65, 7.65],
			"to": [8.35, 7.9, 8.35],
			"rotation": {"angle": 0, "axis": "y", "origin": [-0.25, 0.2, -0.25]},
			"faces": {
				"north": {"uv": [7.5, 8.25, 7.75, 8.5], "texture": "#1"},
				"east": {"uv": [7.5, 8.25, 8, 8.5], "texture": "#1"},
				"south": {"uv": [8.25, 8.25, 8.5, 8.5], "texture": "#1"},
				"up": {"uv": [0, 0, 10.5, 15], "texture": "#1"}
			}
		},
		{
			"from": [9.75, 8.7, 7.65],
			"to": [10, 8.925, 8.35],
			"rotation": {"angle": 0, "axis": "y", "origin": [-0.25, 0.2, -0.25]},
			"faces": {
				"north": {"uv": [6.5, 7.25, 6.75, 7.5], "texture": "#1"},
				"east": {"uv": [7.5, 8.25, 8, 8.5], "texture": "#1"},
				"south": {"uv": [8.25, 7.25, 8.5, 7.5], "texture": "#1"},
				"west": {"uv": [0, 0, 0, 0], "texture": "#1"},
				"up": {"uv": [0, 0, 10.5, 15], "texture": "#1"},
				"down": {"uv": [0, 0, 0, 0], "texture": "#1"}
			}
		},
		{
			"from": [10.5, 6.025, 7.4],
			"to": [13.175, 7.675, 8.6],
			"rotation": {"angle": 0, "axis": "y", "origin": [6, 0.1, -0.25]},
			"faces": {
				"north": {"uv": [14, 1, 2, 14], "texture": "#0"},
				"east": {"uv": [14, 1, 2, 14], "texture": "#0"},
				"south": {"uv": [14, 1, 2, 14], "texture": "#0"},
				"west": {"uv": [14, 1, 2, 14], "texture": "#0"},
				"up": {"uv": [14, 1, 2, 14], "texture": "#0"},
				"down": {"uv": [2, 14, 14, 1], "texture": "#0"}
			}
		},
		{
			"from": [10.75, 5.025, 7.4],
			"to": [12.175, 6.025, 8.6],
			"rotation": {"angle": 0, "axis": "y", "origin": [6, 0.1, -0.25]},
			"faces": {
				"north": {"uv": [14, 1, 2, 14], "texture": "#0"},
				"east": {"uv": [14, 1, 2, 14], "texture": "#0"},
				"south": {"uv": [14, 1, 2, 14], "texture": "#0"},
				"west": {"uv": [14, 1, 2, 14], "texture": "#0"},
				"down": {"uv": [2, 14, 14, 1], "texture": "#0"}
			}
		},
		{
			"from": [12.175, 5.225, 7.4],
			"to": [13.4, 6.825, 8.6],
			"rotation": {"angle": 0, "axis": "y", "origin": [6, 0.1, -0.25]},
			"faces": {
				"north": {"uv": [14, 1, 2, 14], "texture": "#0"},
				"east": {"uv": [14, 1, 2, 14], "texture": "#0"},
				"south": {"uv": [14, 1, 2, 14], "texture": "#0"},
				"up": {"uv": [14, 1, 2, 14], "texture": "#0"},
				"down": {"uv": [2, 1, 14, 14], "texture": "#0"}
			}
		},
		{
			"from": [11, 7.675, 7.4],
			"to": [12.975, 8.675, 8.6],
			"rotation": {"angle": 0, "axis": "y", "origin": [6, 0.1, -0.25]},
			"faces": {
				"north": {"uv": [14, 1, 2, 14], "texture": "#0"},
				"east": {"uv": [14, 1, 2, 14], "texture": "#0"},
				"south": {"uv": [14, 1, 2, 14], "texture": "#0"},
				"west": {"uv": [14, 1, 2, 14], "texture": "#0"},
				"up": {"uv": [14, 1, 2, 14], "texture": "#0"},
				"down": {"uv": [2, 14, 14, 1], "texture": "#0"}
			}
		},
		{
			"from": [3.2, 9.7, 7.2],
			"to": [11, 10.1, 7.6],
			"faces": {
				"north": {"uv": [3, 3, 15, 14], "texture": "#0"},
				"east": {"uv": [1, 1, 12, 12], "texture": "#0"},
				"south": {"uv": [1, 1, 12, 12], "texture": "#0"},
				"west": {"uv": [1, 1, 12, 12], "texture": "#0"},
				"up": {"uv": [1, 1, 12, 12], "texture": "#0"},
				"down": {"uv": [1, 1, 12, 12], "texture": "#0"}
			}
		},
		{
			"from": [5.2, 9.7, 7.2],
			"to": [11, 10.1, 8.6],
			"faces": {
				"north": {"uv": [3, 3, 15, 14], "texture": "#0"},
				"east": {"uv": [1, 1, 12, 12], "texture": "#0"},
				"south": {"uv": [1, 1, 12, 12], "texture": "#0"},
				"west": {"uv": [1, 1, 12, 12], "texture": "#0"},
				"up": {"uv": [1, 1, 12, 12], "texture": "#0"},
				"down": {"uv": [1, 1, 12, 12], "texture": "#0"}
			}
		},
		{
			"from": [3.2, 9.7, 8.4],
			"to": [11, 10.1, 8.8],
			"faces": {
				"north": {"uv": [3, 3, 15, 14], "texture": "#0"},
				"east": {"uv": [1, 1, 12, 12], "texture": "#0"},
				"south": {"uv": [1, 1, 12, 12], "texture": "#0"},
				"west": {"uv": [1, 1, 12, 12], "texture": "#0"},
				"up": {"uv": [1, 1, 12, 12], "texture": "#0"},
				"down": {"uv": [1, 1, 12, 12], "texture": "#0"}
			}
		},
		{
			"from": [4.2, 6.9, 8.4],
			"to": [7, 9.1, 8.8],
			"faces": {
				"north": {"uv": [3, 3, 15, 14], "texture": "#0"},
				"east": {"uv": [1, 1, 12, 12], "texture": "#0"},
				"south": {"uv": [1, 1, 12, 12], "texture": "#0"},
				"west": {"uv": [1, 1, 12, 12], "texture": "#0"},
				"up": {"uv": [1, 1, 12, 12], "texture": "#0"},
				"down": {"uv": [1, 1, 12, 12], "texture": "#0"}
			}
		},
		{
			"from": [4.2, 6.9, 7.2],
			"to": [7, 9.1, 7.6],
			"faces": {
				"north": {"uv": [3, 3, 15, 14], "texture": "#0"},
				"east": {"uv": [1, 1, 12, 12], "texture": "#0"},
				"south": {"uv": [1, 1, 12, 12], "texture": "#0"},
				"west": {"uv": [1, 1, 12, 12], "texture": "#0"},
				"up": {"uv": [1, 1, 12, 12], "texture": "#0"},
				"down": {"uv": [1, 1, 12, 12], "texture": "#0"}
			}
		}
	],
	"gui_light": "front",
	"display": {
		"thirdperson_righthand": {
			"rotation": [0, -90, 0],
			"translation": [0, -0.5, -1.25],
			"scale": [0.84, 0.84, 0.84]
		},
		"thirdperson_lefthand": {
			"rotation": [0, 90, 0],
			"translation": [0, -0.5, -1.25],
			"scale": [0.84, 0.84, 0.84]
		},
		"firstperson_righthand": {
			"rotation": [0, -90, 0],
			"translation": [0, 2.5, -1.75],
			"scale": [0.84, 0.84, 0.85]
		},
		"firstperson_lefthand": {
			"rotation": [0, 90, 0],
			"translation": [0, 2.5, -1.75],
			"scale": [0.84, 0.84, 0.85]
		},
		"ground": {
			"translation": [0, 0.25, 0]
		},
		"gui": {
			"rotation": [0, 0, -45],
			"translation": [-0.5, 0.25, 0],
			"scale": [1.04, 1.04, 1]
		},
		"fixed": {
			"rotation": [0, 180, -45],
			"translation": [1, 0.5, 0],
			"scale": [1.37, 1.37, 1.37]
		}
	}
}