{
    "parent": "item/generated",
    "textures": {
        "layer0": "item/crossbow_standby"
    },
    "display": {
        "thirdperson_righthand": {
            "rotation": [ -90, 0, -60 ],
            "translation": [ 2, 0.1, -3 ],
            "scale": [ 0.9, 0.9, 0.9 ]
        },
        "thirdperson_lefthand": {
            "rotation": [ -90, 0, 30 ],
            "translation": [ 2, 0.1, -3 ],
            "scale": [ 0.9, 0.9, 0.9 ]
        },
        "firstperson_righthand": {
            "rotation": [ -90, 0, -55 ],
            "translation": [ 1.13, 3.2, 1.13],
            "scale": [ 0.68, 0.68, 0.68 ]
        },
        "firstperson_lefthand": {
            "rotation": [ -90, 0, 35 ],
            "translation": [ 1.13, 3.2, 1.13],
            "scale": [ 0.68, 0.68, 0.68 ]
        }
    },
    "overrides": [
        {"predicate": {"pulling": 1}, "model": "item/crossbow_pulling_0"},
        {"predicate": {"pulling": 1, "pull": 0.58}, "model": "item/crossbow_pulling_1"},
        {"predicate": {"pulling": 1, "pull": 1.0}, "model": "item/crossbow_pulling_2"},
        {"predicate": {"charged": 1}, "model": "item/crossbow_arrow"},
        {"predicate": {"charged": 1, "firework": 1}, "model": "item/crossbow_firework"},
		
	
		{"predicate": {"custom_model_data":-1000}, "model":"item/armi/reticle_pmii"},
		
	
		{"predicate": {"custom_model_data":0}, "model":"item/crossbow"},

	
		{"predicate": {"custom_model_data":    401}, "model":"item/wm/armi/uzi/uzi"},
        {"predicate": {"custom_model_data":    402}, "model":"item/wm/armi/aug/aug"},
        {"predicate": {"custom_model_data":    403}, "model":"item/wm/armi/origin12/origin12"},
        {"predicate": {"custom_model_data":    404}, "model":"item/wm/armi/rpg7/rpg7"},
		{"predicate": {"custom_model_data":    405}, "model":"item/wm/armi/ak47/ak47"},
        {"predicate": {"custom_model_data":    406}, "model":"item/wm/armi/fnfal/fnfal"},
        {"predicate": {"custom_model_data":    407}, "model":"item/wm/armi/m4a1/m4a1"},
        {"predicate": {"custom_model_data":    408}, "model":"item/wm/armi/coltpython/coltpython"},
        {"predicate": {"custom_model_data":    409}, "model":"item/wm/armi/deserteagle/deserteagle"},
		{"predicate": {"custom_model_data":    410}, "model":"item/wm/armi/kar98k/kar98k"},
        {"predicate": {"custom_model_data":    411}, "model":"item/wm/armi/mg34/mg34"},
        {"predicate": {"custom_model_data":    412}, "model":"item/wm/armi/famas/famas"},
        {"predicate": {"custom_model_data":    413}, "model":"item/wm/armi/ax50/ax50"},
        {"predicate": {"custom_model_data":    414}, "model":"item/wm/armi/r9_0/r9_0"},
        {"predicate": {"custom_model_data":    415}, "model":"item/wm/armi/stg44/stg44"},
        {"predicate": {"custom_model_data":    416}, "model":"item/wm/armi/fatman/fatman"},
        {"predicate": {"custom_model_data":    417}, "model":"item/wm/armi/fatman/fatman_rock"},
        {"predicate": {"custom_model_data":    418}, "model":"item/wm/armi/anatema/anatema"},
        {"predicate": {"custom_model_data":    419}, "model":"item/wm/armi/f2000/f2000"},
        {"predicate": {"custom_model_data":    420}, "model":"item/wm/armi/gambadijoe/gambadijoe"},
        {"predicate": {"custom_model_data":    421}, "model":"item/wm/armi/104mm/104mm"},
        {"predicate": {"custom_model_data":    422}, "model":"item/wm/armi/razziatore/razziatore"},
        {"predicate": {"custom_model_data":    423}, "model":"item/wm/armi/sborringer/sborringer"},
        {"predicate": {"custom_model_data":    424}, "model":"item/wm/armi/bracciodiferro/bracciodiferro"},
        {"predicate": {"custom_model_data":    425}, "model":"item/wm/armi/speranza/speranza"},
        {"predicate": {"custom_model_data":    426}, "model":"item/wm/armi/lanciazolfo/lanciazolfo"},
        {"predicate": {"custom_model_data":    427}, "model":"item/wm/armi/peste/peste"},
        {"predicate": {"custom_model_data":    428}, "model":"item/wm/armi/ditone/ditone"},
	
	
        {"predicate": {"custom_model_data":    501}, "model":"item/wm/armi/cinquina/cinquina"},
        {"predicate": {"custom_model_data":    502}, "model":"item/wm/armi/falce/falce"},
        {"predicate": {"custom_model_data":    503}, "model":"item/wm/armi/raggelatore/raggelatore"},
        {"predicate": {"custom_model_data":    504}, "model":"item/wm/armi/buconero/buconero"},
        {"predicate": {"custom_model_data":    505}, "model":"item/wm/armi/stangata/stangata"},
        {"predicate": {"custom_model_data":    506}, "model":"item/wm/armi/stormgrimoire/stormgrimoire"},
        {"predicate": {"custom_model_data":    507}, "model":"item/wm/armi/stormranger/stormranger"},
        {"predicate": {"custom_model_data":    508}, "model":"item/wm/armi/fucilealchemico/fucilealchemico"},
        {"predicate": {"custom_model_data":    509}, "model":"item/wm/armi/fucilealchemico/fucilealchemico_green"},
        {"predicate": {"custom_model_data":    510}, "model":"item/wm/armi/fucilealchemico/fucilealchemico_red"},
        {"predicate": {"custom_model_data":    511}, "model":"item/wm/armi/fucilealchemico/fucilealchemico_blue"},
        {"predicate": {"custom_model_data":    512}, "model":"item/wm/armi/fucilealchemico/fucilealchemico_pink"},
        {"predicate": {"custom_model_data":    513}, "model":"item/wm/melee/motosega"},
		
	
        {"predicate": {"custom_model_data":   1401}, "model":"item/wm/armi/uzi/uzi_aim"},
        {"predicate": {"custom_model_data":   1402}, "model":"item/wm/armi/aug/aug_aim"},
        {"predicate": {"custom_model_data":   1403}, "model":"item/wm/armi/origin12/origin12_aim"},
        {"predicate": {"custom_model_data":   1404}, "model":"item/wm/armi/rpg7/rpg7_aim"},
        {"predicate": {"custom_model_data":   1405}, "model":"item/wm/armi/ak47/ak47_aim"},
        {"predicate": {"custom_model_data":   1406}, "model":"item/wm/armi/fnfal/fnfal_aim"},
        {"predicate": {"custom_model_data":   1407}, "model":"item/wm/armi/m4a1/m4a1_aim"},
        {"predicate": {"custom_model_data":   1408}, "model":"item/wm/armi/coltpython/coltpython_aim"},
        {"predicate": {"custom_model_data":   1409}, "model":"item/wm/armi/deserteagle/deserteagle_aim"},
        {"predicate": {"custom_model_data":   1410}, "model":"item/wm/armi/kar98k/kar98k_aim"},
        {"predicate": {"custom_model_data":   1411}, "model":"item/wm/armi/mg34/mg34_aim"},
        {"predicate": {"custom_model_data":   1412}, "model":"item/wm/armi/famas/famas_aim"},
        {"predicate": {"custom_model_data":   1413}, "model":"item/wm/armi/varie/reticle_pmii"},
        {"predicate": {"custom_model_data":   1414}, "model":"item/wm/armi/r9_0/r9_0_aim"},
        {"predicate": {"custom_model_data":   1415}, "model":"item/wm/armi/stg44/stg44_aim"},
        {"predicate": {"custom_model_data":   1416}, "model":"item/wm/armi/fatman/fatman_aim"},
        {"predicate": {"custom_model_data":   1417}, "model":"item/wm/armi/fatman/fatman_rockaim"},
        {"predicate": {"custom_model_data":   1420}, "model":"item/wm/armi/gambadijoe/gambadijoe_aim"},
        {"predicate": {"custom_model_data":   1421}, "model":"item/wm/armi/104mm/104mm_aim"},
        {"predicate": {"custom_model_data":   1422}, "model":"item/wm/armi/razziatore/razziatore_aim"},
        {"predicate": {"custom_model_data":   1423}, "model":"item/wm/armi/sborringer/sborringer_aim"},
        {"predicate": {"custom_model_data":   1424}, "model":"item/wm/armi/bracciodiferro/bracciodiferro_aim"},
        {"predicate": {"custom_model_data":   1425}, "model":"item/wm/armi/speranza/speranza_aim"},
        {"predicate": {"custom_model_data":   1426}, "model":"item/wm/armi/lanciazolfo/lanciazolfo_aim"},
        {"predicate": {"custom_model_data":   1427}, "model":"item/wm/armi/peste/peste_aim"},
        {"predicate": {"custom_model_data":   1428}, "model":"item/wm/armi/varie/reticle_pmii"},
		
		
        {"predicate": {"custom_model_data":   1501}, "model":"item/wm/armi/cinquina/cinquina_aim"},
        {"predicate": {"custom_model_data":   1502}, "model":"item/wm/armi/falce/falce_aim"},
        {"predicate": {"custom_model_data":   1503}, "model":"item/wm/armi/raggelatore/raggelatore_aim"},
        {"predicate": {"custom_model_data":   1504}, "model":"item/wm/armi/buconero/buconero_aim"},
        {"predicate": {"custom_model_data":   1505}, "model":"item/wm/armi/stangata/stangata_aim"},
        {"predicate": {"custom_model_data":   1507}, "model":"item/wm/armi/stormranger/stormranger_aim"},
        {"predicate": {"custom_model_data":   1508}, "model":"item/wm/armi/fucilealchemico/fucilealchemico_aim"},
        {"predicate": {"custom_model_data":   1509}, "model":"item/wm/armi/fucilealchemico/fucilealchemico_aim_green"},
        {"predicate": {"custom_model_data":   1510}, "model":"item/wm/armi/fucilealchemico/fucilealchemico_aim_red"},
        {"predicate": {"custom_model_data":   1511}, "model":"item/wm/armi/fucilealchemico/fucilealchemico_aim_blue"},
        {"predicate": {"custom_model_data":   1512}, "model":"item/wm/armi/fucilealchemico/fucilealchemico_aim_pink"},

	
        {"predicate": {"custom_model_data":   2303}, "model":"item/wm/melee/katana/katana_sprint"},
        {"predicate": {"custom_model_data":   2401}, "model":"item/wm/armi/uzi/uzi_sprint"},
        {"predicate": {"custom_model_data":   2402}, "model":"item/wm/armi/aug/aug_sprint"},
        {"predicate": {"custom_model_data":   2403}, "model":"item/wm/armi/origin12/origin12_sprint"},
        {"predicate": {"custom_model_data":   2404}, "model":"item/wm/armi/rpg7/rpg7_sprint"},
        {"predicate": {"custom_model_data":   2405}, "model":"item/wm/armi/ak47/ak47_sprint"},
        {"predicate": {"custom_model_data":   2406}, "model":"item/wm/armi/fnfal/fnfal_sprint"},
        {"predicate": {"custom_model_data":   2407}, "model":"item/wm/armi/m4a1/m4a1_sprint"},
        {"predicate": {"custom_model_data":   2408}, "model":"item/wm/armi/coltpython/coltpython_sprint"},
        {"predicate": {"custom_model_data":   2409}, "model":"item/wm/armi/deserteagle/deserteagle_sprint"},
        {"predicate": {"custom_model_data":   2410}, "model":"item/wm/armi/kar98k/kar98k_sprint"},
        {"predicate": {"custom_model_data":   2411}, "model":"item/wm/armi/mg34/mg34_sprint"},
        {"predicate": {"custom_model_data":   2412}, "model":"item/wm/armi/famas/famas_sprint"},
        {"predicate": {"custom_model_data":   2413}, "model":"item/wm/armi/ax50/ax50_sprint"},
        {"predicate": {"custom_model_data":   2414}, "model":"item/wm/armi/r9_0/r9_0_sprint"},
        {"predicate": {"custom_model_data":   2415}, "model":"item/wm/armi/stg44/stg44_sprint"},
        {"predicate": {"custom_model_data":   2416}, "model":"item/wm/armi/fatman/fatman_sprint"},
        {"predicate": {"custom_model_data":   2417}, "model":"item/wm/armi/fatman/fatman_rocksprint"},
        {"predicate": {"custom_model_data":   2420}, "model":"item/wm/armi/gambadijoe/gambadijoe_sprint"},
        {"predicate": {"custom_model_data":   2421}, "model":"item/wm/armi/104mm/104mm_sprint"},
        {"predicate": {"custom_model_data":   2422}, "model":"item/wm/armi/razziatore/razziatore_sprint"},
        {"predicate": {"custom_model_data":   2423}, "model":"item/wm/armi/sborringer/sborringer_sprint"},
        {"predicate": {"custom_model_data":   2425}, "model":"item/wm/armi/speranza/speranza_sprint"},
        {"predicate": {"custom_model_data":   2426}, "model":"item/wm/armi/lanciazolfo/lanciazolfo_sprint"},
        {"predicate": {"custom_model_data":   2427}, "model":"item/wm/armi/peste/peste_sprint"},
        {"predicate": {"custom_model_data":   2428}, "model":"item/wm/armi/ditone/ditone_sprint"},
		
		
        {"predicate": {"custom_model_data":   2501}, "model":"item/wm/armi/cinquina/cinquina_sprint"},
        {"predicate": {"custom_model_data":   2502}, "model":"item/wm/armi/falce/falce_sprint"},
        {"predicate": {"custom_model_data":   2504}, "model":"item/wm/armi/buconero/buconero_sprint"},
        {"predicate": {"custom_model_data":   2505}, "model":"item/wm/armi/stangata/stangata_sprint"},
        {"predicate": {"custom_model_data":   2507}, "model":"item/wm/armi/stormranger/stormranger_sprint"},
        {"predicate": {"custom_model_data":   2508}, "model":"item/wm/armi/fucilealchemico/fucilealchemico_sprint"},
        {"predicate": {"custom_model_data":   2509}, "model":"item/wm/armi/fucilealchemico/fucilealchemico_sprint_green"},
        {"predicate": {"custom_model_data":   2510}, "model":"item/wm/armi/fucilealchemico/fucilealchemico_sprint_red"},
        {"predicate": {"custom_model_data":   2511}, "model":"item/wm/armi/fucilealchemico/fucilealchemico_sprint_blue"},
        {"predicate": {"custom_model_data":   2512}, "model":"item/wm/armi/fucilealchemico/fucilealchemico_sprint_pink"},

	
        {"predicate": {"custom_model_data":   3412}, "model":"item/wm/armi/famasg2/famasg2_reload"},
        {"predicate": {"custom_model_data":   3424}, "model":"item/wm/armi/bracciodiferro/bracciodiferro_reload"},
		
		
        {"predicate": {"custom_model_data":   3501}, "model":"item/wm/armi/cinquina/cinquina_reload"},
        {"predicate": {"custom_model_data":   3502}, "model":"item/wm/armi/falce/falce_reload"},

	
        {"predicate": {"custom_model_data":   4416}, "model":"item/wm/armi/fatman/fatman_empty"},
        {"predicate": {"custom_model_data":   4417}, "model":"item/wm/armi/fatman/fatman_empty"},
        {"predicate": {"custom_model_data":   4424}, "model":"item/wm/armi/bracciodiferro/bracciodiferro_reload"},
		
		
        {"predicate": {"custom_model_data":   4502}, "model":"item/wm/armi/falce/falce_empty"},
        {"predicate": {"custom_model_data":   4508}, "model":"item/wm/armi/fucilealchemico/fucilealchemico_empty"},
        {"predicate": {"custom_model_data":   4509}, "model":"item/wm/armi/fucilealchemico/fucilealchemico_empty"},
        {"predicate": {"custom_model_data":   4510}, "model":"item/wm/armi/fucilealchemico/fucilealchemico_empty"},
        {"predicate": {"custom_model_data":   4511}, "model":"item/wm/armi/fucilealchemico/fucilealchemico_empty"},
        {"predicate": {"custom_model_data":   4512}, "model":"item/wm/armi/fucilealchemico/fucilealchemico_empty"},

	
        {"predicate": {"custom_model_data":  10405}, "model":"item/wm/armi/ak47/ak47_blue"},
        {"predicate": {"custom_model_data":  11405}, "model":"item/wm/armi/ak47/ak47_blueaim"},
        {"predicate": {"custom_model_data":  12405}, "model":"item/wm/armi/ak47/ak47_bluesprint"},
        {"predicate": {"custom_model_data":  20405}, "model":"item/wm/armi/ak47/ak47_red"},
        {"predicate": {"custom_model_data":  21405}, "model":"item/wm/armi/ak47/ak47_redaim"},
        {"predicate": {"custom_model_data":  22404}, "model":"item/wm/armi/rpg7/rpg7_redsprint"},
        {"predicate": {"custom_model_data":  22405}, "model":"item/wm/armi/ak47/ak47_redsprint"},
		
	
        {"predicate": {"custom_model_data": 100407}, "model":"item/wm/armi/m4a1/m4a1_reflexsight"},
        {"predicate": {"custom_model_data": 101407}, "model":"item/wm/armi/m4a1/m4a1_reflexsightaim"},
        {"predicate": {"custom_model_data": 102407}, "model":"item/wm/armi/m4a1/m4a1_reflexsightsprint"},
		{"predicate": {"custom_model_data":1000407}, "model":"item/wm/armi/m4a1/m4a1_suppressor"},
        {"predicate": {"custom_model_data":1001407}, "model":"item/wm/armi/m4a1/m4a1_suppressoraim"},
        {"predicate": {"custom_model_data":1002407}, "model":"item/wm/armi/m4a1/m4a1_suppressorsprint"},
        {"predicate": {"custom_model_data":1100407}, "model":"item/wm/armi/m4a1/m4a1_reflexsight_suppressor"},
        {"predicate": {"custom_model_data":1101407}, "model":"item/wm/armi/m4a1/m4a1_reflexsight_suppressoraim"},
        {"predicate": {"custom_model_data":1102407}, "model":"item/wm/armi/m4a1/m4a1_reflexsight_suppressorsprint"}
	]
}