{
    "parent": "item/generated",
    "textures": {
        "layer0": "item/crossbow_standby"
    },
    "display": {
        "thirdperson_righthand": {
            "rotation": [ -90, 0, -60 ],
            "translation": [ 2, 0.1, -3 ],
            "scale": [ 0.9, 0.9, 0.9 ]
        },
        "thirdperson_lefthand": {
            "rotation": [ -90, 0, 30 ],
            "translation": [ 2, 0.1, -3 ],
            "scale": [ 0.9, 0.9, 0.9 ]
        },
        "firstperson_righthand": {
            "rotation": [ -90, 0, -55 ],
            "translation": [ 1.13, 3.2, 1.13],
            "scale": [ 0.68, 0.68, 0.68 ]
        },
        "firstperson_lefthand": {
            "rotation": [ -90, 0, 35 ],
            "translation": [ 1.13, 3.2, 1.13],
            "scale": [ 0.68, 0.68, 0.68 ]
        }
    },
    "overrides": [
        {"predicate": {"pulling": 1}, "model": "item/crossbow_pulling_0"},
        {"predicate": {"pulling": 1, "pull": 0.58}, "model": "item/crossbow_pulling_1"},
        {"predicate": {"pulling": 1, "pull": 1.0}, "model": "item/crossbow_pulling_2"},
        {"predicate": {"charged": 1}, "model": "item/crossbow_arrow"},
        {"predicate": {"charged": 1, "firework": 1}, "model": "item/crossbow_firework"},

		{"predicate": {"custom_model_data":-1000}, "model":"item/armi/reticle_pmii"},
        {"predicate": {"custom_model_data":-100}, "model":"item/armi/ammo_rocket"},
        {"predicate": {"custom_model_data":-10}, "model":"item/armi/combatknife"},
		
		{"predicate": {"custom_model_data":0}, "model":"item/crossbow"},

		{"predicate": {"custom_model_data":   1}, "model":"item/armi/uzi/uzi"},
        {"predicate": {"custom_model_data":   2}, "model":"item/armi/aug/aug"},
        {"predicate": {"custom_model_data":   3}, "model":"item/armi/origin12/origin12"},
        {"predicate": {"custom_model_data":   4}, "model":"item/armi/rpg7/rpg7"},
		{"predicate": {"custom_model_data":   5}, "model":"item/armi/ak47/ak47"},
        {"predicate": {"custom_model_data":   6}, "model":"item/armi/fnfal/fnfal"},
        {"predicate": {"custom_model_data":   7}, "model":"item/armi/m4a1/m4a1"},
        {"predicate": {"custom_model_data":   8}, "model":"item/armi/coltpython/coltpython"},
        {"predicate": {"custom_model_data":   9}, "model":"item/armi/deserteagle/deserteagle"},
		{"predicate": {"custom_model_data":  10}, "model":"item/armi/kar98k/kar98k"},
        {"predicate": {"custom_model_data":  11}, "model":"item/armi/mg34/mg34"},
        {"predicate": {"custom_model_data":  12}, "model":"item/armi/famas/famas"},
        {"predicate": {"custom_model_data":  13}, "model":"item/armi/ax50/ax50"},
        {"predicate": {"custom_model_data":  14}, "model":"item/armi/r9_0/r9_0"},
        {"predicate": {"custom_model_data":  15}, "model":"item/armi/stg44/stg44"},
        {"predicate": {"custom_model_data":  16}, "model":"item/armi/fatman/fatman"},
        {"predicate": {"custom_model_data":  17}, "model":"item/armi/fatman/fatman_rock"},
        {"predicate": {"custom_model_data":  18}, "model":"item/armi/anatema/anatema"},
        {"predicate": {"custom_model_data":  19}, "model":"item/armi/f2000/f2000"},
        {"predicate": {"custom_model_data":  20}, "model":"item/armi/gambadijoe/gambadijoe"},
        {"predicate": {"custom_model_data":  21}, "model":"item/armi/104mm/104mm"},
        {"predicate": {"custom_model_data":  22}, "model":"item/armi/razziatore/razziatore"},
        {"predicate": {"custom_model_data":  23}, "model":"item/armi/sborringer/sborringer"},
        {"predicate": {"custom_model_data":  24}, "model":"item/armi/bracciodiferro/bracciodiferro"},
        {"predicate": {"custom_model_data":  25}, "model":"item/armi/speranza/speranza"},
        {"predicate": {"custom_model_data":  26}, "model":"item/armi/lanciazolfo/lanciazolfo"},
        {"predicate": {"custom_model_data":  27}, "model":"item/armi/peste/peste"},
        {"predicate": {"custom_model_data":  28}, "model":"item/armi/ditone/ditone"},
        {"predicate": {"custom_model_data": 201}, "model":"item/armi/cinquina/cinquina"},
        {"predicate": {"custom_model_data": 202}, "model":"item/armi/falce/falce"},
        {"predicate": {"custom_model_data": 203}, "model":"item/armi/raggelatore/raggelatore"},
        {"predicate": {"custom_model_data": 204}, "model":"item/armi/buconero/buconero"},
        {"predicate": {"custom_model_data": 205}, "model":"item/armi/stangata/stangata"},
        {"predicate": {"custom_model_data": 206}, "model":"item/armi/stormgrimoire/stormgrimoire"},
        {"predicate": {"custom_model_data": 207}, "model":"item/armi/stormranger/stormranger"},
        {"predicate": {"custom_model_data": 208}, "model":"item/armi/fucilealchemico/fucilealchemico_green"},
        {"predicate": {"custom_model_data": 209}, "model":"item/armi/fucilealchemico/fucilealchemico_red"},
        {"predicate": {"custom_model_data": 210}, "model":"item/armi/fucilealchemico/fucilealchemico_blue"},
        {"predicate": {"custom_model_data": 211}, "model":"item/armi/fucilealchemico/fucilealchemico_pink"},
		
        {"predicate": {"custom_model_data":1001}, "model":"item/armi/uzi/uzi_aim"},
        {"predicate": {"custom_model_data":1002}, "model":"item/armi/aug/aug_aim"},
        {"predicate": {"custom_model_data":1003}, "model":"item/armi/origin12/origin12_aim"},
        {"predicate": {"custom_model_data":1004}, "model":"item/armi/rpg7/rpg7_aim"},
        {"predicate": {"custom_model_data":1005}, "model":"item/armi/ak47/ak47_aim"},
        {"predicate": {"custom_model_data":1006}, "model":"item/armi/fnfal/fnfal_aim"},
        {"predicate": {"custom_model_data":1007}, "model":"item/armi/m4a1/m4a1_aim"},
        {"predicate": {"custom_model_data":1008}, "model":"item/armi/coltpython/coltpython_aim"},
        {"predicate": {"custom_model_data":1009}, "model":"item/armi/deserteagle/deserteagle_aim"},
        {"predicate": {"custom_model_data":1010}, "model":"item/armi/kar98k/kar98k_aim"},
        {"predicate": {"custom_model_data":1011}, "model":"item/armi/mg34/mg34_aim"},
        {"predicate": {"custom_model_data":1012}, "model":"item/armi/famas/famas_aim"},
        {"predicate": {"custom_model_data":1013}, "model":"item/varie/reticle_pmii"},
        {"predicate": {"custom_model_data":1014}, "model":"item/armi/r9_0/r9_0_aim"},
        {"predicate": {"custom_model_data":1015}, "model":"item/armi/stg44/stg44_aim"},
        {"predicate": {"custom_model_data":1016}, "model":"item/armi/fatman/fatman_aim"},
        {"predicate": {"custom_model_data":1017}, "model":"item/armi/fatman/fatman_rockaim"},
        {"predicate": {"custom_model_data":1020}, "model":"item/armi/gambadijoe/gambadijoe_aim"},
        {"predicate": {"custom_model_data":1021}, "model":"item/armi/104mm/104mm_aim"},
        {"predicate": {"custom_model_data":1022}, "model":"item/armi/razziatore/razziatore_aim"},
        {"predicate": {"custom_model_data":1023}, "model":"item/armi/sborringer/sborringer_aim"},
        {"predicate": {"custom_model_data":1024}, "model":"item/armi/bracciodiferro/bracciodiferro_aim"},
        {"predicate": {"custom_model_data":1025}, "model":"item/armi/speranza/speranza_aim"},
        {"predicate": {"custom_model_data":1026}, "model":"item/armi/lanciazolfo/lanciazolfo_aim"},
        {"predicate": {"custom_model_data":1027}, "model":"item/armi/peste/peste_aim"},
        {"predicate": {"custom_model_data":1028}, "model":"item/armi/varie/reticle_pmii"},
        {"predicate": {"custom_model_data":1201}, "model":"item/armi/cinquina/cinquina_aim"},
        {"predicate": {"custom_model_data":1202}, "model":"item/armi/falce/falce_aim"},
        {"predicate": {"custom_model_data":1203}, "model":"item/armi/raggelatore/raggelatore_aim"},
        {"predicate": {"custom_model_data":1204}, "model":"item/armi/buconero/buconero_aim"},
        {"predicate": {"custom_model_data":1205}, "model":"item/armi/stangata/stangata_aim"},
        {"predicate": {"custom_model_data":1207}, "model":"item/armi/stormranger/stormranger_aim"},
        {"predicate": {"custom_model_data":1208}, "model":"item/armi/fucilealchemico/fucilealchemico_aim_green"},
        {"predicate": {"custom_model_data":1209}, "model":"item/armi/fucilealchemico/fucilealchemico_aim_red"},
        {"predicate": {"custom_model_data":1210}, "model":"item/armi/fucilealchemico/fucilealchemico_aim_blue"},
        {"predicate": {"custom_model_data":1211}, "model":"item/armi/fucilealchemico/fucilealchemico_aim_pink"},

        {"predicate": {"custom_model_data":2001}, "model":"item/armi/uzi/uzi_sprint"},
        {"predicate": {"custom_model_data":2002}, "model":"item/armi/aug/aug_sprint"},
        {"predicate": {"custom_model_data":2003}, "model":"item/armi/origin12/origin12_sprint"},
        {"predicate": {"custom_model_data":2004}, "model":"item/armi/rpg7/rpg7_sprint"},
        {"predicate": {"custom_model_data":2005}, "model":"item/armi/ak47/ak47_sprint"},
        {"predicate": {"custom_model_data":2006}, "model":"item/armi/fnfal/fnfal_sprint"},
        {"predicate": {"custom_model_data":2007}, "model":"item/armi/m4a1/m4a1_sprint"},
        {"predicate": {"custom_model_data":2008}, "model":"item/armi/coltpython/coltpython_sprint"},
        {"predicate": {"custom_model_data":2009}, "model":"item/armi/deserteagle/deserteagle_sprint"},
        {"predicate": {"custom_model_data":2010}, "model":"item/armi/kar98k/kar98k_sprint"},
        {"predicate": {"custom_model_data":2011}, "model":"item/armi/mg34/mg34_sprint"},
        {"predicate": {"custom_model_data":2012}, "model":"item/armi/famas/famas_sprint"},
        {"predicate": {"custom_model_data":2013}, "model":"item/armi/ax50/ax50_sprint"},
        {"predicate": {"custom_model_data":2014}, "model":"item/armi/r9_0/r9_0_sprint"},
        {"predicate": {"custom_model_data":2015}, "model":"item/armi/stg44/stg44_sprint"},
        {"predicate": {"custom_model_data":2016}, "model":"item/armi/fatman/fatman_sprint"},
        {"predicate": {"custom_model_data":2017}, "model":"item/armi/fatman/fatman_rocksprint"},
        {"predicate": {"custom_model_data":2020}, "model":"item/armi/gambadijoe/gambadijoe_sprint"},
        {"predicate": {"custom_model_data":2021}, "model":"item/armi/104mm/104mm_sprint"},
        {"predicate": {"custom_model_data":2022}, "model":"item/armi/razziatore/razziatore_sprint"},
        {"predicate": {"custom_model_data":2023}, "model":"item/armi/sborringer/sborringer_sprint"},
        {"predicate": {"custom_model_data":2025}, "model":"item/armi/speranza/speranza_sprint"},
        {"predicate": {"custom_model_data":2026}, "model":"item/armi/lanciazolfo/lanciazolfo_sprint"},
        {"predicate": {"custom_model_data":2027}, "model":"item/armi/peste/peste_sprint"},
        {"predicate": {"custom_model_data":2028}, "model":"item/armi/ditone/ditone_sprint"},
        {"predicate": {"custom_model_data":2201}, "model":"item/armi/cinquina/cinquina_sprint"},
        {"predicate": {"custom_model_data":2202}, "model":"item/armi/falce/falce_sprint"},
        {"predicate": {"custom_model_data":2204}, "model":"item/armi/buconero/buconero_sprint"},
        {"predicate": {"custom_model_data":2205}, "model":"item/armi/stangata/stangata_sprint"},
        {"predicate": {"custom_model_data":2207}, "model":"item/armi/stormranger/stormranger_sprint"},
        {"predicate": {"custom_model_data":2208}, "model":"item/armi/fucilealchemico/fucilealchemico_sprint_green"},
        {"predicate": {"custom_model_data":2209}, "model":"item/armi/fucilealchemico/fucilealchemico_sprint_red"},
        {"predicate": {"custom_model_data":2210}, "model":"item/armi/fucilealchemico/fucilealchemico_sprint_blue"},
        {"predicate": {"custom_model_data":2211}, "model":"item/armi/fucilealchemico/fucilealchemico_sprint_pink"},

        {"predicate": {"custom_model_data":3012}, "model":"item/armi/famas/famas_reload"},
        {"predicate": {"custom_model_data":3024}, "model":"item/armi/bracciodiferro/bracciodiferro_reload"},
        {"predicate": {"custom_model_data":3201}, "model":"item/armi/cinquina/cinquina_reload"},
        {"predicate": {"custom_model_data":3202}, "model":"item/armi/falce/falce_reload"},

        {"predicate": {"custom_model_data":10004}, "model":"item/armi/rpg7_blue"},
        {"predicate": {"custom_model_data":10005}, "model":"item/armi/ak47_blue"},
        {"predicate": {"custom_model_data":11004}, "model":"item/armi/rpg7_blueaiming"},
        {"predicate": {"custom_model_data":11005}, "model":"item/armi/ak47_blueaiming"},
        {"predicate": {"custom_model_data":12004}, "model":"item/armi/rpg7_bluesprinting"},
        {"predicate": {"custom_model_data":12005}, "model":"item/armi/ak47_bluesprinting"},

        {"predicate": {"custom_model_data":20004}, "model":"item/armi/rpg7_red"},
        {"predicate": {"custom_model_data":20005}, "model":"item/armi/ak47_red"},
        {"predicate": {"custom_model_data":21004}, "model":"item/armi/rpg7_redaiming"},
        {"predicate": {"custom_model_data":22004}, "model":"item/armi/rpg7_redsprinting"},
        {"predicate": {"custom_model_data":21005}, "model":"item/armi/ak47_redaiming"},
        {"predicate": {"custom_model_data":22005}, "model":"item/armi/ak47_redsprinting"},

        {"predicate": {"custom_model_data": 100007}, "model":"item/armi/m4a1_reflexsight"},
        {"predicate": {"custom_model_data": 101007}, "model":"item/armi/m4a1_reflexsightaiming"},
        {"predicate": {"custom_model_data": 102007}, "model":"item/armi/m4a1_reflexsightsprinting"},
		{"predicate": {"custom_model_data":1000007}, "model":"item/armi/m4a1_suppressor"},
        {"predicate": {"custom_model_data":1001007}, "model":"item/armi/m4a1_suppressoraiming"},
        {"predicate": {"custom_model_data":1002007}, "model":"item/armi/m4a1_suppressorsprinting"},
        {"predicate": {"custom_model_data":1100007}, "model":"item/armi/m4a1_reflexsight_suppressor"},
        {"predicate": {"custom_model_data":1101007}, "model":"item/armi/m4a1_reflexsight_suppressoraiming"},
        {"predicate": {"custom_model_data":1102007}, "model":"item/armi/m4a1_reflexsight_suppressorsprinting"}
	]
}