{
	"parent": "item/handheld",
	"textures": {
		"layer0": "item/feather"
	},
	"overrides": [

        {"predicate": {"custom_model_data":0}, "model":"item/feather"},

		{"predicate": {"custom_model_data":101}, "model":"item/varie/chiavedisblocco"},
		
        {"predicate": {"custom_model_data":201}, "model":"item/varie/decorazioni/cibo/berries_red"},
        {"predicate": {"custom_model_data":202}, "model":"item/varie/decorazioni/cibo/berries_purple"},
        {"predicate": {"custom_model_data":203}, "model":"item/varie/decorazioni/cibo/berries_darkpurple"},
        {"predicate": {"custom_model_data":204}, "model":"item/varie/decorazioni/cibo/berries_orange"},
        {"predicate": {"custom_model_data":205}, "model":"item/varie/decorazioni/cibo/berries_bowl_darkpurple"},
        {"predicate": {"custom_model_data":206}, "model":"item/varie/decorazioni/cibo/berries_bowl_orange"},
        {"predicate": {"custom_model_data":207}, "model":"item/varie/decorazioni/cibo/berries_bowl_purple"},
        {"predicate": {"custom_model_data":208}, "model":"item/varie/decorazioni/cibo/berries_bowl_red"},
        {"predicate": {"custom_model_data":209}, "model":"item/varie/decorazioni/cibo/berries_doublebowl_redpurple"},
        {"predicate": {"custom_model_data":210}, "model":"item/varie/decorazioni/cibo/cheese"},
        {"predicate": {"custom_model_data":211}, "model":"item/varie/decorazioni/cibo/coffee"},
        {"predicate": {"custom_model_data":212}, "model":"item/varie/decorazioni/cibo/eggnog"},
        {"predicate": {"custom_model_data":213}, "model":"item/varie/decorazioni/cibo/shake"},
        {"predicate": {"custom_model_data":214}, "model":"item/varie/decorazioni/cibo/yogurt"},
        {"predicate": {"custom_model_data":215}, "model":"item/varie/decorazioni/cibo/bearbread_basket"},
        {"predicate": {"custom_model_data":216}, "model":"item/varie/decorazioni/cibo/bearbread_tray"},
        {"predicate": {"custom_model_data":217}, "model":"item/varie/decorazioni/cibo/swissroll"},
		
        {"predicate": {"custom_model_data":301}, "model":"item/varie/clipboard"}
	]
}