{
	"textures": {
		"1": "block/color/armi/fucilealchemico/fucilealchemico_empty",
		"particle": "block/color/empty"
	},
	"elements": [
		{
			"from": [6.5, 0, 10.5],
			"to": [9.5, 3, 13.5],
			"rotation": {"angle": 22.5, "axis": "x", "origin": [8, 4, 14]},
			"faces": {
				"north": {"uv": [7, 7.5, 8.5, 9], "texture": "#1"},
				"east": {"uv": [8, 2, 9.5, 3.5], "texture": "#1"},
				"south": {"uv": [8, 5, 9.5, 6.5], "texture": "#1"},
				"west": {"uv": [0, 8.5, 1.5, 10], "texture": "#1"},
				"up": {"uv": [10, 8, 8.5, 6.5], "texture": "#1"},
				"down": {"uv": [10, 8, 8.5, 9.5], "texture": "#1"}
			}
		},
		{
			"from": [6.3, -0.2, 10.3],
			"to": [9.7, 3.2, 13.7],
			"rotation": {"angle": 22.5, "axis": "x", "origin": [8, 4, 14]},
			"faces": {
				"north": {"uv": [7, 9, 8.5, 10.5], "texture": "#1"},
				"east": {"uv": [9.5, 1, 11, 2.5], "texture": "#1"},
				"south": {"uv": [9.5, 2.5, 11, 4], "texture": "#1"},
				"west": {"uv": [9.5, 4, 11, 5.5], "texture": "#1"},
				"up": {"uv": [10, 11, 8.5, 9.5], "texture": "#1"},
				"down": {"uv": [1.5, 10, 0, 11.5], "texture": "#1"}
			}
		},
		{
			"from": [7.5, 3, 11.5],
			"to": [8.5, 5, 12.5],
			"rotation": {"angle": 22.5, "axis": "x", "origin": [8, 4, 14]},
			"faces": {
				"north": {"uv": [11, 5, 11.5, 5.5], "texture": "#1"},
				"east": {"uv": [9.5, 11, 10, 11.5], "texture": "#1"},
				"south": {"uv": [6.5, 12.5, 7, 13], "texture": "#1"},
				"west": {"uv": [7, 12.5, 7.5, 13], "texture": "#1"},
				"up": {"uv": [8, 13, 7.5, 12.5], "texture": "#1"},
				"down": {"uv": [8.5, 12.5, 8, 13], "texture": "#1"}
			}
		},
		{
			"from": [8, 5, 8.5],
			"to": [8, 10, 13.5],
			"rotation": {"angle": 22.5, "axis": "x", "origin": [8, 4, 14]},
			"faces": {
				"north": {"uv": [0, 0, 0, 2.5], "texture": "#1"},
				"east": {"uv": [2, 2, 4.5, 4.5], "texture": "#1"},
				"south": {"uv": [0, 0, 0, 2.5], "texture": "#1"},
				"west": {"uv": [2, 2, 4.5, 4.5], "texture": "#1"},
				"up": {"uv": [0, 2.5, 0, 0], "texture": "#1"},
				"down": {"uv": [0, 0, 0, 2.5], "texture": "#1"}
			}
		},
		{
			"from": [7.001, 4.001, 11.001],
			"to": [8.999, 4.999, 12.999],
			"rotation": {"angle": 22.5, "axis": "x", "origin": [8, 4, 14]},
			"faces": {
				"north": {"uv": [12, 3.5, 13, 4], "texture": "#1"},
				"east": {"uv": [12, 4, 13, 4.5], "texture": "#1"},
				"south": {"uv": [12, 4.5, 13, 5], "texture": "#1"},
				"west": {"uv": [12, 6.5, 13, 7], "texture": "#1"},
				"up": {"uv": [12, 5, 11, 4], "texture": "#1"},
				"down": {"uv": [9.5, 11, 8.5, 12], "texture": "#1"}
			}
		}
	],
	"gui_light": "front",
	"display": {
		"thirdperson_righthand": {
			"rotation": [2.25, 0, 0],
			"translation": [0, 7, -1.5],
			"scale": [0.8, 0.8, 0.8]
		},
		"thirdperson_lefthand": {
			"rotation": [2.25, 0, 0],
			"translation": [0, 7, -1.5],
			"scale": [0.8, 0.8, 0.8]
		},
		"firstperson_righthand": {
			"rotation": [5, 5, 0],
			"translation": [2, 7.5, 0.5],
			"scale": [0.6, 0.6, 0.6]
		},
		"firstperson_lefthand": {
			"rotation": [5, 5, 0],
			"translation": [2, 7.5, 0.5],
			"scale": [0.6, 0.6, 0.6]
		},
		"ground": {
			"rotation": [124.44, -72.64, 47.27],
			"translation": [0, 1, -1.25],
			"scale": [0.5, 0.5, 0.5]
		},
		"gui": {
			"rotation": [90, 56, -110],
			"translation": [2.25, 3.25, 0],
			"scale": [0.63, 0.63, 0.63]
		},
		"head": {
			"translation": [0, 15, 0]
		},
		"fixed": {
			"rotation": [90, -45, 90],
			"translation": [-4.5, 3.25, -1],
			"scale": [0.8, 0.8, 0.8]
		}
	},
	"groups": [
		{
			"name": "PotionRifle",
			"origin": [8, 2, 9],
			"color": 0,
			"children": [0, 1, 2, 3, 4]
		}
	]
}