{
	"textures": {
		"1": "block/color/varie/chiavedisblocco/chiavedisblocco_1",
		"2": "block/color/varie/chiavedisblocco/chiavedisblocco_2",
		"3": "block/color/varie/chiavedisblocco/chiavedisblocco_3",
		"particle": "block/color/empty"
	},
	"elements": [
		{
			"from": [6.9446, 8.7, 7.76825],
			"to": [9.0554, 9.2, 8.23175],
			"rotation": {"angle": 0, "axis": "y", "origin": [7.7766, 8.5, 7.19175]},
			"faces": {
				"east": {"uv": [0, 0, 0.44567, 1], "texture": "#1"},
				"west": {"uv": [0, 0, 0.44567, 1], "texture": "#1"},
				"up": {"uv": [0, 0, 2.02961, 0.44567], "texture": "#1"},
				"down": {"uv": [0, 0, 2.02961, 0.44567], "texture": "#1"}
			}
		},
		{
			"from": [9.18932, 8.7, 7.71923],
			"to": [9.39732, 9.2, 8.03123],
			"rotation": {"angle": 22.5, "axis": "y", "origin": [8.56532, 8.5, 8.75923]},
			"faces": {
				"east": {"uv": [0, 0, 0.3, 1], "texture": "#1"},
				"up": {"uv": [0.2, 0.3, 0.4, 0.6], "texture": "#1"},
				"down": {"uv": [0.2, 0.3, 0.4, 0.6], "texture": "#1"}
			}
		},
		{
			"from": [9.18932, 8.7, 7.96877],
			"to": [9.39732, 9.2, 8.28077],
			"rotation": {"angle": -22.5, "axis": "y", "origin": [8.56532, 8.5, 7.24077]},
			"faces": {
				"east": {"uv": [0.3, 0, 0.6, 1], "texture": "#1"},
				"up": {"uv": [0.2, 0, 0.4, 0.3], "texture": "#1"},
				"down": {"uv": [0.2, 0, 0.4, 0.3], "texture": "#1"}
			}
		},
		{
			"from": [6.60268, 8.7, 7.71923],
			"to": [6.81068, 9.2, 8.03123],
			"rotation": {"angle": -22.5, "axis": "y", "origin": [7.43468, 8.5, 8.75923]},
			"faces": {
				"west": {"uv": [0.3, 0, 0.6, 1], "texture": "#1"},
				"up": {"uv": [0, 0.3, 0.2, 0.6], "texture": "#1"},
				"down": {"uv": [0, 0.3, 0.2, 0.6], "texture": "#1"}
			}
		},
		{
			"from": [6.60268, 8.7, 7.96877],
			"to": [6.81068, 9.2, 8.28077],
			"rotation": {"angle": 22.5, "axis": "y", "origin": [7.43468, 8.5, 7.24077]},
			"faces": {
				"west": {"uv": [0, 0, 0.3, 1], "texture": "#1"},
				"up": {"uv": [0, 0, 0.2, 0.3], "texture": "#1"},
				"down": {"uv": [0, 0, 0.2, 0.3], "texture": "#1"}
			}
		},
		{
			"from": [7.064, 8.7, 7.48],
			"to": [8.936, 9.2, 8.52],
			"rotation": {"angle": 0, "axis": "y", "origin": [7.896, 8.5, 7.48]},
			"faces": {
				"north": {"uv": [0, 0, 1.8, 1], "texture": "#1"},
				"south": {"uv": [0, 0, 1.8, 1], "texture": "#1"},
				"up": {"uv": [0, 0, 1.8, 1], "texture": "#1"},
				"down": {"uv": [0, 0, 1.8, 1], "texture": "#1"}
			}
		},
		{
			"from": [7.1, 8.7, 7.5],
			"to": [8.9, 10.5, 8.5],
			"rotation": {"angle": 0, "axis": "y", "origin": [7.9, 7.5, 7.5]},
			"faces": {
				"north": {"uv": [0, 0, 1.8, 2.8], "texture": "#1"},
				"south": {"uv": [0, 0, 1.8, 2.8], "texture": "#1"},
				"down": {"uv": [0, 0, 1.8, 1], "texture": "#1"}
			}
		},
		{
			"from": [7.3, 10.4, 7.5],
			"to": [8.7, 16.3, 8.5],
			"rotation": {"angle": 0, "axis": "y", "origin": [7.9, 7.5, 7.5]},
			"faces": {
				"north": {"uv": [0, 0, 1.4, 0.9], "texture": "#1"},
				"south": {"uv": [0, 0, 1.4, 0.9], "texture": "#1"},
				"up": {"uv": [0, 0, 1.4, 1], "texture": "#1"},
				"down": {"uv": [0, 0, 1.4, 1], "texture": "#1"}
			}
		},
		{
			"from": [6.65642, 8.7, 7.96997],
			"to": [6.85642, 15.9, 8.26997],
			"rotation": {"angle": 22.5, "axis": "y", "origin": [7.45642, 7.5, 7.26997]},
			"faces": {
				"west": {"uv": [0, 0, 0.3, 10.2], "texture": "#1"},
				"down": {"uv": [0, 0, 0.2, 0.3], "texture": "#1"}
			}
		},
		{
			"from": [6.65642, 8.7, 7.73003],
			"to": [6.85642, 14.9, 8.03003],
			"rotation": {"angle": -22.5, "axis": "y", "origin": [7.45642, 7.5, 8.73003]},
			"faces": {
				"west": {"uv": [0.3, 0, 0.6, 10.2], "texture": "#1"},
				"down": {"uv": [0, 0.3, 0.2, 0.6], "texture": "#1"}
			}
		},
		{
			"from": [9.14358, 8.7, 7.96997],
			"to": [9.34358, 15.9, 8.26997],
			"rotation": {"angle": -22.5, "axis": "y", "origin": [8.54358, 7.5, 7.26997]},
			"faces": {
				"east": {"uv": [0.3, 0, 0.6, 10.2], "texture": "#1"},
				"down": {"uv": [0.2, 0, 0.4, 0.3], "texture": "#1"}
			}
		},
		{
			"from": [9.14358, 8.7, 7.73003],
			"to": [9.34358, 15.9, 8.03003],
			"rotation": {"angle": 22.5, "axis": "y", "origin": [8.54358, 7.5, 8.73003]},
			"faces": {
				"east": {"uv": [0, 0, 0.3, 10.2], "texture": "#1"},
				"down": {"uv": [0.2, 0.3, 0.4, 0.6], "texture": "#1"}
			}
		},
		{
			"from": [6.98519, 8.7, 7.77716],
			"to": [9.01481, 10.5, 8.22284],
			"rotation": {"angle": 0, "axis": "y", "origin": [7.78519, 7.5, 7.22284]},
			"faces": {
				"east": {"uv": [0, 0, 0.44567, 2.8], "texture": "#1"},
				"west": {"uv": [0, 0, 0.44567, 2.8], "texture": "#1"},
				"down": {"uv": [0, 0, 2.02961, 0.44567], "texture": "#1"}
			}
		},
		{
			"from": [6.9446, 8.7, 7.76825],
			"to": [9.0554, 9.2, 8.23175],
			"rotation": {"angle": 0, "axis": "y", "origin": [7.7766, 9.1, 7.19175]},
			"faces": {
				"east": {"uv": [0, 0, 0.44567, 1], "texture": "#1"},
				"west": {"uv": [0, 0, 0.44567, 1], "texture": "#1"},
				"up": {"uv": [0, 0, 2.02961, 0.44567], "texture": "#1"},
				"down": {"uv": [0, 0, 2.02961, 0.44567], "texture": "#1"}
			}
		},
		{
			"from": [9.18932, 8.7, 7.71923],
			"to": [9.39732, 9.2, 8.03123],
			"rotation": {"angle": 22.5, "axis": "y", "origin": [8.56532, 9.1, 8.75923]},
			"faces": {
				"east": {"uv": [0, 0, 0.3, 1], "texture": "#1"},
				"up": {"uv": [0.2, 0.3, 0.4, 0.6], "texture": "#1"},
				"down": {"uv": [0.2, 0.3, 0.4, 0.6], "texture": "#1"}
			}
		},
		{
			"from": [9.18932, 8.7, 7.96877],
			"to": [9.39732, 9.2, 8.28077],
			"rotation": {"angle": -22.5, "axis": "y", "origin": [8.56532, 9.1, 7.24077]},
			"faces": {
				"east": {"uv": [0.3, 0, 0.6, 1], "texture": "#1"},
				"up": {"uv": [0.2, 0, 0.4, 0.3], "texture": "#1"},
				"down": {"uv": [0.2, 0, 0.4, 0.3], "texture": "#1"}
			}
		},
		{
			"from": [6.60268, 8.7, 7.71923],
			"to": [6.81068, 9.2, 8.03123],
			"rotation": {"angle": -22.5, "axis": "y", "origin": [7.43468, 9.1, 8.75923]},
			"faces": {
				"west": {"uv": [0.3, 0, 0.6, 1], "texture": "#1"},
				"up": {"uv": [0, 0.3, 0.2, 0.6], "texture": "#1"},
				"down": {"uv": [0, 0.3, 0.2, 0.6], "texture": "#1"}
			}
		},
		{
			"from": [6.60268, 8.7, 7.96877],
			"to": [6.81068, 9.2, 8.28077],
			"rotation": {"angle": 22.5, "axis": "y", "origin": [7.43468, 9.1, 7.24077]},
			"faces": {
				"west": {"uv": [0, 0, 0.3, 1], "texture": "#1"},
				"up": {"uv": [0, 0, 0.2, 0.3], "texture": "#1"},
				"down": {"uv": [0, 0, 0.2, 0.3], "texture": "#1"}
			}
		},
		{
			"from": [7.064, 8.7, 7.48],
			"to": [8.936, 9.2, 8.52],
			"rotation": {"angle": 0, "axis": "y", "origin": [7.896, 9.1, 7.48]},
			"faces": {
				"north": {"uv": [0, 0, 1.8, 1], "texture": "#1"},
				"south": {"uv": [0, 0, 1.8, 1], "texture": "#1"},
				"up": {"uv": [0, 0, 1.8, 1], "texture": "#1"},
				"down": {"uv": [0, 0, 1.8, 1], "texture": "#1"}
			}
		},
		{
			"from": [6.9446, 8.7, 7.76825],
			"to": [9.0554, 9.2, 8.23175],
			"rotation": {"angle": 0, "axis": "y", "origin": [7.7766, 9.7, 7.19175]},
			"faces": {
				"east": {"uv": [0, 0, 0.44567, 1], "texture": "#1"},
				"west": {"uv": [0, 0, 0.44567, 1], "texture": "#1"},
				"up": {"uv": [0, 0, 2.02961, 0.44567], "texture": "#1"},
				"down": {"uv": [0, 0, 2.02961, 0.44567], "texture": "#1"}
			}
		},
		{
			"from": [9.18932, 8.7, 7.71923],
			"to": [9.39732, 9.2, 8.03123],
			"rotation": {"angle": 22.5, "axis": "y", "origin": [8.56532, 9.7, 8.75923]},
			"faces": {
				"east": {"uv": [0, 0, 0.3, 1], "texture": "#1"},
				"up": {"uv": [0.2, 0.3, 0.4, 0.6], "texture": "#1"},
				"down": {"uv": [0.2, 0.3, 0.4, 0.6], "texture": "#1"}
			}
		},
		{
			"from": [9.18932, 8.7, 7.96877],
			"to": [9.39732, 9.2, 8.28077],
			"rotation": {"angle": -22.5, "axis": "y", "origin": [8.56532, 9.7, 7.24077]},
			"faces": {
				"east": {"uv": [0.3, 0, 0.6, 1], "texture": "#1"},
				"up": {"uv": [0.2, 0, 0.4, 0.3], "texture": "#1"},
				"down": {"uv": [0.2, 0, 0.4, 0.3], "texture": "#1"}
			}
		},
		{
			"from": [6.60268, 8.7, 7.71923],
			"to": [6.81068, 9.2, 8.03123],
			"rotation": {"angle": -22.5, "axis": "y", "origin": [7.43468, 9.7, 8.75923]},
			"faces": {
				"west": {"uv": [0.3, 0, 0.6, 1], "texture": "#1"},
				"up": {"uv": [0, 0.3, 0.2, 0.6], "texture": "#1"},
				"down": {"uv": [0, 0.3, 0.2, 0.6], "texture": "#1"}
			}
		},
		{
			"from": [6.60268, 8.7, 7.96877],
			"to": [6.81068, 9.2, 8.28077],
			"rotation": {"angle": 22.5, "axis": "y", "origin": [7.43468, 9.7, 7.24077]},
			"faces": {
				"west": {"uv": [0, 0, 0.3, 1], "texture": "#1"},
				"up": {"uv": [0, 0, 0.2, 0.3], "texture": "#1"},
				"down": {"uv": [0, 0, 0.2, 0.3], "texture": "#1"}
			}
		},
		{
			"from": [7.064, 8.7, 7.48],
			"to": [8.936, 9.2, 8.52],
			"rotation": {"angle": 0, "axis": "y", "origin": [7.896, 9.7, 7.48]},
			"faces": {
				"north": {"uv": [0, 0, 1.8, 1], "texture": "#1"},
				"south": {"uv": [0, 0, 1.8, 1], "texture": "#1"},
				"up": {"uv": [0, 0, 1.8, 1], "texture": "#1"},
				"down": {"uv": [0, 0, 1.8, 1], "texture": "#1"}
			}
		},
		{
			"from": [6.9446, 10.3, 7.76825],
			"to": [7.0754, 16.8, 8.23175],
			"rotation": {"angle": 0, "axis": "y", "origin": [7.7766, 10.3, 7.19175]},
			"faces": {
				"west": {"uv": [0, 0, 0.44567, 1], "texture": "#1"},
				"up": {"uv": [0, 0, 2.02961, 0.44567], "texture": "#1"},
				"down": {"uv": [0, 0, 2.02961, 0.44567], "texture": "#1"}
			}
		},
		{
			"from": [8.9246, 10.3, 7.76825],
			"to": [9.0554, 16.8, 8.23175],
			"rotation": {"angle": 0, "axis": "y", "origin": [8.2234, 10.3, 7.19175]},
			"faces": {
				"east": {"uv": [0.44567, 0, 0, 1], "texture": "#1"},
				"up": {"uv": [2.02961, 0, 0, 0.44567], "texture": "#1"},
				"down": {"uv": [2.02961, 0, 0, 0.44567], "texture": "#1"}
			}
		},
		{
			"from": [9.18932, 10.3, 7.71923],
			"to": [9.39732, 16.8, 8.03123],
			"rotation": {"angle": 22.5, "axis": "y", "origin": [8.56532, 10.3, 8.75923]},
			"faces": {
				"east": {"uv": [0, 0, 0.3, 1], "texture": "#1"},
				"up": {"uv": [0.2, 0.3, 0.4, 0.6], "texture": "#1"},
				"down": {"uv": [0.2, 0.3, 0.4, 0.6], "texture": "#1"}
			}
		},
		{
			"from": [9.18932, 10.3, 7.96877],
			"to": [9.39732, 16.8, 8.28077],
			"rotation": {"angle": -22.5, "axis": "y", "origin": [8.56532, 10.3, 7.24077]},
			"faces": {
				"east": {"uv": [0.3, 0, 0.6, 1], "texture": "#1"},
				"up": {"uv": [0.2, 0, 0.4, 0.3], "texture": "#1"},
				"down": {"uv": [0.2, 0, 0.4, 0.3], "texture": "#1"}
			}
		},
		{
			"from": [6.60268, 10.3, 7.71923],
			"to": [6.81068, 16.8, 8.03123],
			"rotation": {"angle": -22.5, "axis": "y", "origin": [7.43468, 10.3, 8.75923]},
			"faces": {
				"west": {"uv": [0.3, 0, 0.6, 1], "texture": "#1"},
				"up": {"uv": [0, 0.3, 0.2, 0.6], "texture": "#1"},
				"down": {"uv": [0, 0.3, 0.2, 0.6], "texture": "#1"}
			}
		},
		{
			"from": [6.60268, 10.3, 7.96877],
			"to": [6.81068, 16.8, 8.28077],
			"rotation": {"angle": 22.5, "axis": "y", "origin": [7.43468, 10.3, 7.24077]},
			"faces": {
				"west": {"uv": [0, 0, 0.3, 1], "texture": "#1"},
				"up": {"uv": [0, 0, 0.2, 0.3], "texture": "#1"},
				"down": {"uv": [0, 0, 0.2, 0.3], "texture": "#1"}
			}
		},
		{
			"from": [7.064, 10.3, 7.48],
			"to": [7.336, 16.8, 8.52],
			"rotation": {"angle": 0, "axis": "y", "origin": [7.896, 10.3, 7.48]},
			"faces": {
				"north": {"uv": [0, 0, 1.8, 1], "texture": "#1"},
				"east": {"uv": [0, 0, 1, 1], "texture": "#1"},
				"south": {"uv": [0, 0, 1.8, 1], "texture": "#1"},
				"up": {"uv": [0, 0, 1.8, 1], "texture": "#1"},
				"down": {"uv": [0, 0, 1.8, 1], "texture": "#1"}
			}
		},
		{
			"from": [7.594, 10.77, 7.48],
			"to": [7.766, 11, 8.52],
			"rotation": {"angle": 45, "axis": "z", "origin": [7.896, 10.3, 7.48]},
			"faces": {
				"north": {"uv": [0, 0, 1.8, 1], "texture": "#1"},
				"east": {"uv": [0, 0, 1, 1], "texture": "#1"},
				"south": {"uv": [0, 0, 1.8, 1], "texture": "#1"}
			}
		},
		{
			"from": [8.234, 10.77, 7.48],
			"to": [8.406, 11, 8.52],
			"rotation": {"angle": -45, "axis": "z", "origin": [8.104, 10.3, 7.48]},
			"faces": {
				"north": {"uv": [1.8, 0, 0, 1], "texture": "#1"},
				"south": {"uv": [1.8, 0, 0, 1], "texture": "#1"},
				"west": {"uv": [1, 0, 0, 1], "texture": "#1"}
			}
		},
		{
			"from": [7.594, 17.47, 7.5],
			"to": [7.766, 17.47, 8.5],
			"rotation": {"angle": 45, "axis": "z", "origin": [7.896, 17, 7.48]},
			"faces": {
				"north": {"uv": [0, 0, 1.8, 1], "texture": "#1"},
				"east": {"uv": [0, 0, 1, 1], "texture": "#1"},
				"south": {"uv": [0, 0, 1.8, 1], "texture": "#1"}
			}
		},
		{
			"from": [8.234, 17.47, 7.5],
			"to": [8.406, 17.47, 8.5],
			"rotation": {"angle": -45, "axis": "z", "origin": [8.104, 17, 7.48]},
			"faces": {
				"north": {"uv": [1.8, 0, 0, 1], "texture": "#1"},
				"south": {"uv": [1.8, 0, 0, 1], "texture": "#1"},
				"west": {"uv": [1, 0, 0, 1], "texture": "#1"}
			}
		},
		{
			"from": [7.336, 10.3, 7.48],
			"to": [8.664, 10.55, 8.52],
			"rotation": {"angle": 0, "axis": "y", "origin": [7.896, 10.3, 7.48]},
			"faces": {
				"north": {"uv": [0, 0, 1.8, 1], "texture": "#1"},
				"south": {"uv": [0, 0, 1.8, 1], "texture": "#1"},
				"up": {"uv": [0, 0, 1.8, 1], "texture": "#1"},
				"down": {"uv": [0, 0, 1.8, 1], "texture": "#1"}
			}
		},
		{
			"from": [7.336, 10.55, 7.48],
			"to": [8.664, 10.8, 7.63],
			"rotation": {"angle": 0, "axis": "y", "origin": [7.896, 10.3, 7.48]},
			"faces": {
				"north": {"uv": [0, 0, 1.8, 1], "texture": "#1"},
				"south": {"uv": [0, 0, 1.8, 1], "texture": "#1"},
				"up": {"uv": [0, 0, 1.8, 1], "texture": "#1"}
			}
		},
		{
			"from": [8.664, 10.3, 7.48],
			"to": [8.936, 16.8, 8.52],
			"rotation": {"angle": 0, "axis": "y", "origin": [8.104, 10.3, 7.48]},
			"faces": {
				"north": {"uv": [1.8, 0, 0, 1], "texture": "#1"},
				"south": {"uv": [1.8, 0, 0, 1], "texture": "#1"},
				"west": {"uv": [1, 0, 0, 1], "texture": "#1"},
				"up": {"uv": [1.8, 0, 0, 1], "texture": "#1"},
				"down": {"uv": [1.8, 0, 0, 1], "texture": "#1"}
			}
		},
		{
			"from": [7.1, 10.5, 7.5],
			"to": [7.3, 16.7, 8.5],
			"rotation": {"angle": 0, "axis": "y", "origin": [7.9, 7.5, 7.5]},
			"faces": {
				"north": {"uv": [0, 0, 0.2, 7.2], "texture": "#1"},
				"east": {"uv": [0, 0, 1, 7.2], "texture": "#1"},
				"south": {"uv": [0, 0, 0.2, 7.2], "texture": "#1"}
			}
		},
		{
			"from": [8.7, 10.5, 7.5],
			"to": [8.9, 16.7, 8.5],
			"rotation": {"angle": 0, "axis": "y", "origin": [8.1, 7.5, 7.5]},
			"faces": {
				"north": {"uv": [0.2, 0, 0.4, 7.2], "texture": "#1"},
				"south": {"uv": [0.2, 0, 0.4, 7.2], "texture": "#1"},
				"west": {"uv": [1, 0, 2, 7.2], "texture": "#1"}
			}
		},
		{
			"from": [7.3, 10.5, 7.5],
			"to": [8.7, 16.4, 7.58],
			"rotation": {"angle": 0, "axis": "y", "origin": [8.1, 7.5, 7.5]},
			"faces": {
				"north": {"uv": [0.2, 0, 1.6, 5.9], "texture": "#1"},
				"south": {"uv": [0.2, 0, 1.6, 5.9], "texture": "#1"}
			}
		},
		{
			"from": [7.3, 16.3, 7.75],
			"to": [8.7, 16.8, 8.25],
			"rotation": {"angle": 0, "axis": "y", "origin": [7.9, 8.3, 7.55]},
			"faces": {
				"north": {"uv": [7, 6, 8.4, 7.5], "texture": "#2"},
				"east": {"uv": [0, 0, 0, 0], "texture": "#2"},
				"south": {"uv": [8, 6, 9.4, 7.5], "texture": "#2"},
				"west": {"uv": [0, 0, 0, 0], "texture": "#2"},
				"up": {"uv": [12, 4, 13.4, 4.9], "texture": "#2"},
				"down": {"uv": [0, 0, 0, 0], "texture": "#2"}
			}
		},
		{
			"from": [7.3, 17.3, 7.75],
			"to": [8.7, 17.8, 8.25],
			"rotation": {"angle": 0, "axis": "y", "origin": [7.9, 8.3, 7.55]},
			"faces": {
				"north": {"uv": [7, 6, 8.4, 7.5], "texture": "#2"},
				"east": {"uv": [0, 0, 0, 0], "texture": "#2"},
				"south": {"uv": [8, 6, 9.4, 7.5], "texture": "#2"},
				"west": {"uv": [0, 0, 0, 0], "texture": "#2"},
				"up": {"uv": [12, 4, 13.4, 4.9], "texture": "#2"},
				"down": {"uv": [0, 0, 0, 0], "texture": "#2"}
			}
		},
		{
			"from": [7.5, 16.8, 7.85],
			"to": [8.5, 17.4, 8.15],
			"rotation": {"angle": 0, "axis": "y", "origin": [7.9, 8.3, 7.55]},
			"faces": {
				"north": {"uv": [0, 0, 1, 1], "texture": "#3"},
				"east": {"uv": [0, 1, 1, 2], "texture": "#3"},
				"south": {"uv": [1, 0, 2, 1], "texture": "#3"},
				"west": {"uv": [1, 1, 2, 2], "texture": "#3"},
				"up": {"uv": [1, 3, 0, 2], "texture": "#3"},
				"down": {"uv": [3, 0, 2, 1], "texture": "#3"}
			}
		},
		{
			"from": [7.3, 16.3, 7.75],
			"to": [7.6, 17.8, 8.25],
			"rotation": {"angle": 0, "axis": "y", "origin": [7.9, 8.3, 7.55]},
			"faces": {
				"north": {"uv": [7, 6, 8.4, 7.5], "texture": "#2"},
				"east": {"uv": [0, 0, 0, 0], "texture": "#2"},
				"south": {"uv": [8, 6, 9.4, 7.5], "texture": "#2"},
				"west": {"uv": [0, 0, 0, 0], "texture": "#2"},
				"up": {"uv": [12, 4, 13.4, 4.9], "texture": "#2"},
				"down": {"uv": [0, 0, 0, 0], "texture": "#2"}
			}
		},
		{
			"from": [8.4, 16.3, 7.75],
			"to": [8.7, 17.8, 8.25],
			"rotation": {"angle": 0, "axis": "y", "origin": [7.9, 8.3, 7.55]},
			"faces": {
				"north": {"uv": [7, 6, 8.4, 7.5], "texture": "#2"},
				"east": {"uv": [0, 0, 0, 0], "texture": "#2"},
				"south": {"uv": [8, 6, 9.4, 7.5], "texture": "#2"},
				"west": {"uv": [0, 0, 0, 0], "texture": "#2"},
				"up": {"uv": [12, 4, 13.4, 4.9], "texture": "#2"},
				"down": {"uv": [0, 0, 0, 0], "texture": "#2"}
			}
		},
		{
			"from": [7.85, 16.3, 7.75],
			"to": [8.15, 17.8, 8.25],
			"rotation": {"angle": 0, "axis": "y", "origin": [7.9, 8.3, 7.55]},
			"faces": {
				"north": {"uv": [7, 6, 8.4, 7.5], "texture": "#2"},
				"east": {"uv": [0, 0, 0, 0], "texture": "#2"},
				"south": {"uv": [8, 6, 9.4, 7.5], "texture": "#2"},
				"west": {"uv": [0, 0, 0, 0], "texture": "#2"},
				"up": {"uv": [12, 4, 13.4, 4.9], "texture": "#2"},
				"down": {"uv": [0, 0, 0, 0], "texture": "#2"}
			}
		},
		{
			"from": [8.78519, 10.5, 7.77716],
			"to": [9.01481, 16.4, 8.22284],
			"rotation": {"angle": 0, "axis": "y", "origin": [8.21481, 7.5, 7.22284]},
			"faces": {
				"east": {"uv": [0.44567, 0, 0.89134, 5.9], "texture": "#1"}
			}
		}
	],
	"gui_light": "front",
	"display": {
		"thirdperson_righthand": {
			"translation": [0, -3.5, 0],
			"scale": [0.75, 0.75, 0.75]
		},
		"thirdperson_lefthand": {
			"translation": [0, -3.5, 0],
			"scale": [0.75, 0.75, 0.75]
		},
		"firstperson_righthand": {
			"rotation": [-24.33, 9.27, 4.24],
			"translation": [4.5, -2.75, -1.5]
		},
		"firstperson_lefthand": {
			"rotation": [-9, 19, 0],
			"translation": [4.75, -3.5, -2.5]
		},
		"ground": {
			"rotation": [85.21, 1.19, -59.92],
			"translation": [-3, -2.25, 0]
		},
		"gui": {
			"rotation": [11.56, -12.35, -45.76],
			"translation": [-4.8, -4.25, 0],
			"scale": [1.4, 1.4, 1.4]
		},
		"head": {
			"translation": [0, 5.75, 0]
		},
		"fixed": {
			"rotation": [0, -180, -45],
			"translation": [3.5, -3.5, -0.5]
		}
	},
	"groups": [
		{
			"name": "group",
			"origin": [7.896, 8.5, 7.48],
			"color": 0,
			"children": [0, 1, 2, 3, 4, 5]
		},
		{
			"name": "group",
			"origin": [7.78519, 7.5, 7.22284],
			"color": 0,
			"children": [6, 7, 8, 9, 10, 11, 12]
		},
		{
			"name": "group",
			"origin": [7.896, 8.5, 7.48],
			"color": 0,
			"children": [13, 14, 15, 16, 17, 18]
		},
		{
			"name": "group",
			"origin": [7.896, 8.5, 7.48],
			"color": 0,
			"children": [19, 20, 21, 22, 23, 24]
		},
		{
			"name": "group",
			"origin": [7.896, 8.5, 7.48],
			"color": 0,
			"children": [25, 26, 27, 28, 29, 30, 31, 32, 33, 34, 35, 36, 37, 38]
		},
		{
			"name": "group",
			"origin": [7.78519, 7.5, 7.22284],
			"color": 0,
			"children": [39, 40, 41, 42, 43, 44, 45, 46, 47, 48]
		}
	]
}