{
	"credit": "Made by Cezar_ // BugabuseMe",
	"texture_size": [32, 32],
	"textures": {
		"0": "block/color/clipboard",
		"particle": "block/color/clipboard"
	},
	"elements": [
		{
			"from": [2, 0, 4],
			"to": [15, 1, 14],
			"faces": {
				"north": {"uv": [0, 0, 6.5, 0.5], "texture": "#0"},
				"east": {"uv": [0.5, 4.5, 5, 5], "texture": "#0"},
				"south": {"uv": [0, 4.5, 6.5, 5], "texture": "#0"},
				"west": {"uv": [0.5, 0, 5, 0.5], "texture": "#0"},
				"up": {"uv": [6.5, 5, 0, 0], "texture": "#0"},
				"down": {"uv": [6.5, 5, 0, 9.5], "texture": "#0"}
			}
		},
		{
			"from": [14, -5, 7],
			"to": [15, -4.8, 11],
			"rotation": {"angle": 22.5, "axis": "z", "origin": [0, 0, 0]},
			"faces": {
				"north": {"uv": [0, 3, 0.5, 3.1], "texture": "#0"},
				"east": {"uv": [0, 3, 1, 3.1], "texture": "#0"},
				"south": {"uv": [0, 2, 0.5, 2.1], "texture": "#0"},
				"west": {"uv": [0, 3, 1, 3.1], "texture": "#0"},
				"up": {"uv": [0.5, 1.5, 1, 3.5], "texture": "#0"},
				"down": {"uv": [0.5, 1.5, 1, 3.5], "texture": "#0"}
			}
		}
	],
	"display": {
		"thirdperson_righthand": {
			"rotation": [-11.27, 79.09, 95.63],
			"translation": [-2.25, 4.5, 4.25],
			"scale": [0.7, 0.7, 0.7]
		},
		"thirdperson_lefthand": {
			"rotation": [118, -97, 0],
			"translation": [2.5, 0.75, 6.75],
			"scale": [0.7, 0.7, 0.7]
		},
		"firstperson_righthand": {
			"rotation": [74, 87, 4],
			"translation": [0.5, 4, 3.5],
			"scale": [0.7, 0.7, 0.7]
		},
		"firstperson_lefthand": {
			"rotation": [-173.27, -80.62, 106.09],
			"translation": [2.75, 3.25, 3],
			"scale": [0.7, 0.7, 0.7]
		},
		"ground": {
			"translation": [0, 5.25, 0]
		},
		"gui": {
			"rotation": [28, 62, 24],
			"translation": [-2, 4.25, 0],
			"scale": [0.9, 0.9, 0.9]
		},
		"head": {
			"translation": [-0.5, 14, -0.75]
		},
		"fixed": {
			"rotation": [90, -90, 180],
			"translation": [1, -0.5, -6.75]
		}
	}
}