{
	"credit": "Cezar_ // BugabuseMe",
	"textures": {
		"1": "block/color/varie/scortemilitari",
		"particle": "block/color/empty"
	},
	"elements": [
		{
			"from": [4, 3, 4],
			"to": [12, 11, 12],
			"faces": {
				"north": {"uv": [8, 0, 12, 4], "texture": "#1"},
				"east": {"uv": [4, 4, 8, 8], "texture": "#1"},
				"south": {"uv": [4, 0, 8, 4], "texture": "#1"},
				"west": {"uv": [8, 4, 12, 8], "texture": "#1"},
				"up": {"uv": [4, 8, 0, 4], "texture": "#1"},
				"down": {"uv": [4, 0, 0, 4], "texture": "#1"}
			}
		}
	],
	"display": {
		"thirdperson_righthand": {
			"translation": [1.25, 5, 0]
		},
		"thirdperson_lefthand": {
			"translation": [1.25, 5, 0]
		},
		"ground": {
			"translation": [0, 2, 0]
		},
		"gui": {
			"rotation": [28.74, -39.23, -0.09],
			"translation": [0.25, 1.25, 0],
			"scale": [1.1, 1.1, 1.1]
		},
		"head": {
			"translation": [-0.25, 11.25, 0]
		}
	}
}