{
	"textures": {
		"1": "block/color/combatknife/combatknife_1",
		"2": "block/color/combatknife/combatknife_2",
		"3": "block/color/combatknife/combatknife_3",
		"4": "block/color/combatknife/combatknife_4",
		"particle": "block/color/empty"
	},
	"elements": [
		{
			"name": "hexadecagon",
			"from": [7.94033, 3, 7.7],
			"to": [8.05967, 5.5, 8.3],
			"rotation": {"angle": -45, "axis": "y", "origin": [8, 5, 8]},
			"faces": {
				"north": {"uv": [0, 0, 1, 1], "rotation": 90, "texture": "#1"},
				"east": {"uv": [0, 0, 1, 1], "rotation": 270, "texture": "#1"},
				"south": {"uv": [0, 0, 1, 1], "rotation": 270, "texture": "#1"},
				"west": {"uv": [0, 0, 1, 1], "rotation": 270, "texture": "#1"}
			}
		},
		{
			"name": "hexadecagon",
			"from": [7.94033, 3, 7.7],
			"to": [8.05967, 5.5, 8.3],
			"rotation": {"angle": -22.5, "axis": "y", "origin": [8, 5, 8]},
			"faces": {
				"north": {"uv": [0, 0, 1, 1], "rotation": 90, "texture": "#1"},
				"east": {"uv": [0, 0, 1, 1], "rotation": 270, "texture": "#1"},
				"south": {"uv": [0, 0, 1, 1], "rotation": 270, "texture": "#1"},
				"west": {"uv": [0, 0, 1, 1], "rotation": 270, "texture": "#1"}
			}
		},
		{
			"name": "hexadecagon",
			"from": [7.94033, 3, 7.7],
			"to": [8.05967, 5.5, 8.3],
			"rotation": {"angle": 0, "axis": "x", "origin": [8, 5, 8]},
			"faces": {
				"north": {"uv": [0, 0, 1, 1], "rotation": 90, "texture": "#1"},
				"east": {"uv": [0, 0, 1, 1], "rotation": 270, "texture": "#1"},
				"south": {"uv": [0, 0, 1, 1], "rotation": 270, "texture": "#1"},
				"west": {"uv": [0, 0, 1, 1], "rotation": 270, "texture": "#1"}
			}
		},
		{
			"name": "hexadecagon",
			"from": [7.94033, 3, 7.7],
			"to": [8.05967, 5.5, 8.3],
			"rotation": {"angle": 22.5, "axis": "y", "origin": [8, 5, 8]},
			"faces": {
				"north": {"uv": [0, 0, 1, 1], "rotation": 90, "texture": "#1"},
				"east": {"uv": [0, 0, 1, 1], "rotation": 270, "texture": "#1"},
				"south": {"uv": [0, 0, 1, 1], "rotation": 270, "texture": "#1"},
				"west": {"uv": [0, 0, 1, 1], "rotation": 270, "texture": "#1"}
			}
		},
		{
			"name": "hexadecagon",
			"from": [7.94033, 3, 7.7],
			"to": [8.05967, 5.5, 8.3],
			"rotation": {"angle": 45, "axis": "y", "origin": [8, 5, 8]},
			"faces": {
				"north": {"uv": [0, 0, 1, 1], "rotation": 90, "texture": "#1"},
				"east": {"uv": [0, 0, 1, 1], "rotation": 270, "texture": "#1"},
				"south": {"uv": [0, 0, 1, 1], "rotation": 270, "texture": "#1"},
				"west": {"uv": [0, 0, 1, 1], "rotation": 270, "texture": "#1"}
			}
		},
		{
			"name": "hexadecagon",
			"from": [7.7, 3, 7.94033],
			"to": [8.3, 5.5, 8.05967],
			"rotation": {"angle": -22.5, "axis": "y", "origin": [8, 5, 8]},
			"faces": {
				"north": {"uv": [0, 0, 1, 1], "rotation": 90, "texture": "#1"},
				"east": {"uv": [0, 0, 1, 1], "rotation": 270, "texture": "#1"},
				"south": {"uv": [0, 0, 1, 1], "rotation": 270, "texture": "#1"},
				"west": {"uv": [0, 0, 1, 1], "rotation": 270, "texture": "#1"}
			}
		},
		{
			"name": "hexadecagon",
			"from": [7.7, 3, 7.94033],
			"to": [8.3, 5.5, 8.05967],
			"rotation": {"angle": 0, "axis": "x", "origin": [8, 5, 8]},
			"faces": {
				"north": {"uv": [0, 0, 1, 1], "rotation": 90, "texture": "#1"},
				"east": {"uv": [0, 0, 1, 1], "rotation": 270, "texture": "#1"},
				"south": {"uv": [0, 0, 1, 1], "rotation": 270, "texture": "#1"},
				"west": {"uv": [0, 0, 1, 1], "rotation": 270, "texture": "#1"}
			}
		},
		{
			"name": "hexadecagon",
			"from": [7.7, 3, 7.94033],
			"to": [8.3, 5.5, 8.05967],
			"rotation": {"angle": 22.5, "axis": "y", "origin": [8, 5, 8]},
			"faces": {
				"north": {"uv": [0, 0, 1, 1], "rotation": 90, "texture": "#1"},
				"east": {"uv": [0, 0, 1, 1], "rotation": 270, "texture": "#1"},
				"south": {"uv": [0, 0, 1, 1], "rotation": 270, "texture": "#1"},
				"west": {"uv": [0, 0, 1, 1], "rotation": 270, "texture": "#1"}
			}
		},
		{
			"name": "hexadecagon",
			"from": [7.92779, 5.3, 7.637],
			"to": [8.07221, 5.7, 8.363],
			"rotation": {"angle": -45, "axis": "y", "origin": [8, 5.2, 8]},
			"faces": {
				"north": {"uv": [0, 0, 1, 1], "rotation": 90, "texture": "#1"},
				"south": {"uv": [0, 0, 1, 1], "rotation": 270, "texture": "#1"},
				"up": {"uv": [0, 0, 1, 1], "rotation": 270, "texture": "#1"},
				"down": {"uv": [0, 0, 1, 1], "rotation": 270, "texture": "#1"}
			}
		},
		{
			"name": "hexadecagon",
			"from": [7.92779, 5.3, 7.637],
			"to": [8.07221, 5.7, 8.363],
			"rotation": {"angle": -22.5, "axis": "y", "origin": [8, 5.2, 8]},
			"faces": {
				"north": {"uv": [0, 0, 1, 1], "rotation": 90, "texture": "#1"},
				"south": {"uv": [0, 0, 1, 1], "rotation": 270, "texture": "#1"},
				"up": {"uv": [0, 0, 1, 1], "rotation": 270, "texture": "#1"},
				"down": {"uv": [0, 0, 1, 1], "rotation": 270, "texture": "#1"}
			}
		},
		{
			"name": "hexadecagon",
			"from": [7.92779, 5.3, 7.637],
			"to": [8.07221, 5.7, 8.363],
			"rotation": {"angle": 0, "axis": "x", "origin": [8, 5.2, 8]},
			"faces": {
				"north": {"uv": [0, 0, 1, 1], "rotation": 90, "texture": "#1"},
				"south": {"uv": [0, 0, 1, 1], "rotation": 270, "texture": "#1"},
				"down": {"uv": [0, 0, 1, 1], "rotation": 270, "texture": "#1"}
			}
		},
		{
			"name": "hexadecagon",
			"from": [7.92779, 5.3, 7.637],
			"to": [8.07221, 5.7, 8.363],
			"rotation": {"angle": 22.5, "axis": "y", "origin": [8, 5.2, 8]},
			"faces": {
				"north": {"uv": [0, 0, 1, 1], "rotation": 90, "texture": "#1"},
				"south": {"uv": [0, 0, 1, 1], "rotation": 270, "texture": "#1"},
				"up": {"uv": [0, 0, 1, 1], "rotation": 270, "texture": "#1"},
				"down": {"uv": [0, 0, 1, 1], "rotation": 270, "texture": "#1"}
			}
		},
		{
			"name": "hexadecagon",
			"from": [7.92779, 5.3, 7.637],
			"to": [8.07221, 5.7, 8.363],
			"rotation": {"angle": 45, "axis": "y", "origin": [8, 5.2, 8]},
			"faces": {
				"north": {"uv": [0, 0, 1, 1], "rotation": 90, "texture": "#1"},
				"south": {"uv": [0, 0, 1, 1], "rotation": 270, "texture": "#1"},
				"up": {"uv": [0, 0, 1, 1], "rotation": 270, "texture": "#1"},
				"down": {"uv": [0, 0, 1, 1], "rotation": 270, "texture": "#1"}
			}
		},
		{
			"name": "hexadecagon",
			"from": [7.637, 5.3, 7.92779],
			"to": [8.363, 5.7, 8.07221],
			"rotation": {"angle": -22.5, "axis": "y", "origin": [8, 5.2, 8]},
			"faces": {
				"east": {"uv": [0, 0, 1, 1], "rotation": 270, "texture": "#1"},
				"west": {"uv": [0, 0, 1, 1], "rotation": 270, "texture": "#1"},
				"up": {"uv": [0, 0, 1, 1], "rotation": 270, "texture": "#1"},
				"down": {"uv": [0, 0, 1, 1], "rotation": 270, "texture": "#1"}
			}
		},
		{
			"name": "hexadecagon",
			"from": [7.637, 5.3, 7.92779],
			"to": [8.363, 5.7, 8.07221],
			"rotation": {"angle": 0, "axis": "x", "origin": [8, 5.2, 8]},
			"faces": {
				"east": {"uv": [0, 0, 1, 1], "rotation": 270, "texture": "#1"},
				"west": {"uv": [0, 0, 1, 1], "rotation": 270, "texture": "#1"},
				"down": {"uv": [0, 0, 1, 1], "rotation": 270, "texture": "#1"}
			}
		},
		{
			"name": "hexadecagon",
			"from": [7.537, 5.8, 7.9],
			"to": [8.463, 6.1, 8.1],
			"rotation": {"angle": 0, "axis": "x", "origin": [8, 5.2, 8]},
			"faces": {
				"north": {"uv": [0, 0, 1, 1], "rotation": 90, "texture": "#3"},
				"east": {"uv": [0, 0, 1, 1], "rotation": 270, "texture": "#3"},
				"south": {"uv": [0, 0, 1, 1], "rotation": 270, "texture": "#3"},
				"west": {"uv": [0, 0, 1, 1], "rotation": 270, "texture": "#3"},
				"down": {"uv": [0, 0, 1, 1], "rotation": 270, "texture": "#3"}
			}
		},
		{
			"name": "hexadecagon",
			"from": [7.537, 6.20503, 8.41213],
			"to": [8.463, 6.34645, 8.55355],
			"rotation": {"angle": -45, "axis": "x", "origin": [8, 5.60503, 8.45355]},
			"faces": {
				"east": {"uv": [0, 0, 1, 1], "rotation": 270, "texture": "#3"},
				"south": {"uv": [0, 0, 1, 1], "rotation": 270, "texture": "#3"},
				"west": {"uv": [0, 0, 1, 1], "rotation": 270, "texture": "#3"},
				"up": {"uv": [0, 0, 1, 1], "rotation": 270, "texture": "#3"}
			}
		},
		{
			"name": "hexadecagon",
			"from": [7.797, 6.1, 7.92],
			"to": [8.453, 7.1, 8.08],
			"rotation": {"angle": 0, "axis": "x", "origin": [8, 5.2, 8]},
			"faces": {
				"north": {"uv": [0, 0, 1, 1], "rotation": 90, "texture": "#4"},
				"east": {"uv": [0, 0, 1, 1], "rotation": 270, "texture": "#4"},
				"south": {"uv": [0, 0, 1, 1], "rotation": 270, "texture": "#4"},
				"west": {"uv": [0, 0, 1, 1], "rotation": 270, "texture": "#4"}
			}
		},
		{
			"name": "hexadecagon",
			"from": [7.797, 7.1, 7.92],
			"to": [8.353, 9.3, 8.08],
			"rotation": {"angle": 0, "axis": "x", "origin": [8, 5.2, 8]},
			"faces": {
				"north": {"uv": [0, 0, 1, 1], "rotation": 90, "texture": "#4"},
				"east": {"uv": [0, 0, 1, 1], "rotation": 270, "texture": "#4"},
				"south": {"uv": [0, 0, 1, 1], "rotation": 270, "texture": "#4"},
				"west": {"uv": [0, 0, 1, 1], "rotation": 270, "texture": "#4"},
				"up": {"uv": [0, 0, 1, 1], "rotation": 270, "texture": "#4"}
			}
		},
		{
			"name": "hexadecagon",
			"from": [8.097, 9.8, 7.92],
			"to": [8.453, 10.27, 8.08],
			"rotation": {"angle": 0, "axis": "x", "origin": [8, 5.2, 8]},
			"faces": {
				"north": {"uv": [0, 0, 1, 1], "rotation": 90, "texture": "#4"},
				"east": {"uv": [0, 0, 1, 1], "rotation": 270, "texture": "#4"},
				"south": {"uv": [0, 0, 1, 1], "rotation": 270, "texture": "#4"},
				"down": {"uv": [0, 0, 1, 1], "rotation": 270, "texture": "#4"}
			}
		},
		{
			"name": "hexadecagon",
			"from": [8.27701, 10.27, 7.92],
			"to": [8.453, 10.45885, 8.08],
			"rotation": {"angle": 0, "axis": "x", "origin": [8, 5.2, 8]},
			"faces": {
				"north": {"uv": [0, 0, 1, 1], "rotation": 90, "texture": "#4"},
				"east": {"uv": [0, 0, 1, 1], "rotation": 270, "texture": "#4"},
				"south": {"uv": [0, 0, 1, 1], "rotation": 270, "texture": "#4"}
			}
		},
		{
			"name": "hexadecagon",
			"from": [8.37601, 10.45885, 7.92],
			"to": [8.453, 10.55784, 8.08],
			"rotation": {"angle": 0, "axis": "x", "origin": [8, 5.2, 8]},
			"faces": {
				"north": {"uv": [0, 0, 1, 1], "rotation": 90, "texture": "#4"},
				"east": {"uv": [0, 0, 1, 1], "rotation": 270, "texture": "#4"},
				"south": {"uv": [0, 0, 1, 1], "rotation": 270, "texture": "#4"},
				"up": {"uv": [0, 0, 1, 1], "rotation": 270, "texture": "#4"}
			}
		},
		{
			"name": "hexadecagon",
			"from": [8.353, 7.3, 7.92],
			"to": [8.453, 7.35, 8.08],
			"rotation": {"angle": 0, "axis": "x", "origin": [7.996, 5.75, 8]},
			"faces": {
				"north": {"uv": [0, 0, 1, 1], "rotation": 90, "texture": "#4"},
				"east": {"uv": [0, 0, 1, 1], "rotation": 270, "texture": "#4"},
				"south": {"uv": [0, 0, 1, 1], "rotation": 270, "texture": "#4"},
				"down": {"uv": [0, 0, 1, 1], "rotation": 270, "texture": "#4"}
			}
		},
		{
			"name": "hexadecagon",
			"from": [8.353, 7.8, 7.92],
			"to": [8.453, 7.85, 8.08],
			"rotation": {"angle": 0, "axis": "x", "origin": [7.996, 6.25, 8]},
			"faces": {
				"north": {"uv": [0, 0, 1, 1], "rotation": 90, "texture": "#4"},
				"east": {"uv": [0, 0, 1, 1], "rotation": 270, "texture": "#4"},
				"south": {"uv": [0, 0, 1, 1], "rotation": 270, "texture": "#4"},
				"down": {"uv": [0, 0, 1, 1], "rotation": 270, "texture": "#4"}
			}
		},
		{
			"name": "hexadecagon",
			"from": [8.353, 8.8, 7.92],
			"to": [8.453, 8.85, 8.08],
			"rotation": {"angle": 0, "axis": "x", "origin": [7.996, 7.25, 8]},
			"faces": {
				"north": {"uv": [0, 0, 1, 1], "rotation": 90, "texture": "#4"},
				"east": {"uv": [0, 0, 1, 1], "rotation": 270, "texture": "#4"},
				"south": {"uv": [0, 0, 1, 1], "rotation": 270, "texture": "#4"},
				"down": {"uv": [0, 0, 1, 1], "rotation": 270, "texture": "#4"}
			}
		},
		{
			"name": "hexadecagon",
			"from": [8.353, 7.55, 7.92],
			"to": [8.453, 7.6, 8.08],
			"rotation": {"angle": 0, "axis": "x", "origin": [7.996, 6, 8]},
			"faces": {
				"north": {"uv": [0, 0, 1, 1], "rotation": 90, "texture": "#4"},
				"east": {"uv": [0, 0, 1, 1], "rotation": 270, "texture": "#4"},
				"south": {"uv": [0, 0, 1, 1], "rotation": 270, "texture": "#4"},
				"down": {"uv": [0, 0, 1, 1], "rotation": 270, "texture": "#4"}
			}
		},
		{
			"name": "hexadecagon",
			"from": [8.353, 8.05, 7.92],
			"to": [8.453, 8.1, 8.08],
			"rotation": {"angle": 0, "axis": "x", "origin": [7.996, 6.5, 8]},
			"faces": {
				"north": {"uv": [0, 0, 1, 1], "rotation": 90, "texture": "#4"},
				"east": {"uv": [0, 0, 1, 1], "rotation": 270, "texture": "#4"},
				"south": {"uv": [0, 0, 1, 1], "rotation": 270, "texture": "#4"},
				"down": {"uv": [0, 0, 1, 1], "rotation": 270, "texture": "#4"}
			}
		},
		{
			"name": "hexadecagon",
			"from": [8.353, 8.3, 7.92],
			"to": [8.453, 8.35, 8.08],
			"rotation": {"angle": 0, "axis": "x", "origin": [7.996, 6.5, 8]},
			"faces": {
				"north": {"uv": [0, 0, 1, 1], "rotation": 90, "texture": "#4"},
				"east": {"uv": [0, 0, 1, 1], "rotation": 270, "texture": "#4"},
				"south": {"uv": [0, 0, 1, 1], "rotation": 270, "texture": "#4"},
				"down": {"uv": [0, 0, 1, 1], "rotation": 270, "texture": "#4"}
			}
		},
		{
			"name": "hexadecagon",
			"from": [8.353, 8.55, 7.92],
			"to": [8.453, 8.6, 8.08],
			"rotation": {"angle": 0, "axis": "x", "origin": [7.996, 7, 8]},
			"faces": {
				"north": {"uv": [0, 0, 1, 1], "rotation": 90, "texture": "#4"},
				"east": {"uv": [0, 0, 1, 1], "rotation": 270, "texture": "#4"},
				"south": {"uv": [0, 0, 1, 1], "rotation": 270, "texture": "#4"},
				"down": {"uv": [0, 0, 1, 1], "rotation": 270, "texture": "#4"}
			}
		},
		{
			"name": "hexadecagon",
			"from": [8.303, 9.05, 7.92],
			"to": [8.453, 9.8, 8.08],
			"rotation": {"angle": 0, "axis": "x", "origin": [7.996, 7.5, 8]},
			"faces": {
				"north": {"uv": [0, 0, 1, 1], "rotation": 90, "texture": "#4"},
				"east": {"uv": [0, 0, 1, 1], "rotation": 270, "texture": "#4"},
				"south": {"uv": [0, 0, 1, 1], "rotation": 270, "texture": "#4"},
				"west": {"uv": [0, 0, 1, 1], "rotation": 270, "texture": "#4"},
				"down": {"uv": [0, 0, 1, 1], "rotation": 270, "texture": "#4"}
			}
		},
		{
			"name": "hexadecagon",
			"from": [7.897, 9.3, 7.92],
			"to": [8.103, 9.8, 8.08],
			"rotation": {"angle": 0, "axis": "x", "origin": [7.996, 7.5, 8]},
			"faces": {
				"north": {"uv": [0, 0, 1, 1], "rotation": 90, "texture": "#4"},
				"east": {"uv": [0, 0, 1, 1], "rotation": 270, "texture": "#4"},
				"south": {"uv": [0, 0, 1, 1], "rotation": 270, "texture": "#4"}
			}
		},
		{
			"name": "hexadecagon",
			"from": [8.103, 9.19, 7.92],
			"to": [8.303, 9.29, 8.08],
			"rotation": {"angle": 22.5, "axis": "z", "origin": [8.203, 9.25, 8]},
			"faces": {
				"north": {"uv": [0, 0, 1, 1], "rotation": 90, "texture": "#4"},
				"south": {"uv": [0, 0, 1, 1], "rotation": 270, "texture": "#4"},
				"up": {"uv": [0, 0, 1, 1], "rotation": 270, "texture": "#4"}
			}
		},
		{
			"name": "hexadecagon",
			"from": [8.103, 9.81, 7.92],
			"to": [8.303, 9.91, 8.08],
			"rotation": {"angle": -22.5, "axis": "z", "origin": [8.203, 9.85, 8]},
			"faces": {
				"north": {"uv": [1, 0, 0, 1], "rotation": 90, "texture": "#4"},
				"south": {"uv": [1, 0, 0, 1], "rotation": 270, "texture": "#4"},
				"down": {"uv": [1, 0, 0, 1], "rotation": 270, "texture": "#4"}
			}
		},
		{
			"name": "hexadecagon",
			"from": [8.103, 9.19, 7.92],
			"to": [8.303, 9.29, 8.08],
			"rotation": {"angle": -22.5, "axis": "z", "origin": [8.203, 9.25, 8]},
			"faces": {
				"north": {"uv": [0, 0, 1, 1], "rotation": 270, "texture": "#4"},
				"south": {"uv": [0, 0, 1, 1], "rotation": 90, "texture": "#4"},
				"up": {"uv": [0, 0, 1, 1], "rotation": 90, "texture": "#4"}
			}
		},
		{
			"name": "hexadecagon",
			"from": [8.103, 9.81, 7.92],
			"to": [8.303, 9.91, 8.08],
			"rotation": {"angle": 22.5, "axis": "z", "origin": [8.203, 9.85, 8]},
			"faces": {
				"north": {"uv": [1, 0, 0, 1], "rotation": 270, "texture": "#4"},
				"south": {"uv": [1, 0, 0, 1], "rotation": 90, "texture": "#4"},
				"down": {"uv": [1, 0, 0, 1], "rotation": 90, "texture": "#4"}
			}
		},
		{
			"name": "hexadecagon",
			"from": [8.193, 9.16, 7.92],
			"to": [8.393, 9.26, 8.08],
			"rotation": {"angle": 45, "axis": "z", "origin": [8.203, 9.25, 8]},
			"faces": {
				"north": {"uv": [0, 0, 1, 1], "rotation": 90, "texture": "#4"},
				"south": {"uv": [0, 0, 1, 1], "rotation": 270, "texture": "#4"},
				"up": {"uv": [0, 0, 1, 1], "rotation": 270, "texture": "#4"}
			}
		},
		{
			"name": "hexadecagon",
			"from": [8.193, 9.84, 7.92],
			"to": [8.393, 9.94, 8.08],
			"rotation": {"angle": -45, "axis": "z", "origin": [8.203, 9.85, 8]},
			"faces": {
				"north": {"uv": [1, 0, 0, 1], "rotation": 90, "texture": "#4"},
				"south": {"uv": [1, 0, 0, 1], "rotation": 270, "texture": "#4"},
				"down": {"uv": [1, 0, 0, 1], "rotation": 270, "texture": "#4"}
			}
		},
		{
			"name": "hexadecagon",
			"from": [8.013, 9.16, 7.92],
			"to": [8.213, 9.26, 8.08],
			"rotation": {"angle": -45, "axis": "z", "origin": [8.203, 9.25, 8]},
			"faces": {
				"north": {"uv": [0, 0, 1, 1], "rotation": 270, "texture": "#4"},
				"south": {"uv": [0, 0, 1, 1], "rotation": 90, "texture": "#4"},
				"up": {"uv": [0, 0, 1, 1], "rotation": 90, "texture": "#4"}
			}
		},
		{
			"name": "hexadecagon",
			"from": [8.013, 9.84, 7.92],
			"to": [8.213, 9.94, 8.08],
			"rotation": {"angle": 45, "axis": "z", "origin": [8.203, 9.85, 8]},
			"faces": {
				"north": {"uv": [1, 0, 0, 1], "rotation": 270, "texture": "#4"},
				"south": {"uv": [1, 0, 0, 1], "rotation": 90, "texture": "#4"},
				"down": {"uv": [1, 0, 0, 1], "rotation": 90, "texture": "#4"}
			}
		},
		{
			"name": "hexadecagon",
			"from": [8.243, 9.24, 7.92],
			"to": [8.343, 9.44, 8.08],
			"rotation": {"angle": -22.5, "axis": "z", "origin": [8.203, 9.25, 8]},
			"faces": {
				"north": {"uv": [0, 0, 1, 1], "rotation": 180, "texture": "#4"},
				"south": {"uv": [0, 0, 1, 1], "rotation": 180, "texture": "#4"},
				"west": {"uv": [0, 0, 1, 1], "rotation": 180, "texture": "#4"}
			}
		},
		{
			"name": "hexadecagon",
			"from": [8.243, 9.66, 7.92],
			"to": [8.343, 9.86, 8.08],
			"rotation": {"angle": 22.5, "axis": "z", "origin": [8.203, 9.85, 8]},
			"faces": {
				"north": {"uv": [0, 1, 1, 0], "rotation": 180, "texture": "#4"},
				"south": {"uv": [0, 1, 1, 0], "rotation": 180, "texture": "#4"},
				"west": {"uv": [0, 1, 1, 0], "rotation": 180, "texture": "#4"}
			}
		},
		{
			"name": "hexadecagon",
			"from": [8.063, 9.24, 7.92],
			"to": [8.163, 9.44, 8.08],
			"rotation": {"angle": 22.5, "axis": "z", "origin": [8.203, 9.25, 8]},
			"faces": {
				"north": {"uv": [0, 0, 1, 1], "rotation": 180, "texture": "#4"},
				"east": {"uv": [0, 0, 1, 1], "rotation": 180, "texture": "#4"},
				"south": {"uv": [0, 0, 1, 1], "rotation": 180, "texture": "#4"}
			}
		},
		{
			"name": "hexadecagon",
			"from": [8.063, 9.66, 7.92],
			"to": [8.163, 9.86, 8.08],
			"rotation": {"angle": -22.5, "axis": "z", "origin": [8.203, 9.85, 8]},
			"faces": {
				"north": {"uv": [0, 1, 1, 0], "rotation": 180, "texture": "#4"},
				"east": {"uv": [0, 1, 1, 0], "rotation": 180, "texture": "#4"},
				"south": {"uv": [0, 1, 1, 0], "rotation": 180, "texture": "#4"}
			}
		},
		{
			"name": "hexadecagon",
			"from": [7.797, 9.3, 7.92],
			"to": [7.903, 9.6, 8.08],
			"rotation": {"angle": 0, "axis": "x", "origin": [7.996, 7.5, 8]},
			"faces": {
				"north": {"uv": [0, 0, 1, 1], "rotation": 90, "texture": "#4"},
				"south": {"uv": [0, 0, 1, 1], "rotation": 270, "texture": "#4"},
				"west": {"uv": [0, 0, 1, 1], "rotation": 270, "texture": "#4"}
			}
		},
		{
			"name": "hexadecagon",
			"from": [7.85037, 9.5683, 7.92],
			"to": [8.06637, 10.2683, 8.08],
			"rotation": {"angle": -22.5, "axis": "z", "origin": [7.90337, 9.7183, 8]},
			"faces": {
				"north": {"uv": [0, 0, 1, 1], "rotation": 90, "texture": "#4"},
				"south": {"uv": [0, 0, 1, 1], "rotation": 270, "texture": "#4"},
				"west": {"uv": [0, 0, 1, 1], "rotation": 270, "texture": "#4"}
			}
		},
		{
			"name": "hexadecagon",
			"from": [8.15542, 10.16531, 7.92],
			"to": [8.37142, 10.46531, 8.08],
			"rotation": {"angle": -45, "axis": "z", "origin": [8.20842, 10.31531, 8]},
			"faces": {
				"north": {"uv": [0, 0, 1, 1], "rotation": 90, "texture": "#4"},
				"south": {"uv": [0, 0, 1, 1], "rotation": 270, "texture": "#4"},
				"west": {"uv": [0, 0, 1, 1], "rotation": 270, "texture": "#4"}
			}
		},
		{
			"name": "hexadecagon",
			"from": [8.15542, 10.46531, 7.92],
			"to": [8.25542, 10.60531, 8.08],
			"rotation": {"angle": -45, "axis": "z", "origin": [8.20842, 10.31531, 8]},
			"faces": {
				"north": {"uv": [0, 0, 1, 1], "rotation": 90, "texture": "#4"},
				"south": {"uv": [0, 0, 1, 1], "rotation": 270, "texture": "#4"},
				"west": {"uv": [0, 0, 1, 1], "rotation": 270, "texture": "#4"},
				"up": {"uv": [0, 0, 1, 1], "rotation": 270, "texture": "#4"}
			}
		},
		{
			"name": "hexadecagon",
			"from": [8.31719, 7.07078, 7.92],
			"to": [8.44719, 7.17078, 8.08],
			"rotation": {"angle": -22.5, "axis": "z", "origin": [8.27219, 7.12078, 8]},
			"faces": {
				"north": {"uv": [0, 0, 1, 1], "rotation": 180, "texture": "#4"},
				"south": {"uv": [0, 0, 1, 1], "rotation": 180, "texture": "#4"},
				"up": {"uv": [0, 0, 1, 1], "rotation": 180, "texture": "#4"}
			}
		},
		{
			"name": "hexadecagon",
			"from": [8.31719, 7.62078, 7.92],
			"to": [8.44719, 7.67078, 8.08],
			"rotation": {"angle": -22.5, "axis": "z", "origin": [8.27219, 7.62078, 8]},
			"faces": {
				"north": {"uv": [0, 0, 1, 1], "rotation": 180, "texture": "#4"},
				"south": {"uv": [0, 0, 1, 1], "rotation": 180, "texture": "#4"},
				"up": {"uv": [0, 0, 1, 1], "rotation": 180, "texture": "#4"}
			}
		},
		{
			"name": "hexadecagon",
			"from": [8.31719, 8.12078, 7.92],
			"to": [8.44719, 8.17078, 8.08],
			"rotation": {"angle": -22.5, "axis": "z", "origin": [8.27219, 8.12078, 8]},
			"faces": {
				"north": {"uv": [0, 0, 1, 1], "rotation": 180, "texture": "#4"},
				"south": {"uv": [0, 0, 1, 1], "rotation": 180, "texture": "#4"},
				"up": {"uv": [0, 0, 1, 1], "rotation": 180, "texture": "#4"}
			}
		},
		{
			"name": "hexadecagon",
			"from": [8.31719, 8.62078, 7.92],
			"to": [8.44719, 8.67078, 8.08],
			"rotation": {"angle": -22.5, "axis": "z", "origin": [8.27219, 8.62078, 8]},
			"faces": {
				"north": {"uv": [0, 0, 1, 1], "rotation": 180, "texture": "#4"},
				"south": {"uv": [0, 0, 1, 1], "rotation": 180, "texture": "#4"},
				"up": {"uv": [0, 0, 1, 1], "rotation": 180, "texture": "#4"}
			}
		},
		{
			"name": "hexadecagon",
			"from": [8.31719, 7.37078, 7.92],
			"to": [8.44719, 7.42078, 8.08],
			"rotation": {"angle": -22.5, "axis": "z", "origin": [8.27219, 7.37078, 8]},
			"faces": {
				"north": {"uv": [0, 0, 1, 1], "rotation": 180, "texture": "#4"},
				"south": {"uv": [0, 0, 1, 1], "rotation": 180, "texture": "#4"},
				"up": {"uv": [0, 0, 1, 1], "rotation": 180, "texture": "#4"}
			}
		},
		{
			"name": "hexadecagon",
			"from": [8.31719, 7.87078, 7.92],
			"to": [8.44719, 7.92078, 8.08],
			"rotation": {"angle": -22.5, "axis": "z", "origin": [8.27219, 7.87078, 8]},
			"faces": {
				"north": {"uv": [0, 0, 1, 1], "rotation": 180, "texture": "#4"},
				"south": {"uv": [0, 0, 1, 1], "rotation": 180, "texture": "#4"},
				"up": {"uv": [0, 0, 1, 1], "rotation": 180, "texture": "#4"}
			}
		},
		{
			"name": "hexadecagon",
			"from": [8.31719, 8.37078, 7.92],
			"to": [8.44719, 8.42078, 8.08],
			"rotation": {"angle": -22.5, "axis": "z", "origin": [8.27219, 8.37078, 8]},
			"faces": {
				"north": {"uv": [0, 0, 1, 1], "rotation": 180, "texture": "#4"},
				"south": {"uv": [0, 0, 1, 1], "rotation": 180, "texture": "#4"},
				"up": {"uv": [0, 0, 1, 1], "rotation": 180, "texture": "#4"}
			}
		},
		{
			"name": "hexadecagon",
			"from": [8.31719, 8.87078, 7.92],
			"to": [8.44719, 8.92078, 8.08],
			"rotation": {"angle": -22.5, "axis": "z", "origin": [8.27219, 8.87078, 8]},
			"faces": {
				"north": {"uv": [0, 0, 1, 1], "rotation": 180, "texture": "#4"},
				"south": {"uv": [0, 0, 1, 1], "rotation": 180, "texture": "#4"},
				"up": {"uv": [0, 0, 1, 1], "rotation": 180, "texture": "#4"}
			}
		},
		{
			"name": "hexadecagon",
			"from": [8.37719, 7.36078, 7.92],
			"to": [8.44719, 7.37078, 8.08],
			"rotation": {"angle": -22.5, "axis": "z", "origin": [8.27219, 7.32078, 8]},
			"faces": {
				"north": {"uv": [0, 0, 1, 1], "rotation": 180, "texture": "#4"},
				"east": {"uv": [0, 0, 1, 1], "rotation": 180, "texture": "#4"},
				"south": {"uv": [0, 0, 1, 1], "rotation": 180, "texture": "#4"},
				"down": {"uv": [0, 0, 1, 1], "rotation": 180, "texture": "#4"}
			}
		},
		{
			"name": "hexadecagon",
			"from": [8.37719, 7.86078, 7.92],
			"to": [8.44719, 7.87078, 8.08],
			"rotation": {"angle": -22.5, "axis": "z", "origin": [8.27219, 7.82078, 8]},
			"faces": {
				"north": {"uv": [0, 0, 1, 1], "rotation": 180, "texture": "#4"},
				"east": {"uv": [0, 0, 1, 1], "rotation": 180, "texture": "#4"},
				"south": {"uv": [0, 0, 1, 1], "rotation": 180, "texture": "#4"},
				"down": {"uv": [0, 0, 1, 1], "rotation": 180, "texture": "#4"}
			}
		},
		{
			"name": "hexadecagon",
			"from": [8.37719, 8.36078, 7.92],
			"to": [8.44719, 8.37078, 8.08],
			"rotation": {"angle": -22.5, "axis": "z", "origin": [8.27219, 8.32078, 8]},
			"faces": {
				"north": {"uv": [0, 0, 1, 1], "rotation": 180, "texture": "#4"},
				"east": {"uv": [0, 0, 1, 1], "rotation": 180, "texture": "#4"},
				"south": {"uv": [0, 0, 1, 1], "rotation": 180, "texture": "#4"},
				"down": {"uv": [0, 0, 1, 1], "rotation": 180, "texture": "#4"}
			}
		},
		{
			"name": "hexadecagon",
			"from": [8.37719, 8.86078, 7.92],
			"to": [8.44719, 8.87078, 8.08],
			"rotation": {"angle": -22.5, "axis": "z", "origin": [8.27219, 8.82078, 8]},
			"faces": {
				"north": {"uv": [0, 0, 1, 1], "rotation": 180, "texture": "#4"},
				"east": {"uv": [0, 0, 1, 1], "rotation": 180, "texture": "#4"},
				"south": {"uv": [0, 0, 1, 1], "rotation": 180, "texture": "#4"},
				"down": {"uv": [0, 0, 1, 1], "rotation": 180, "texture": "#4"}
			}
		},
		{
			"name": "hexadecagon",
			"from": [8.37719, 7.61078, 7.92],
			"to": [8.44719, 7.62078, 8.08],
			"rotation": {"angle": -22.5, "axis": "z", "origin": [8.27219, 7.57078, 8]},
			"faces": {
				"north": {"uv": [0, 0, 1, 1], "rotation": 180, "texture": "#4"},
				"east": {"uv": [0, 0, 1, 1], "rotation": 180, "texture": "#4"},
				"south": {"uv": [0, 0, 1, 1], "rotation": 180, "texture": "#4"},
				"down": {"uv": [0, 0, 1, 1], "rotation": 180, "texture": "#4"}
			}
		},
		{
			"name": "hexadecagon",
			"from": [8.37719, 8.11078, 7.92],
			"to": [8.44719, 8.12078, 8.08],
			"rotation": {"angle": -22.5, "axis": "z", "origin": [8.27219, 8.07078, 8]},
			"faces": {
				"north": {"uv": [0, 0, 1, 1], "rotation": 180, "texture": "#4"},
				"east": {"uv": [0, 0, 1, 1], "rotation": 180, "texture": "#4"},
				"south": {"uv": [0, 0, 1, 1], "rotation": 180, "texture": "#4"},
				"down": {"uv": [0, 0, 1, 1], "rotation": 180, "texture": "#4"}
			}
		},
		{
			"name": "hexadecagon",
			"from": [8.37719, 8.61078, 7.92],
			"to": [8.44719, 8.62078, 8.08],
			"rotation": {"angle": -22.5, "axis": "z", "origin": [8.27219, 8.57078, 8]},
			"faces": {
				"north": {"uv": [0, 0, 1, 1], "rotation": 180, "texture": "#4"},
				"east": {"uv": [0, 0, 1, 1], "rotation": 180, "texture": "#4"},
				"south": {"uv": [0, 0, 1, 1], "rotation": 180, "texture": "#4"},
				"down": {"uv": [0, 0, 1, 1], "rotation": 180, "texture": "#4"}
			}
		},
		{
			"name": "hexadecagon",
			"from": [8.37719, 9.11078, 7.92],
			"to": [8.44719, 9.12078, 8.08],
			"rotation": {"angle": -22.5, "axis": "z", "origin": [8.27219, 9.07078, 8]},
			"faces": {
				"north": {"uv": [0, 0, 1, 1], "rotation": 180, "texture": "#4"},
				"east": {"uv": [0, 0, 1, 1], "rotation": 180, "texture": "#4"},
				"south": {"uv": [0, 0, 1, 1], "rotation": 180, "texture": "#4"},
				"down": {"uv": [0, 0, 1, 1], "rotation": 180, "texture": "#4"}
			}
		},
		{
			"name": "hexadecagon",
			"from": [8.26719, 7.1208, 7.92],
			"to": [8.39719, 7.2208, 8.08],
			"rotation": {"angle": -45, "axis": "z", "origin": [8.27219, 7.12078, 8]},
			"faces": {
				"north": {"uv": [0, 0, 1, 1], "rotation": 180, "texture": "#4"},
				"south": {"uv": [0, 0, 1, 1], "rotation": 180, "texture": "#4"},
				"up": {"uv": [0, 0, 1, 1], "rotation": 180, "texture": "#4"}
			}
		},
		{
			"name": "hexadecagon",
			"from": [8.26719, 7.6208, 7.92],
			"to": [8.39719, 7.7208, 8.08],
			"rotation": {"angle": -45, "axis": "z", "origin": [8.27219, 7.62078, 8]},
			"faces": {
				"north": {"uv": [0, 0, 1, 1], "rotation": 180, "texture": "#4"},
				"south": {"uv": [0, 0, 1, 1], "rotation": 180, "texture": "#4"},
				"up": {"uv": [0, 0, 1, 1], "rotation": 180, "texture": "#4"}
			}
		},
		{
			"name": "hexadecagon",
			"from": [8.26719, 8.1208, 7.92],
			"to": [8.39719, 8.2208, 8.08],
			"rotation": {"angle": -45, "axis": "z", "origin": [8.27219, 8.12078, 8]},
			"faces": {
				"north": {"uv": [0, 0, 1, 1], "rotation": 180, "texture": "#4"},
				"south": {"uv": [0, 0, 1, 1], "rotation": 180, "texture": "#4"},
				"up": {"uv": [0, 0, 1, 1], "rotation": 180, "texture": "#4"}
			}
		},
		{
			"name": "hexadecagon",
			"from": [8.26719, 8.6208, 7.92],
			"to": [8.39719, 8.7208, 8.08],
			"rotation": {"angle": -45, "axis": "z", "origin": [8.27219, 8.62078, 8]},
			"faces": {
				"north": {"uv": [0, 0, 1, 1], "rotation": 180, "texture": "#4"},
				"south": {"uv": [0, 0, 1, 1], "rotation": 180, "texture": "#4"},
				"up": {"uv": [0, 0, 1, 1], "rotation": 180, "texture": "#4"}
			}
		},
		{
			"name": "hexadecagon",
			"from": [8.26719, 7.3708, 7.92],
			"to": [8.39719, 7.4708, 8.08],
			"rotation": {"angle": -45, "axis": "z", "origin": [8.27219, 7.37078, 8]},
			"faces": {
				"north": {"uv": [0, 0, 1, 1], "rotation": 180, "texture": "#4"},
				"south": {"uv": [0, 0, 1, 1], "rotation": 180, "texture": "#4"},
				"up": {"uv": [0, 0, 1, 1], "rotation": 180, "texture": "#4"}
			}
		},
		{
			"name": "hexadecagon",
			"from": [8.26719, 7.8708, 7.92],
			"to": [8.39719, 7.9708, 8.08],
			"rotation": {"angle": -45, "axis": "z", "origin": [8.27219, 7.87078, 8]},
			"faces": {
				"north": {"uv": [0, 0, 1, 1], "rotation": 180, "texture": "#4"},
				"south": {"uv": [0, 0, 1, 1], "rotation": 180, "texture": "#4"},
				"up": {"uv": [0, 0, 1, 1], "rotation": 180, "texture": "#4"}
			}
		},
		{
			"name": "hexadecagon",
			"from": [8.26719, 8.3708, 7.92],
			"to": [8.39719, 8.4708, 8.08],
			"rotation": {"angle": -45, "axis": "z", "origin": [8.27219, 8.37078, 8]},
			"faces": {
				"north": {"uv": [0, 0, 1, 1], "rotation": 180, "texture": "#4"},
				"south": {"uv": [0, 0, 1, 1], "rotation": 180, "texture": "#4"},
				"up": {"uv": [0, 0, 1, 1], "rotation": 180, "texture": "#4"}
			}
		},
		{
			"name": "hexadecagon",
			"from": [8.26719, 8.8708, 7.92],
			"to": [8.39719, 8.9708, 8.08],
			"rotation": {"angle": -45, "axis": "z", "origin": [8.27219, 8.87078, 8]},
			"faces": {
				"north": {"uv": [0, 0, 1, 1], "rotation": 180, "texture": "#4"},
				"south": {"uv": [0, 0, 1, 1], "rotation": 180, "texture": "#4"},
				"up": {"uv": [0, 0, 1, 1], "rotation": 180, "texture": "#4"}
			}
		},
		{
			"name": "hexadecagon",
			"from": [8.28221, 7.07578, 7.92],
			"to": [8.38221, 7.20578, 8.08],
			"rotation": {"angle": 22.5, "axis": "z", "origin": [8.27219, 7.12078, 8]},
			"faces": {
				"north": {"uv": [0, 0, 1, 1], "rotation": 90, "texture": "#4"},
				"east": {"uv": [0, 0, 1, 1], "rotation": 270, "texture": "#4"},
				"south": {"uv": [0, 0, 1, 1], "rotation": 270, "texture": "#4"}
			}
		},
		{
			"name": "hexadecagon",
			"from": [8.28221, 7.57578, 7.92],
			"to": [8.38221, 7.70578, 8.08],
			"rotation": {"angle": 22.5, "axis": "z", "origin": [8.27219, 7.62078, 8]},
			"faces": {
				"north": {"uv": [0, 0, 1, 1], "rotation": 90, "texture": "#4"},
				"east": {"uv": [0, 0, 1, 1], "rotation": 270, "texture": "#4"},
				"south": {"uv": [0, 0, 1, 1], "rotation": 270, "texture": "#4"}
			}
		},
		{
			"name": "hexadecagon",
			"from": [8.28221, 8.07578, 7.92],
			"to": [8.38221, 8.20578, 8.08],
			"rotation": {"angle": 22.5, "axis": "z", "origin": [8.27219, 8.12078, 8]},
			"faces": {
				"north": {"uv": [0, 0, 1, 1], "rotation": 90, "texture": "#4"},
				"east": {"uv": [0, 0, 1, 1], "rotation": 270, "texture": "#4"},
				"south": {"uv": [0, 0, 1, 1], "rotation": 270, "texture": "#4"}
			}
		},
		{
			"name": "hexadecagon",
			"from": [8.28221, 8.57578, 7.92],
			"to": [8.38221, 8.70578, 8.08],
			"rotation": {"angle": 22.5, "axis": "z", "origin": [8.27219, 8.62078, 8]},
			"faces": {
				"north": {"uv": [0, 0, 1, 1], "rotation": 90, "texture": "#4"},
				"east": {"uv": [0, 0, 1, 1], "rotation": 270, "texture": "#4"},
				"south": {"uv": [0, 0, 1, 1], "rotation": 270, "texture": "#4"}
			}
		},
		{
			"name": "hexadecagon",
			"from": [8.28221, 7.32578, 7.92],
			"to": [8.38221, 7.45578, 8.08],
			"rotation": {"angle": 22.5, "axis": "z", "origin": [8.27219, 7.37078, 8]},
			"faces": {
				"north": {"uv": [0, 0, 1, 1], "rotation": 90, "texture": "#4"},
				"east": {"uv": [0, 0, 1, 1], "rotation": 270, "texture": "#4"},
				"south": {"uv": [0, 0, 1, 1], "rotation": 270, "texture": "#4"}
			}
		},
		{
			"name": "hexadecagon",
			"from": [8.28221, 7.82578, 7.92],
			"to": [8.38221, 7.95578, 8.08],
			"rotation": {"angle": 22.5, "axis": "z", "origin": [8.27219, 7.87078, 8]},
			"faces": {
				"north": {"uv": [0, 0, 1, 1], "rotation": 90, "texture": "#4"},
				"east": {"uv": [0, 0, 1, 1], "rotation": 270, "texture": "#4"},
				"south": {"uv": [0, 0, 1, 1], "rotation": 270, "texture": "#4"}
			}
		},
		{
			"name": "hexadecagon",
			"from": [8.28221, 8.32578, 7.92],
			"to": [8.38221, 8.45578, 8.08],
			"rotation": {"angle": 22.5, "axis": "z", "origin": [8.27219, 8.37078, 8]},
			"faces": {
				"north": {"uv": [0, 0, 1, 1], "rotation": 90, "texture": "#4"},
				"east": {"uv": [0, 0, 1, 1], "rotation": 270, "texture": "#4"},
				"south": {"uv": [0, 0, 1, 1], "rotation": 270, "texture": "#4"}
			}
		},
		{
			"name": "hexadecagon",
			"from": [8.28221, 8.82578, 7.92],
			"to": [8.38221, 8.95578, 8.08],
			"rotation": {"angle": 22.5, "axis": "z", "origin": [8.27219, 8.87078, 8]},
			"faces": {
				"north": {"uv": [0, 0, 1, 1], "rotation": 90, "texture": "#4"},
				"east": {"uv": [0, 0, 1, 1], "rotation": 270, "texture": "#4"},
				"south": {"uv": [0, 0, 1, 1], "rotation": 270, "texture": "#4"}
			}
		},
		{
			"name": "hexadecagon",
			"from": [8.13719, 7.2558, 7.92],
			"to": [8.26719, 7.3558, 8.08],
			"rotation": {"angle": -45, "axis": "z", "origin": [8.27219, 7.17078, 8]},
			"faces": {
				"north": {"uv": [0, 0, 1, 1], "rotation": 180, "texture": "#4"},
				"east": {"uv": [0, 0, 1, 1], "rotation": 180, "texture": "#4"},
				"south": {"uv": [0, 0, 1, 1], "rotation": 180, "texture": "#4"}
			}
		},
		{
			"name": "hexadecagon",
			"from": [8.13719, 7.7558, 7.92],
			"to": [8.26719, 7.8558, 8.08],
			"rotation": {"angle": -45, "axis": "z", "origin": [8.27219, 7.67078, 8]},
			"faces": {
				"north": {"uv": [0, 0, 1, 1], "rotation": 180, "texture": "#4"},
				"east": {"uv": [0, 0, 1, 1], "rotation": 180, "texture": "#4"},
				"south": {"uv": [0, 0, 1, 1], "rotation": 180, "texture": "#4"}
			}
		},
		{
			"name": "hexadecagon",
			"from": [8.13719, 8.2558, 7.92],
			"to": [8.26719, 8.3558, 8.08],
			"rotation": {"angle": -45, "axis": "z", "origin": [8.27219, 8.17078, 8]},
			"faces": {
				"north": {"uv": [0, 0, 1, 1], "rotation": 180, "texture": "#4"},
				"east": {"uv": [0, 0, 1, 1], "rotation": 180, "texture": "#4"},
				"south": {"uv": [0, 0, 1, 1], "rotation": 180, "texture": "#4"}
			}
		},
		{
			"name": "hexadecagon",
			"from": [8.13719, 8.7558, 7.92],
			"to": [8.26719, 8.8558, 8.08],
			"rotation": {"angle": -45, "axis": "z", "origin": [8.27219, 8.67078, 8]},
			"faces": {
				"north": {"uv": [0, 0, 1, 1], "rotation": 180, "texture": "#4"},
				"east": {"uv": [0, 0, 1, 1], "rotation": 180, "texture": "#4"},
				"south": {"uv": [0, 0, 1, 1], "rotation": 180, "texture": "#4"}
			}
		},
		{
			"name": "hexadecagon",
			"from": [8.13719, 7.5058, 7.92],
			"to": [8.26719, 7.6058, 8.08],
			"rotation": {"angle": -45, "axis": "z", "origin": [8.27219, 7.42078, 8]},
			"faces": {
				"north": {"uv": [0, 0, 1, 1], "rotation": 180, "texture": "#4"},
				"east": {"uv": [0, 0, 1, 1], "rotation": 180, "texture": "#4"},
				"south": {"uv": [0, 0, 1, 1], "rotation": 180, "texture": "#4"}
			}
		},
		{
			"name": "hexadecagon",
			"from": [8.13719, 8.0058, 7.92],
			"to": [8.26719, 8.1058, 8.08],
			"rotation": {"angle": -45, "axis": "z", "origin": [8.27219, 7.92078, 8]},
			"faces": {
				"north": {"uv": [0, 0, 1, 1], "rotation": 180, "texture": "#4"},
				"east": {"uv": [0, 0, 1, 1], "rotation": 180, "texture": "#4"},
				"south": {"uv": [0, 0, 1, 1], "rotation": 180, "texture": "#4"}
			}
		},
		{
			"name": "hexadecagon",
			"from": [8.13719, 8.5058, 7.92],
			"to": [8.26719, 8.6058, 8.08],
			"rotation": {"angle": -45, "axis": "z", "origin": [8.27219, 8.42078, 8]},
			"faces": {
				"north": {"uv": [0, 0, 1, 1], "rotation": 180, "texture": "#4"},
				"east": {"uv": [0, 0, 1, 1], "rotation": 180, "texture": "#4"},
				"south": {"uv": [0, 0, 1, 1], "rotation": 180, "texture": "#4"}
			}
		},
		{
			"name": "hexadecagon",
			"from": [8.13719, 9.0058, 7.92],
			"to": [8.26719, 9.1058, 8.08],
			"rotation": {"angle": -45, "axis": "z", "origin": [8.27219, 8.92078, 8]},
			"faces": {
				"north": {"uv": [0, 0, 1, 1], "rotation": 180, "texture": "#4"},
				"east": {"uv": [0, 0, 1, 1], "rotation": 180, "texture": "#4"},
				"south": {"uv": [0, 0, 1, 1], "rotation": 180, "texture": "#4"}
			}
		},
		{
			"name": "hexadecagon",
			"from": [7.597, 6.1, 7.96],
			"to": [8.003, 9.7, 8.04],
			"rotation": {"angle": 0, "axis": "x", "origin": [8, 5.2, 8]},
			"faces": {
				"north": {"uv": [0, 0, 1, 1], "rotation": 90, "texture": "#4"},
				"south": {"uv": [0, 0, 1, 1], "rotation": 270, "texture": "#4"},
				"west": {"uv": [0, 0, 1, 1], "rotation": 270, "texture": "#4"}
			}
		},
		{
			"name": "hexadecagon",
			"from": [6.07386, 9.84265, 7.96],
			"to": [6.47986, 10.74265, 8.04],
			"rotation": {"angle": -22.5, "axis": "z", "origin": [6.47686, 5.94265, 8]},
			"faces": {
				"north": {"uv": [0, 0, 1, 1], "rotation": 90, "texture": "#4"},
				"south": {"uv": [0, 0, 1, 1], "rotation": 270, "texture": "#4"},
				"west": {"uv": [0, 0, 1, 1], "rotation": 270, "texture": "#4"}
			}
		},
		{
			"name": "hexadecagon",
			"from": [8.20016, 10.25615, 7.96],
			"to": [8.50616, 10.65615, 8.04],
			"rotation": {"angle": -45, "axis": "z", "origin": [8.40316, 10.70615, 8]},
			"faces": {
				"north": {"uv": [0, 0, 1, 1], "rotation": 90, "texture": "#4"},
				"south": {"uv": [0, 0, 1, 1], "rotation": 270, "texture": "#4"},
				"west": {"uv": [0, 0, 1, 1], "rotation": 270, "texture": "#4"}
			}
		},
		{
			"name": "hexadecagon",
			"from": [8.20016, 10.65615, 7.96],
			"to": [8.30616, 10.85615, 8.04],
			"rotation": {"angle": -45, "axis": "z", "origin": [8.40316, 10.70615, 8]},
			"faces": {
				"north": {"uv": [0, 0, 1, 1], "rotation": 90, "texture": "#4"},
				"south": {"uv": [0, 0, 1, 1], "rotation": 270, "texture": "#4"},
				"west": {"uv": [0, 0, 1, 1], "rotation": 270, "texture": "#4"}
			}
		},
		{
			"name": "hexadecagon",
			"from": [8.22426, 10.35784, 7.96],
			"to": [8.453, 10.81433, 8.04],
			"rotation": {"angle": 0, "axis": "z", "origin": [8.35, 10.60784, 8.04]},
			"faces": {
				"north": {"uv": [0, 0, 1, 1], "rotation": 90, "texture": "#4"},
				"east": {"uv": [0, 0, 1, 1], "rotation": 270, "texture": "#4"},
				"south": {"uv": [0, 0, 1, 1], "rotation": 270, "texture": "#4"}
			}
		},
		{
			"name": "hexadecagon",
			"from": [8.36568, 10.79784, 7.96],
			"to": [8.453, 10.95576, 8.04],
			"rotation": {"angle": 0, "axis": "z", "origin": [8.35, 10.60784, 8.04]},
			"faces": {
				"north": {"uv": [0, 0, 1, 1], "rotation": 90, "texture": "#4"},
				"east": {"uv": [0, 0, 1, 1], "rotation": 270, "texture": "#4"},
				"south": {"uv": [0, 0, 1, 1], "rotation": 270, "texture": "#4"},
				"up": {"uv": [0, 0, 1, 1], "rotation": 270, "texture": "#4"}
			}
		},
		{
			"name": "hexadecagon",
			"from": [7.547, 6.1, 7.99],
			"to": [7.803, 9.9, 8.01],
			"rotation": {"angle": 0, "axis": "x", "origin": [8, 5.2, 8]},
			"faces": {
				"north": {"uv": [0, 0, 1, 1], "rotation": 90, "texture": "#4"},
				"south": {"uv": [0, 0, 1, 1], "rotation": 270, "texture": "#4"},
				"west": {"uv": [0, 0, 1, 1], "rotation": 270, "texture": "#4"}
			}
		},
		{
			"name": "hexadecagon",
			"from": [7.69033, 9.82057, 7.99],
			"to": [7.94633, 10.82057, 8.01],
			"rotation": {"angle": -22.5, "axis": "z", "origin": [7.81833, 10.22057, 8]},
			"faces": {
				"north": {"uv": [0, 0, 1, 1], "rotation": 90, "texture": "#4"},
				"south": {"uv": [0, 0, 1, 1], "rotation": 270, "texture": "#4"},
				"west": {"uv": [0, 0, 1, 1], "rotation": 270, "texture": "#4"}
			}
		},
		{
			"name": "hexadecagon",
			"from": [8.17504, 10.61621, 7.99],
			"to": [8.43104, 11.08621, 8.01],
			"rotation": {"angle": -45, "axis": "z", "origin": [8.30304, 11.01621, 8]},
			"faces": {
				"north": {"uv": [0, 0, 1, 1], "rotation": 90, "texture": "#4"},
				"south": {"uv": [0, 0, 1, 1], "rotation": 270, "texture": "#4"},
				"west": {"uv": [0, 0, 1, 1], "rotation": 270, "texture": "#4"}
			}
		},
		{
			"name": "hexadecagon",
			"from": [8.17504, 11.08621, 7.99],
			"to": [8.31104, 11.21621, 8.01],
			"rotation": {"angle": -45, "axis": "z", "origin": [8.30304, 11.01621, 8]},
			"faces": {
				"north": {"uv": [0, 0, 1, 1], "rotation": 90, "texture": "#4"},
				"south": {"uv": [0, 0, 1, 1], "rotation": 270, "texture": "#4"},
				"west": {"uv": [0, 0, 1, 1], "rotation": 270, "texture": "#4"}
			}
		},
		{
			"name": "hexadecagon",
			"from": [8.17504, 11.21621, 7.99],
			"to": [8.24508, 11.28625, 8.01],
			"rotation": {"angle": -45, "axis": "z", "origin": [8.30304, 11.01621, 8]},
			"faces": {
				"north": {"uv": [0, 0, 1, 1], "rotation": 90, "texture": "#4"},
				"south": {"uv": [0, 0, 1, 1], "rotation": 270, "texture": "#4"},
				"west": {"uv": [0, 0, 1, 1], "rotation": 270, "texture": "#4"}
			}
		},
		{
			"name": "hexadecagon",
			"from": [8.17504, 11.28621, 7.99],
			"to": [8.21006, 11.32127, 8.01],
			"rotation": {"angle": -45, "axis": "z", "origin": [8.30304, 11.01621, 8]},
			"faces": {
				"north": {"uv": [0, 0, 1, 1], "rotation": 90, "texture": "#4"},
				"south": {"uv": [0, 0, 1, 1], "rotation": 270, "texture": "#4"},
				"west": {"uv": [0, 0, 1, 1], "rotation": 270, "texture": "#4"}
			}
		},
		{
			"name": "hexadecagon",
			"from": [8.26202, 10.95576, 7.99],
			"to": [8.453, 11.15622, 8.01],
			"rotation": {"angle": 0, "axis": "z", "origin": [8.325, 11.35576, 8.03]},
			"faces": {
				"north": {"uv": [0, 0, 1, 1], "rotation": 90, "texture": "#4"},
				"east": {"uv": [0, 0, 1, 1], "rotation": 270, "texture": "#4"},
				"south": {"uv": [0, 0, 1, 1], "rotation": 270, "texture": "#4"},
				"west": {"uv": [0, 0, 1, 1], "rotation": 270, "texture": "#4"},
				"up": {"uv": [0, 0, 1, 1], "rotation": 270, "texture": "#4"}
			}
		},
		{
			"name": "hexadecagon",
			"from": [8.35395, 11.15576, 7.99],
			"to": [8.453, 11.24814, 8.01],
			"rotation": {"angle": 0, "axis": "z", "origin": [8.325, 11.35576, 8.03]},
			"faces": {
				"north": {"uv": [0, 0, 1, 1], "rotation": 90, "texture": "#4"},
				"east": {"uv": [0, 0, 1, 1], "rotation": 270, "texture": "#4"},
				"south": {"uv": [0, 0, 1, 1], "rotation": 270, "texture": "#4"}
			}
		},
		{
			"name": "hexadecagon",
			"from": [8.40347, 11.24576, 7.99],
			"to": [8.453, 11.29767, 8.01],
			"rotation": {"angle": 0, "axis": "z", "origin": [8.325, 11.35576, 8.03]},
			"faces": {
				"north": {"uv": [0, 0, 1, 1], "rotation": 90, "texture": "#4"},
				"east": {"uv": [0, 0, 1, 1], "rotation": 270, "texture": "#4"},
				"south": {"uv": [0, 0, 1, 1], "rotation": 270, "texture": "#4"},
				"west": {"uv": [0, 0, 1, 1], "rotation": 270, "texture": "#4"},
				"up": {"uv": [0, 0, 1, 1], "rotation": 270, "texture": "#4"}
			}
		},
		{
			"name": "hexadecagon",
			"from": [8.42824, 11.29576, 7.99],
			"to": [8.453, 11.32243, 8.01],
			"rotation": {"angle": 0, "axis": "z", "origin": [8.325, 11.35576, 8.03]},
			"faces": {
				"north": {"uv": [0, 0, 1, 1], "rotation": 90, "texture": "#4"},
				"east": {"uv": [0, 0, 1, 1], "rotation": 270, "texture": "#4"},
				"south": {"uv": [0, 0, 1, 1], "rotation": 270, "texture": "#4"},
				"up": {"uv": [0, 0, 1, 1], "rotation": 270, "texture": "#4"}
			}
		},
		{
			"name": "hexadecagon",
			"from": [7.637, 5.3, 7.92779],
			"to": [8.363, 5.7, 8.07221],
			"rotation": {"angle": 22.5, "axis": "y", "origin": [8, 5.2, 8]},
			"faces": {
				"east": {"uv": [0, 0, 1, 1], "rotation": 270, "texture": "#1"},
				"west": {"uv": [0, 0, 1, 1], "rotation": 270, "texture": "#1"},
				"up": {"uv": [0, 0, 1, 1], "rotation": 270, "texture": "#1"},
				"down": {"uv": [0, 0, 1, 1], "rotation": 270, "texture": "#1"}
			}
		},
		{
			"name": "hexadecagon",
			"from": [7.93502, 4.8, 7.6733],
			"to": [8.06498, 5.15, 8.3267],
			"rotation": {"angle": -45, "axis": "y", "origin": [8, 4.6, 8]},
			"faces": {
				"north": {"uv": [0, 0, 1, 1], "rotation": 90, "texture": "#1"},
				"east": {"uv": [0, 0, 1, 1], "rotation": 270, "texture": "#1"},
				"south": {"uv": [0, 0, 1, 1], "rotation": 270, "texture": "#1"},
				"west": {"uv": [0, 0, 1, 1], "rotation": 270, "texture": "#1"},
				"up": {"uv": [0, 0, 1, 1], "rotation": 270, "texture": "#1"},
				"down": {"uv": [0, 0, 1, 1], "rotation": 270, "texture": "#1"}
			}
		},
		{
			"name": "hexadecagon",
			"from": [7.93502, 4.8, 7.6733],
			"to": [8.06498, 5.15, 8.3267],
			"rotation": {"angle": -22.5, "axis": "y", "origin": [8, 4.6, 8]},
			"faces": {
				"north": {"uv": [0, 0, 1, 1], "rotation": 90, "texture": "#1"},
				"east": {"uv": [0, 0, 1, 1], "rotation": 270, "texture": "#1"},
				"south": {"uv": [0, 0, 1, 1], "rotation": 270, "texture": "#1"},
				"west": {"uv": [0, 0, 1, 1], "rotation": 270, "texture": "#1"},
				"up": {"uv": [0, 0, 1, 1], "rotation": 270, "texture": "#1"},
				"down": {"uv": [0, 0, 1, 1], "rotation": 270, "texture": "#1"}
			}
		},
		{
			"name": "hexadecagon",
			"from": [7.93502, 4.8, 7.6733],
			"to": [8.06498, 5.15, 8.3267],
			"rotation": {"angle": 22.5, "axis": "y", "origin": [8, 4.6, 8]},
			"faces": {
				"north": {"uv": [0, 0, 1, 1], "rotation": 90, "texture": "#1"},
				"east": {"uv": [0, 0, 1, 1], "rotation": 270, "texture": "#1"},
				"south": {"uv": [0, 0, 1, 1], "rotation": 270, "texture": "#1"},
				"west": {"uv": [0, 0, 1, 1], "rotation": 270, "texture": "#1"},
				"up": {"uv": [0, 0, 1, 1], "rotation": 270, "texture": "#1"},
				"down": {"uv": [0, 0, 1, 1], "rotation": 270, "texture": "#1"}
			}
		},
		{
			"name": "hexadecagon",
			"from": [7.93502, 4.8, 7.6733],
			"to": [8.06498, 5.15, 8.3267],
			"rotation": {"angle": 45, "axis": "y", "origin": [8, 4.6, 8]},
			"faces": {
				"north": {"uv": [0, 0, 1, 1], "rotation": 90, "texture": "#1"},
				"east": {"uv": [0, 0, 1, 1], "rotation": 270, "texture": "#1"},
				"south": {"uv": [0, 0, 1, 1], "rotation": 270, "texture": "#1"},
				"west": {"uv": [0, 0, 1, 1], "rotation": 270, "texture": "#1"},
				"up": {"uv": [0, 0, 1, 1], "rotation": 270, "texture": "#1"},
				"down": {"uv": [0, 0, 1, 1], "rotation": 270, "texture": "#1"}
			}
		},
		{
			"name": "hexadecagon",
			"from": [7.6733, 4.8, 7.93502],
			"to": [8.3267, 5.15, 8.06498],
			"rotation": {"angle": -22.5, "axis": "y", "origin": [8, 4.6, 8]},
			"faces": {
				"north": {"uv": [0, 0, 1, 1], "rotation": 90, "texture": "#1"},
				"east": {"uv": [0, 0, 1, 1], "rotation": 270, "texture": "#1"},
				"south": {"uv": [0, 0, 1, 1], "rotation": 270, "texture": "#1"},
				"west": {"uv": [0, 0, 1, 1], "rotation": 270, "texture": "#1"},
				"up": {"uv": [0, 0, 1, 1], "rotation": 270, "texture": "#1"},
				"down": {"uv": [0, 0, 1, 1], "rotation": 270, "texture": "#1"}
			}
		},
		{
			"name": "hexadecagon",
			"from": [7.6733, 4.8, 7.93502],
			"to": [8.3267, 5.15, 8.06498],
			"rotation": {"angle": 0, "axis": "x", "origin": [8, 4.6, 8]},
			"faces": {
				"north": {"uv": [0, 0, 1, 1], "rotation": 90, "texture": "#1"},
				"east": {"uv": [0, 0, 1, 1], "rotation": 270, "texture": "#1"},
				"south": {"uv": [0, 0, 1, 1], "rotation": 270, "texture": "#1"},
				"west": {"uv": [0, 0, 1, 1], "rotation": 270, "texture": "#1"},
				"up": {"uv": [0, 0, 1, 1], "rotation": 270, "texture": "#1"},
				"down": {"uv": [0, 0, 1, 1], "rotation": 270, "texture": "#1"}
			}
		},
		{
			"name": "hexadecagon",
			"from": [7.6733, 4.8, 7.93502],
			"to": [8.3267, 5.15, 8.06498],
			"rotation": {"angle": 22.5, "axis": "y", "origin": [8, 4.6, 8]},
			"faces": {
				"north": {"uv": [0, 0, 1, 1], "rotation": 90, "texture": "#1"},
				"east": {"uv": [0, 0, 1, 1], "rotation": 270, "texture": "#1"},
				"south": {"uv": [0, 0, 1, 1], "rotation": 270, "texture": "#1"},
				"west": {"uv": [0, 0, 1, 1], "rotation": 270, "texture": "#1"},
				"up": {"uv": [0, 0, 1, 1], "rotation": 270, "texture": "#1"},
				"down": {"uv": [0, 0, 1, 1], "rotation": 270, "texture": "#1"}
			}
		},
		{
			"name": "hexadecagon",
			"from": [7.93502, 4.3, 7.6733],
			"to": [8.06498, 4.65, 8.3267],
			"rotation": {"angle": -45, "axis": "y", "origin": [8, 4.1, 8]},
			"faces": {
				"north": {"uv": [0, 0, 1, 1], "rotation": 90, "texture": "#1"},
				"east": {"uv": [0, 0, 1, 1], "rotation": 270, "texture": "#1"},
				"south": {"uv": [0, 0, 1, 1], "rotation": 270, "texture": "#1"},
				"west": {"uv": [0, 0, 1, 1], "rotation": 270, "texture": "#1"},
				"up": {"uv": [0, 0, 1, 1], "rotation": 270, "texture": "#1"},
				"down": {"uv": [0, 0, 1, 1], "rotation": 270, "texture": "#1"}
			}
		},
		{
			"name": "hexadecagon",
			"from": [7.93502, 4.3, 7.6733],
			"to": [8.06498, 4.65, 8.3267],
			"rotation": {"angle": -22.5, "axis": "y", "origin": [8, 4.1, 8]},
			"faces": {
				"north": {"uv": [0, 0, 1, 1], "rotation": 90, "texture": "#1"},
				"east": {"uv": [0, 0, 1, 1], "rotation": 270, "texture": "#1"},
				"south": {"uv": [0, 0, 1, 1], "rotation": 270, "texture": "#1"},
				"west": {"uv": [0, 0, 1, 1], "rotation": 270, "texture": "#1"},
				"up": {"uv": [0, 0, 1, 1], "rotation": 270, "texture": "#1"},
				"down": {"uv": [0, 0, 1, 1], "rotation": 270, "texture": "#1"}
			}
		},
		{
			"name": "hexadecagon",
			"from": [7.93502, 4.3, 7.6733],
			"to": [8.06498, 4.65, 8.3267],
			"rotation": {"angle": 22.5, "axis": "y", "origin": [8, 4.1, 8]},
			"faces": {
				"north": {"uv": [0, 0, 1, 1], "rotation": 90, "texture": "#1"},
				"east": {"uv": [0, 0, 1, 1], "rotation": 270, "texture": "#1"},
				"south": {"uv": [0, 0, 1, 1], "rotation": 270, "texture": "#1"},
				"west": {"uv": [0, 0, 1, 1], "rotation": 270, "texture": "#1"},
				"up": {"uv": [0, 0, 1, 1], "rotation": 270, "texture": "#1"},
				"down": {"uv": [0, 0, 1, 1], "rotation": 270, "texture": "#1"}
			}
		},
		{
			"name": "hexadecagon",
			"from": [7.93502, 4.3, 7.6733],
			"to": [8.06498, 4.65, 8.3267],
			"rotation": {"angle": 45, "axis": "y", "origin": [8, 4.1, 8]},
			"faces": {
				"north": {"uv": [0, 0, 1, 1], "rotation": 90, "texture": "#1"},
				"east": {"uv": [0, 0, 1, 1], "rotation": 270, "texture": "#1"},
				"south": {"uv": [0, 0, 1, 1], "rotation": 270, "texture": "#1"},
				"west": {"uv": [0, 0, 1, 1], "rotation": 270, "texture": "#1"},
				"up": {"uv": [0, 0, 1, 1], "rotation": 270, "texture": "#1"},
				"down": {"uv": [0, 0, 1, 1], "rotation": 270, "texture": "#1"}
			}
		},
		{
			"name": "hexadecagon",
			"from": [7.6733, 4.3, 7.93502],
			"to": [8.3267, 4.65, 8.06498],
			"rotation": {"angle": -22.5, "axis": "y", "origin": [8, 4.1, 8]},
			"faces": {
				"north": {"uv": [0, 0, 1, 1], "rotation": 90, "texture": "#1"},
				"east": {"uv": [0, 0, 1, 1], "rotation": 270, "texture": "#1"},
				"south": {"uv": [0, 0, 1, 1], "rotation": 270, "texture": "#1"},
				"west": {"uv": [0, 0, 1, 1], "rotation": 270, "texture": "#1"},
				"up": {"uv": [0, 0, 1, 1], "rotation": 270, "texture": "#1"},
				"down": {"uv": [0, 0, 1, 1], "rotation": 270, "texture": "#1"}
			}
		},
		{
			"name": "hexadecagon",
			"from": [7.6733, 4.3, 7.93502],
			"to": [8.3267, 4.65, 8.06498],
			"rotation": {"angle": 0, "axis": "x", "origin": [8, 4.1, 8]},
			"faces": {
				"north": {"uv": [0, 0, 1, 1], "rotation": 90, "texture": "#1"},
				"east": {"uv": [0, 0, 1, 1], "rotation": 270, "texture": "#1"},
				"south": {"uv": [0, 0, 1, 1], "rotation": 270, "texture": "#1"},
				"west": {"uv": [0, 0, 1, 1], "rotation": 270, "texture": "#1"},
				"up": {"uv": [0, 0, 1, 1], "rotation": 270, "texture": "#1"},
				"down": {"uv": [0, 0, 1, 1], "rotation": 270, "texture": "#1"}
			}
		},
		{
			"name": "hexadecagon",
			"from": [7.6733, 4.3, 7.93502],
			"to": [8.3267, 4.65, 8.06498],
			"rotation": {"angle": 22.5, "axis": "y", "origin": [8, 4.1, 8]},
			"faces": {
				"north": {"uv": [0, 0, 1, 1], "rotation": 90, "texture": "#1"},
				"east": {"uv": [0, 0, 1, 1], "rotation": 270, "texture": "#1"},
				"south": {"uv": [0, 0, 1, 1], "rotation": 270, "texture": "#1"},
				"west": {"uv": [0, 0, 1, 1], "rotation": 270, "texture": "#1"},
				"up": {"uv": [0, 0, 1, 1], "rotation": 270, "texture": "#1"},
				"down": {"uv": [0, 0, 1, 1], "rotation": 270, "texture": "#1"}
			}
		},
		{
			"name": "hexadecagon",
			"from": [7.93502, 3.8, 7.6733],
			"to": [8.06498, 4.15, 8.3267],
			"rotation": {"angle": -45, "axis": "y", "origin": [8, 3.6, 8]},
			"faces": {
				"north": {"uv": [0, 0, 1, 1], "rotation": 90, "texture": "#1"},
				"east": {"uv": [0, 0, 1, 1], "rotation": 270, "texture": "#1"},
				"south": {"uv": [0, 0, 1, 1], "rotation": 270, "texture": "#1"},
				"west": {"uv": [0, 0, 1, 1], "rotation": 270, "texture": "#1"},
				"up": {"uv": [0, 0, 1, 1], "rotation": 270, "texture": "#1"},
				"down": {"uv": [0, 0, 1, 1], "rotation": 270, "texture": "#1"}
			}
		},
		{
			"name": "hexadecagon",
			"from": [7.93502, 3.8, 7.6733],
			"to": [8.06498, 4.15, 8.3267],
			"rotation": {"angle": -22.5, "axis": "y", "origin": [8, 3.6, 8]},
			"faces": {
				"north": {"uv": [0, 0, 1, 1], "rotation": 90, "texture": "#1"},
				"east": {"uv": [0, 0, 1, 1], "rotation": 270, "texture": "#1"},
				"south": {"uv": [0, 0, 1, 1], "rotation": 270, "texture": "#1"},
				"west": {"uv": [0, 0, 1, 1], "rotation": 270, "texture": "#1"},
				"up": {"uv": [0, 0, 1, 1], "rotation": 270, "texture": "#1"},
				"down": {"uv": [0, 0, 1, 1], "rotation": 270, "texture": "#1"}
			}
		},
		{
			"name": "hexadecagon",
			"from": [7.93502, 3.8, 7.6733],
			"to": [8.06498, 4.15, 8.3267],
			"rotation": {"angle": 22.5, "axis": "y", "origin": [8, 3.6, 8]},
			"faces": {
				"north": {"uv": [0, 0, 1, 1], "rotation": 90, "texture": "#1"},
				"east": {"uv": [0, 0, 1, 1], "rotation": 270, "texture": "#1"},
				"south": {"uv": [0, 0, 1, 1], "rotation": 270, "texture": "#1"},
				"west": {"uv": [0, 0, 1, 1], "rotation": 270, "texture": "#1"},
				"up": {"uv": [0, 0, 1, 1], "rotation": 270, "texture": "#1"},
				"down": {"uv": [0, 0, 1, 1], "rotation": 270, "texture": "#1"}
			}
		},
		{
			"name": "hexadecagon",
			"from": [7.93502, 3.8, 7.6733],
			"to": [8.06498, 4.15, 8.3267],
			"rotation": {"angle": 45, "axis": "y", "origin": [8, 3.6, 8]},
			"faces": {
				"north": {"uv": [0, 0, 1, 1], "rotation": 90, "texture": "#1"},
				"east": {"uv": [0, 0, 1, 1], "rotation": 270, "texture": "#1"},
				"south": {"uv": [0, 0, 1, 1], "rotation": 270, "texture": "#1"},
				"west": {"uv": [0, 0, 1, 1], "rotation": 270, "texture": "#1"},
				"up": {"uv": [0, 0, 1, 1], "rotation": 270, "texture": "#1"},
				"down": {"uv": [0, 0, 1, 1], "rotation": 270, "texture": "#1"}
			}
		},
		{
			"name": "hexadecagon",
			"from": [7.6733, 3.8, 7.93502],
			"to": [8.3267, 4.15, 8.06498],
			"rotation": {"angle": -22.5, "axis": "y", "origin": [8, 3.6, 8]},
			"faces": {
				"north": {"uv": [0, 0, 1, 1], "rotation": 90, "texture": "#1"},
				"east": {"uv": [0, 0, 1, 1], "rotation": 270, "texture": "#1"},
				"south": {"uv": [0, 0, 1, 1], "rotation": 270, "texture": "#1"},
				"west": {"uv": [0, 0, 1, 1], "rotation": 270, "texture": "#1"},
				"up": {"uv": [0, 0, 1, 1], "rotation": 270, "texture": "#1"},
				"down": {"uv": [0, 0, 1, 1], "rotation": 270, "texture": "#1"}
			}
		},
		{
			"name": "hexadecagon",
			"from": [7.6733, 3.8, 7.93502],
			"to": [8.3267, 4.15, 8.06498],
			"rotation": {"angle": 0, "axis": "x", "origin": [8, 3.6, 8]},
			"faces": {
				"north": {"uv": [0, 0, 1, 1], "rotation": 90, "texture": "#1"},
				"east": {"uv": [0, 0, 1, 1], "rotation": 270, "texture": "#1"},
				"south": {"uv": [0, 0, 1, 1], "rotation": 270, "texture": "#1"},
				"west": {"uv": [0, 0, 1, 1], "rotation": 270, "texture": "#1"},
				"up": {"uv": [0, 0, 1, 1], "rotation": 270, "texture": "#1"},
				"down": {"uv": [0, 0, 1, 1], "rotation": 270, "texture": "#1"}
			}
		},
		{
			"name": "hexadecagon",
			"from": [7.6733, 3.8, 7.93502],
			"to": [8.3267, 4.15, 8.06498],
			"rotation": {"angle": 22.5, "axis": "y", "origin": [8, 3.6, 8]},
			"faces": {
				"north": {"uv": [0, 0, 1, 1], "rotation": 90, "texture": "#1"},
				"east": {"uv": [0, 0, 1, 1], "rotation": 270, "texture": "#1"},
				"south": {"uv": [0, 0, 1, 1], "rotation": 270, "texture": "#1"},
				"west": {"uv": [0, 0, 1, 1], "rotation": 270, "texture": "#1"},
				"up": {"uv": [0, 0, 1, 1], "rotation": 270, "texture": "#1"},
				"down": {"uv": [0, 0, 1, 1], "rotation": 270, "texture": "#1"}
			}
		},
		{
			"name": "hexadecagon",
			"from": [7.93502, 3.3, 7.6733],
			"to": [8.06498, 3.65, 8.3267],
			"rotation": {"angle": -45, "axis": "y", "origin": [8, 3.1, 8]},
			"faces": {
				"north": {"uv": [0, 0, 1, 1], "rotation": 90, "texture": "#1"},
				"east": {"uv": [0, 0, 1, 1], "rotation": 270, "texture": "#1"},
				"south": {"uv": [0, 0, 1, 1], "rotation": 270, "texture": "#1"},
				"west": {"uv": [0, 0, 1, 1], "rotation": 270, "texture": "#1"},
				"up": {"uv": [0, 0, 1, 1], "rotation": 270, "texture": "#1"},
				"down": {"uv": [0, 0, 1, 1], "rotation": 270, "texture": "#1"}
			}
		},
		{
			"name": "hexadecagon",
			"from": [7.93502, 3.3, 7.6733],
			"to": [8.06498, 3.65, 8.3267],
			"rotation": {"angle": -22.5, "axis": "y", "origin": [8, 3.1, 8]},
			"faces": {
				"north": {"uv": [0, 0, 1, 1], "rotation": 90, "texture": "#1"},
				"east": {"uv": [0, 0, 1, 1], "rotation": 270, "texture": "#1"},
				"south": {"uv": [0, 0, 1, 1], "rotation": 270, "texture": "#1"},
				"west": {"uv": [0, 0, 1, 1], "rotation": 270, "texture": "#1"},
				"up": {"uv": [0, 0, 1, 1], "rotation": 270, "texture": "#1"},
				"down": {"uv": [0, 0, 1, 1], "rotation": 270, "texture": "#1"}
			}
		},
		{
			"name": "hexadecagon",
			"from": [7.93502, 3.3, 7.6733],
			"to": [8.06498, 3.65, 8.3267],
			"rotation": {"angle": 22.5, "axis": "y", "origin": [8, 3.1, 8]},
			"faces": {
				"north": {"uv": [0, 0, 1, 1], "rotation": 90, "texture": "#1"},
				"east": {"uv": [0, 0, 1, 1], "rotation": 270, "texture": "#1"},
				"south": {"uv": [0, 0, 1, 1], "rotation": 270, "texture": "#1"},
				"west": {"uv": [0, 0, 1, 1], "rotation": 270, "texture": "#1"},
				"up": {"uv": [0, 0, 1, 1], "rotation": 270, "texture": "#1"},
				"down": {"uv": [0, 0, 1, 1], "rotation": 270, "texture": "#1"}
			}
		},
		{
			"name": "hexadecagon",
			"from": [7.93502, 3.3, 7.6733],
			"to": [8.06498, 3.65, 8.3267],
			"rotation": {"angle": 45, "axis": "y", "origin": [8, 3.1, 8]},
			"faces": {
				"north": {"uv": [0, 0, 1, 1], "rotation": 90, "texture": "#1"},
				"east": {"uv": [0, 0, 1, 1], "rotation": 270, "texture": "#1"},
				"south": {"uv": [0, 0, 1, 1], "rotation": 270, "texture": "#1"},
				"west": {"uv": [0, 0, 1, 1], "rotation": 270, "texture": "#1"},
				"up": {"uv": [0, 0, 1, 1], "rotation": 270, "texture": "#1"},
				"down": {"uv": [0, 0, 1, 1], "rotation": 270, "texture": "#1"}
			}
		},
		{
			"name": "hexadecagon",
			"from": [7.6733, 3.3, 7.93502],
			"to": [8.3267, 3.65, 8.06498],
			"rotation": {"angle": -22.5, "axis": "y", "origin": [8, 3.1, 8]},
			"faces": {
				"north": {"uv": [0, 0, 1, 1], "rotation": 90, "texture": "#1"},
				"east": {"uv": [0, 0, 1, 1], "rotation": 270, "texture": "#1"},
				"south": {"uv": [0, 0, 1, 1], "rotation": 270, "texture": "#1"},
				"west": {"uv": [0, 0, 1, 1], "rotation": 270, "texture": "#1"},
				"up": {"uv": [0, 0, 1, 1], "rotation": 270, "texture": "#1"},
				"down": {"uv": [0, 0, 1, 1], "rotation": 270, "texture": "#1"}
			}
		},
		{
			"name": "hexadecagon",
			"from": [7.6733, 3.3, 7.93502],
			"to": [8.3267, 3.65, 8.06498],
			"rotation": {"angle": 0, "axis": "x", "origin": [8, 3.1, 8]},
			"faces": {
				"north": {"uv": [0, 0, 1, 1], "rotation": 90, "texture": "#1"},
				"east": {"uv": [0, 0, 1, 1], "rotation": 270, "texture": "#1"},
				"south": {"uv": [0, 0, 1, 1], "rotation": 270, "texture": "#1"},
				"west": {"uv": [0, 0, 1, 1], "rotation": 270, "texture": "#1"},
				"up": {"uv": [0, 0, 1, 1], "rotation": 270, "texture": "#1"},
				"down": {"uv": [0, 0, 1, 1], "rotation": 270, "texture": "#1"}
			}
		},
		{
			"name": "hexadecagon",
			"from": [7.6733, 3.3, 7.93502],
			"to": [8.3267, 3.65, 8.06498],
			"rotation": {"angle": 22.5, "axis": "y", "origin": [8, 3.1, 8]},
			"faces": {
				"north": {"uv": [0, 0, 1, 1], "rotation": 90, "texture": "#1"},
				"east": {"uv": [0, 0, 1, 1], "rotation": 270, "texture": "#1"},
				"south": {"uv": [0, 0, 1, 1], "rotation": 270, "texture": "#1"},
				"west": {"uv": [0, 0, 1, 1], "rotation": 270, "texture": "#1"},
				"up": {"uv": [0, 0, 1, 1], "rotation": 270, "texture": "#1"},
				"down": {"uv": [0, 0, 1, 1], "rotation": 270, "texture": "#1"}
			}
		},
		{
			"name": "hexadecagon",
			"from": [7.92779, 2.55, 7.637],
			"to": [8.07221, 3.15, 8.363],
			"rotation": {"angle": -45, "axis": "y", "origin": [8, 2.65, 8]},
			"faces": {
				"north": {"uv": [0, 0, 1, 1], "rotation": 90, "texture": "#1"},
				"south": {"uv": [0, 0, 1, 1], "rotation": 270, "texture": "#1"},
				"up": {"uv": [0, 0, 1, 1], "rotation": 270, "texture": "#1"}
			}
		},
		{
			"name": "hexadecagon",
			"from": [7.92779, 2.55, 7.637],
			"to": [8.07221, 3.15, 8.363],
			"rotation": {"angle": -22.5, "axis": "y", "origin": [8, 2.65, 8]},
			"faces": {
				"north": {"uv": [0, 0, 1, 1], "rotation": 90, "texture": "#1"},
				"south": {"uv": [0, 0, 1, 1], "rotation": 270, "texture": "#1"},
				"up": {"uv": [0, 0, 1, 1], "rotation": 270, "texture": "#1"}
			}
		},
		{
			"name": "hexadecagon",
			"from": [7.92779, 2.55, 7.637],
			"to": [8.07221, 3.15, 8.363],
			"rotation": {"angle": 0, "axis": "x", "origin": [8, 2.65, 8]},
			"faces": {
				"north": {"uv": [0, 0, 1, 1], "rotation": 90, "texture": "#1"},
				"south": {"uv": [0, 0, 1, 1], "rotation": 270, "texture": "#1"},
				"up": {"uv": [0, 0, 1, 1], "rotation": 270, "texture": "#1"}
			}
		},
		{
			"name": "hexadecagon",
			"from": [7.92779, 2.55, 7.637],
			"to": [8.07221, 3.15, 8.363],
			"rotation": {"angle": 22.5, "axis": "y", "origin": [8, 2.65, 8]},
			"faces": {
				"north": {"uv": [0, 0, 1, 1], "rotation": 90, "texture": "#1"},
				"south": {"uv": [0, 0, 1, 1], "rotation": 270, "texture": "#1"},
				"up": {"uv": [0, 0, 1, 1], "rotation": 270, "texture": "#1"}
			}
		},
		{
			"name": "hexadecagon",
			"from": [7.92779, 2.55, 7.637],
			"to": [8.07221, 3.15, 8.363],
			"rotation": {"angle": 45, "axis": "y", "origin": [8, 2.65, 8]},
			"faces": {
				"north": {"uv": [0, 0, 1, 1], "rotation": 90, "texture": "#1"},
				"south": {"uv": [0, 0, 1, 1], "rotation": 270, "texture": "#1"},
				"up": {"uv": [0, 0, 1, 1], "rotation": 270, "texture": "#1"}
			}
		},
		{
			"name": "hexadecagon",
			"from": [7.637, 2.55, 7.92779],
			"to": [8.363, 3.15, 8.07221],
			"rotation": {"angle": -22.5, "axis": "y", "origin": [8, 2.65, 8]},
			"faces": {
				"east": {"uv": [0, 0, 1, 1], "rotation": 270, "texture": "#1"},
				"west": {"uv": [0, 0, 1, 1], "rotation": 270, "texture": "#1"},
				"up": {"uv": [0, 0, 1, 1], "rotation": 270, "texture": "#1"}
			}
		},
		{
			"name": "hexadecagon",
			"from": [7.637, 2.55, 7.92779],
			"to": [8.363, 3.15, 8.07221],
			"rotation": {"angle": 0, "axis": "x", "origin": [8, 2.65, 8]},
			"faces": {
				"east": {"uv": [0, 0, 1, 1], "rotation": 270, "texture": "#1"},
				"west": {"uv": [0, 0, 1, 1], "rotation": 270, "texture": "#1"},
				"up": {"uv": [0, 0, 1, 1], "rotation": 270, "texture": "#1"}
			}
		},
		{
			"name": "hexadecagon",
			"from": [7.637, 2.55, 7.92779],
			"to": [8.363, 3.15, 8.07221],
			"rotation": {"angle": 22.5, "axis": "y", "origin": [8, 2.65, 8]},
			"faces": {
				"east": {"uv": [0, 0, 1, 1], "rotation": 270, "texture": "#1"},
				"west": {"uv": [0, 0, 1, 1], "rotation": 270, "texture": "#1"},
				"up": {"uv": [0, 0, 1, 1], "rotation": 270, "texture": "#1"}
			}
		},
		{
			"name": "hexadecagon",
			"from": [7.92346, 2.35, 7.61522],
			"to": [8.07654, 2.95, 8.38478],
			"rotation": {"angle": -45, "axis": "y", "origin": [8, 2.65, 8]},
			"faces": {
				"north": {"uv": [0, 0, 1, 1], "rotation": 90, "texture": "#2"},
				"south": {"uv": [0, 0, 1, 1], "rotation": 270, "texture": "#2"},
				"up": {"uv": [0, 0, 1, 1], "rotation": 270, "texture": "#2"},
				"down": {"uv": [0, 0, 1, 1], "rotation": 270, "texture": "#2"}
			}
		},
		{
			"name": "hexadecagon",
			"from": [7.92346, 2.35, 7.61522],
			"to": [8.07654, 2.95, 8.38478],
			"rotation": {"angle": -22.5, "axis": "y", "origin": [8, 2.65, 8]},
			"faces": {
				"north": {"uv": [0, 0, 1, 1], "rotation": 90, "texture": "#2"},
				"south": {"uv": [0, 0, 1, 1], "rotation": 270, "texture": "#2"},
				"up": {"uv": [0, 0, 1, 1], "rotation": 270, "texture": "#2"},
				"down": {"uv": [0, 0, 1, 1], "rotation": 270, "texture": "#2"}
			}
		},
		{
			"name": "hexadecagon",
			"from": [7.92346, 2.35, 7.61522],
			"to": [8.07654, 2.95, 8.38478],
			"rotation": {"angle": 0, "axis": "x", "origin": [8, 2.65, 8]},
			"faces": {
				"north": {"uv": [0, 0, 1, 1], "rotation": 90, "texture": "#2"},
				"south": {"uv": [0, 0, 1, 1], "rotation": 270, "texture": "#2"},
				"up": {"uv": [0, 0, 1, 1], "rotation": 270, "texture": "#2"},
				"down": {"uv": [0, 0, 1, 1], "rotation": 270, "texture": "#2"}
			}
		},
		{
			"name": "hexadecagon",
			"from": [7.92346, 2.35, 7.61522],
			"to": [8.07654, 2.95, 8.38478],
			"rotation": {"angle": 22.5, "axis": "y", "origin": [8, 2.65, 8]},
			"faces": {
				"north": {"uv": [0, 0, 1, 1], "rotation": 90, "texture": "#2"},
				"south": {"uv": [0, 0, 1, 1], "rotation": 270, "texture": "#2"},
				"up": {"uv": [0, 0, 1, 1], "rotation": 270, "texture": "#2"},
				"down": {"uv": [0, 0, 1, 1], "rotation": 270, "texture": "#2"}
			}
		},
		{
			"name": "hexadecagon",
			"from": [7.92346, 2.35, 7.61522],
			"to": [8.07654, 2.95, 8.38478],
			"rotation": {"angle": 45, "axis": "y", "origin": [8, 2.65, 8]},
			"faces": {
				"north": {"uv": [0, 0, 1, 1], "rotation": 90, "texture": "#2"},
				"south": {"uv": [0, 0, 1, 1], "rotation": 270, "texture": "#2"},
				"up": {"uv": [0, 0, 1, 1], "rotation": 270, "texture": "#2"},
				"down": {"uv": [0, 0, 1, 1], "rotation": 270, "texture": "#2"}
			}
		},
		{
			"name": "hexadecagon",
			"from": [7.61522, 2.35, 7.92346],
			"to": [8.38478, 2.95, 8.07654],
			"rotation": {"angle": -22.5, "axis": "y", "origin": [8, 2.65, 8]},
			"faces": {
				"east": {"uv": [0, 0, 1, 1], "rotation": 270, "texture": "#2"},
				"west": {"uv": [0, 0, 1, 1], "rotation": 270, "texture": "#2"},
				"up": {"uv": [0, 0, 1, 1], "rotation": 270, "texture": "#2"},
				"down": {"uv": [0, 0, 1, 1], "rotation": 270, "texture": "#2"}
			}
		},
		{
			"name": "hexadecagon",
			"from": [7.61522, 2.35, 7.92346],
			"to": [8.38478, 2.95, 8.07654],
			"rotation": {"angle": 0, "axis": "x", "origin": [8, 2.65, 8]},
			"faces": {
				"east": {"uv": [0, 0, 1, 1], "rotation": 270, "texture": "#2"},
				"west": {"uv": [0, 0, 1, 1], "rotation": 270, "texture": "#2"},
				"up": {"uv": [0, 0, 1, 1], "rotation": 270, "texture": "#2"},
				"down": {"uv": [0, 0, 1, 1], "rotation": 270, "texture": "#2"}
			}
		},
		{
			"name": "hexadecagon",
			"from": [7.61522, 2.35, 7.92346],
			"to": [8.38478, 2.95, 8.07654],
			"rotation": {"angle": 22.5, "axis": "y", "origin": [8, 2.65, 8]},
			"faces": {
				"east": {"uv": [0, 0, 1, 1], "rotation": 270, "texture": "#2"},
				"west": {"uv": [0, 0, 1, 1], "rotation": 270, "texture": "#2"},
				"up": {"uv": [0, 0, 1, 1], "rotation": 270, "texture": "#2"},
				"down": {"uv": [0, 0, 1, 1], "rotation": 270, "texture": "#2"}
			}
		},
		{
			"name": "hexadecagon",
			"from": [8.81335, 5.7, 7.5644],
			"to": [8.98665, 5.8, 7.6356],
			"rotation": {"angle": -45, "axis": "y", "origin": [8.9, 5.3, 8]},
			"faces": {
				"north": {"uv": [0, 0, 1, 1], "rotation": 90, "texture": "#3"},
				"south": {"uv": [0, 0, 1, 1], "rotation": 270, "texture": "#3"},
				"up": {"uv": [0, 0, 1, 1], "rotation": 270, "texture": "#3"},
				"down": {"uv": [0, 0, 1, 1], "rotation": 270, "texture": "#3"}
			}
		},
		{
			"name": "hexadecagon",
			"from": [8.81335, 5.7, 8.3644],
			"to": [8.98665, 5.8, 8.4356],
			"rotation": {"angle": 45, "axis": "y", "origin": [8.9, 5.3, 8]},
			"faces": {
				"north": {"uv": [0, 1, 1, 0], "rotation": 270, "texture": "#3"},
				"south": {"uv": [0, 1, 1, 0], "rotation": 90, "texture": "#3"},
				"up": {"uv": [1, 0, 0, 1], "rotation": 270, "texture": "#3"},
				"down": {"uv": [1, 0, 0, 1], "rotation": 270, "texture": "#3"}
			}
		},
		{
			"name": "hexadecagon",
			"from": [8.81335, 5.7, 7.5644],
			"to": [8.98665, 5.8, 7.6356],
			"rotation": {"angle": -22.5, "axis": "y", "origin": [8.9, 5.3, 8]},
			"faces": {
				"north": {"uv": [0, 0, 1, 1], "rotation": 90, "texture": "#3"},
				"south": {"uv": [0, 0, 1, 1], "rotation": 270, "texture": "#3"},
				"up": {"uv": [0, 0, 1, 1], "rotation": 270, "texture": "#3"},
				"down": {"uv": [0, 0, 1, 1], "rotation": 270, "texture": "#3"}
			}
		},
		{
			"name": "hexadecagon",
			"from": [8.81335, 5.7, 8.3644],
			"to": [8.98665, 5.8, 8.4356],
			"rotation": {"angle": 22.5, "axis": "y", "origin": [8.9, 5.3, 8]},
			"faces": {
				"north": {"uv": [0, 1, 1, 0], "rotation": 270, "texture": "#3"},
				"south": {"uv": [0, 1, 1, 0], "rotation": 90, "texture": "#3"},
				"up": {"uv": [1, 0, 0, 1], "rotation": 270, "texture": "#3"},
				"down": {"uv": [1, 0, 0, 1], "rotation": 270, "texture": "#3"}
			}
		},
		{
			"name": "hexadecagon",
			"from": [8.81335, 5.7, 7.5644],
			"to": [8.98665, 5.8, 7.6356],
			"rotation": {"angle": 0, "axis": "x", "origin": [8.9, 5.3, 8]},
			"faces": {
				"north": {"uv": [0, 0, 1, 1], "rotation": 90, "texture": "#3"},
				"south": {"uv": [0, 0, 1, 1], "rotation": 270, "texture": "#3"},
				"up": {"uv": [0, 0, 1, 1], "rotation": 270, "texture": "#3"},
				"down": {"uv": [0, 0, 1, 1], "rotation": 270, "texture": "#3"}
			}
		},
		{
			"name": "hexadecagon",
			"from": [8.81335, 5.7, 8.3644],
			"to": [8.98665, 5.8, 8.4356],
			"rotation": {"angle": 0, "axis": "x", "origin": [8.9, 5.3, 8]},
			"faces": {
				"north": {"uv": [0, 1, 1, 0], "rotation": 270, "texture": "#3"},
				"south": {"uv": [0, 1, 1, 0], "rotation": 90, "texture": "#3"},
				"up": {"uv": [1, 0, 0, 1], "rotation": 270, "texture": "#3"},
				"down": {"uv": [1, 0, 0, 1], "rotation": 270, "texture": "#3"}
			}
		},
		{
			"name": "hexadecagon",
			"from": [8.70335, 5.7, 7.5644],
			"to": [8.98665, 5.8, 7.6356],
			"rotation": {"angle": 22.5, "axis": "y", "origin": [8.9, 5.3, 8]},
			"faces": {
				"north": {"uv": [0, 0, 1, 1], "rotation": 90, "texture": "#3"},
				"south": {"uv": [0, 0, 1, 1], "rotation": 270, "texture": "#3"},
				"up": {"uv": [0, 0, 1, 1], "rotation": 270, "texture": "#3"},
				"down": {"uv": [0, 0, 1, 1], "rotation": 270, "texture": "#3"}
			}
		},
		{
			"name": "hexadecagon",
			"from": [8.63335, 5.7, 8.3644],
			"to": [8.98665, 5.8, 8.4356],
			"rotation": {"angle": -22.5, "axis": "y", "origin": [8.9, 5.3, 8]},
			"faces": {
				"north": {"uv": [0, 1, 1, 0], "rotation": 270, "texture": "#3"},
				"south": {"uv": [0, 1, 1, 0], "rotation": 90, "texture": "#3"},
				"up": {"uv": [1, 0, 0, 1], "rotation": 270, "texture": "#3"},
				"down": {"uv": [1, 0, 0, 1], "rotation": 270, "texture": "#3"}
			}
		},
		{
			"name": "hexadecagon",
			"from": [8.81335, 5.7, 7.5644],
			"to": [8.98665, 5.8, 7.6356],
			"rotation": {"angle": 45, "axis": "y", "origin": [8.9, 5.3, 8]},
			"faces": {
				"north": {"uv": [0, 0, 1, 1], "rotation": 90, "texture": "#3"},
				"south": {"uv": [0, 0, 1, 1], "rotation": 270, "texture": "#3"},
				"up": {"uv": [0, 0, 1, 1], "rotation": 270, "texture": "#3"},
				"down": {"uv": [0, 0, 1, 1], "rotation": 270, "texture": "#3"}
			}
		},
		{
			"name": "hexadecagon",
			"from": [8.81335, 5.7, 8.3644],
			"to": [8.98665, 5.8, 8.4356],
			"rotation": {"angle": -45, "axis": "y", "origin": [8.9, 5.3, 8]},
			"faces": {
				"north": {"uv": [0, 1, 1, 0], "rotation": 270, "texture": "#3"},
				"up": {"uv": [1, 0, 0, 1], "rotation": 270, "texture": "#3"},
				"down": {"uv": [1, 0, 0, 1], "rotation": 270, "texture": "#3"}
			}
		},
		{
			"name": "hexadecagon",
			"from": [9.2644, 5.7, 7.91335],
			"to": [9.3356, 5.8, 8.08665],
			"rotation": {"angle": -22.5, "axis": "y", "origin": [8.9, 5.3, 8]},
			"faces": {
				"east": {"uv": [0, 0, 1, 1], "rotation": 270, "texture": "#3"},
				"west": {"uv": [0, 0, 1, 1], "rotation": 270, "texture": "#3"},
				"up": {"uv": [0, 0, 1, 1], "rotation": 270, "texture": "#3"},
				"down": {"uv": [0, 0, 1, 1], "rotation": 270, "texture": "#3"}
			}
		},
		{
			"name": "hexadecagon",
			"from": [8.2844, 5.7, 7.91335],
			"to": [8.5356, 5.8, 8.13665],
			"rotation": {"angle": -22.5, "axis": "y", "origin": [8.9, 5.3, 8]},
			"faces": {
				"north": {"uv": [0, 0, 1, 1], "rotation": 270, "texture": "#3"},
				"east": {"uv": [0, 0, 1, 1], "rotation": 270, "texture": "#3"},
				"up": {"uv": [0, 0, 1, 1], "rotation": 90, "texture": "#3"},
				"down": {"uv": [0, 0, 1, 1], "rotation": 90, "texture": "#3"}
			}
		},
		{
			"name": "hexadecagon",
			"from": [9.2644, 5.7, 7.91335],
			"to": [9.3356, 5.8, 8.08665],
			"rotation": {"angle": 0, "axis": "x", "origin": [8.9, 5.3, 8]},
			"faces": {
				"east": {"uv": [0, 0, 1, 1], "rotation": 270, "texture": "#3"},
				"west": {"uv": [0, 0, 1, 1], "rotation": 270, "texture": "#3"},
				"up": {"uv": [0, 0, 1, 1], "rotation": 270, "texture": "#3"},
				"down": {"uv": [0, 0, 1, 1], "rotation": 270, "texture": "#3"}
			}
		},
		{
			"name": "hexadecagon",
			"from": [8.2844, 5.7, 7.91335],
			"to": [8.5356, 5.8, 8.08665],
			"rotation": {"angle": 0, "axis": "x", "origin": [8.9, 5.3, 8]},
			"faces": {
				"east": {"uv": [0, 0, 1, 1], "rotation": 270, "texture": "#3"},
				"up": {"uv": [0, 0, 1, 1], "rotation": 90, "texture": "#3"},
				"down": {"uv": [0, 0, 1, 1], "rotation": 90, "texture": "#3"}
			}
		},
		{
			"name": "hexadecagon",
			"from": [9.2644, 5.7, 7.91335],
			"to": [9.3356, 5.8, 8.08665],
			"rotation": {"angle": 22.5, "axis": "y", "origin": [8.9, 5.3, 8]},
			"faces": {
				"east": {"uv": [0, 0, 1, 1], "rotation": 270, "texture": "#3"},
				"west": {"uv": [0, 0, 1, 1], "rotation": 270, "texture": "#3"},
				"up": {"uv": [0, 0, 1, 1], "rotation": 270, "texture": "#3"},
				"down": {"uv": [0, 0, 1, 1], "rotation": 270, "texture": "#3"}
			}
		},
		{
			"name": "hexadecagon",
			"from": [8.2844, 5.7, 7.83335],
			"to": [8.5356, 5.8, 8.08665],
			"rotation": {"angle": 22.5, "axis": "y", "origin": [8.9, 5.3, 8]},
			"faces": {
				"east": {"uv": [0, 0, 1, 1], "rotation": 270, "texture": "#3"},
				"up": {"uv": [0, 0, 1, 1], "rotation": 90, "texture": "#3"},
				"down": {"uv": [0, 0, 1, 1], "rotation": 90, "texture": "#3"}
			}
		},
		{
			"name": "hexadecagon",
			"from": [7.13068, 5.7, 7.65152],
			"to": [7.26932, 5.8, 7.86848],
			"rotation": {"angle": -45, "axis": "y", "origin": [7.2, 5.3, 8]},
			"faces": {
				"south": {"uv": [0, 0, 1, 1], "rotation": 270, "texture": "#3"},
				"up": {"uv": [0, 0, 1, 1], "rotation": 270, "texture": "#3"},
				"down": {"uv": [0, 0, 1, 1], "rotation": 270, "texture": "#3"}
			}
		},
		{
			"name": "hexadecagon",
			"from": [7.13068, 5.7, 8.13152],
			"to": [7.26932, 5.8, 8.34848],
			"rotation": {"angle": 45, "axis": "y", "origin": [7.2, 5.3, 8]},
			"faces": {
				"north": {"uv": [0, 1, 1, 0], "rotation": 270, "texture": "#3"},
				"up": {"uv": [1, 0, 0, 1], "rotation": 270, "texture": "#3"},
				"down": {"uv": [1, 0, 0, 1], "rotation": 270, "texture": "#3"}
			}
		},
		{
			"name": "hexadecagon",
			"from": [7.13068, 5.7, 7.65152],
			"to": [7.26932, 5.8, 7.86848],
			"rotation": {"angle": -22.5, "axis": "y", "origin": [7.2, 5.3, 8]},
			"faces": {
				"south": {"uv": [0, 0, 1, 1], "rotation": 270, "texture": "#3"},
				"up": {"uv": [0, 0, 1, 1], "rotation": 270, "texture": "#3"},
				"down": {"uv": [0, 0, 1, 1], "rotation": 270, "texture": "#3"}
			}
		},
		{
			"name": "hexadecagon",
			"from": [7.13068, 5.7, 8.13152],
			"to": [7.26932, 5.8, 8.34848],
			"rotation": {"angle": 22.5, "axis": "y", "origin": [7.2, 5.3, 8]},
			"faces": {
				"north": {"uv": [0, 1, 1, 0], "rotation": 270, "texture": "#3"},
				"up": {"uv": [1, 0, 0, 1], "rotation": 270, "texture": "#3"},
				"down": {"uv": [1, 0, 0, 1], "rotation": 270, "texture": "#3"}
			}
		},
		{
			"name": "hexadecagon",
			"from": [7.13068, 5.7, 7.65152],
			"to": [7.26932, 5.8, 7.86848],
			"rotation": {"angle": 0, "axis": "x", "origin": [7.2, 5.3, 8]},
			"faces": {
				"south": {"uv": [0, 0, 1, 1], "rotation": 270, "texture": "#3"},
				"up": {"uv": [0, 0, 1, 1], "rotation": 270, "texture": "#3"},
				"down": {"uv": [0, 0, 1, 1], "rotation": 270, "texture": "#3"}
			}
		},
		{
			"name": "hexadecagon",
			"from": [7.13068, 5.7, 8.13152],
			"to": [7.26932, 5.8, 8.34848],
			"rotation": {"angle": 0, "axis": "x", "origin": [7.2, 5.3, 8]},
			"faces": {
				"north": {"uv": [0, 1, 1, 0], "rotation": 270, "texture": "#3"},
				"up": {"uv": [1, 0, 0, 1], "rotation": 270, "texture": "#3"},
				"down": {"uv": [1, 0, 0, 1], "rotation": 270, "texture": "#3"}
			}
		},
		{
			"name": "hexadecagon",
			"from": [7.31546, 5.7, 8.12382],
			"to": [8.34875, 5.8, 8.42502],
			"rotation": {"angle": 0, "axis": "x", "origin": [7.10211, 5.3, 7.98942]},
			"faces": {
				"east": {"uv": [0, 1, 1, 0], "rotation": 270, "texture": "#3"},
				"south": {"uv": [0, 1, 1, 0], "rotation": 90, "texture": "#3"},
				"up": {"uv": [1, 0, 0, 1], "rotation": 270, "texture": "#3"},
				"down": {"uv": [1, 0, 0, 1], "rotation": 270, "texture": "#3"}
			}
		},
		{
			"name": "hexadecagon",
			"from": [7.31546, 5.7, 7.57498],
			"to": [8.34875, 5.8, 7.87618],
			"rotation": {"angle": 0, "axis": "x", "origin": [7.10211, 5.3, 8.01058]},
			"faces": {
				"north": {"uv": [0, 0, 1, 1], "rotation": 90, "texture": "#3"},
				"east": {"uv": [0, 0, 1, 1], "rotation": 270, "texture": "#3"},
				"up": {"uv": [0, 0, 1, 1], "rotation": 270, "texture": "#3"},
				"down": {"uv": [0, 0, 1, 1], "rotation": 270, "texture": "#3"}
			}
		},
		{
			"name": "hexadecagon",
			"from": [8.15453, 5.7, 8.04858],
			"to": [8.20453, 5.8, 8.31978],
			"rotation": {"angle": 22.5, "axis": "y", "origin": [8.51617, 5.75, 7.88418]},
			"faces": {
				"east": {"uv": [0, 1, 1, 0], "rotation": 270, "texture": "#3"},
				"south": {"uv": [0, 1, 1, 0], "rotation": 90, "texture": "#3"},
				"west": {"uv": [0, 1, 1, 0], "rotation": 270, "texture": "#3"},
				"up": {"uv": [1, 0, 0, 1], "rotation": 270, "texture": "#3"},
				"down": {"uv": [1, 0, 0, 1], "rotation": 270, "texture": "#3"}
			}
		},
		{
			"name": "hexadecagon",
			"from": [8.15453, 5.7, 7.68022],
			"to": [8.20453, 5.8, 7.95142],
			"rotation": {"angle": -22.5, "axis": "y", "origin": [8.51617, 5.75, 8.11582]},
			"faces": {
				"north": {"uv": [0, 0, 1, 1], "rotation": 90, "texture": "#3"},
				"east": {"uv": [0, 0, 1, 1], "rotation": 270, "texture": "#3"},
				"west": {"uv": [0, 0, 1, 1], "rotation": 270, "texture": "#3"},
				"up": {"uv": [0, 0, 1, 1], "rotation": 270, "texture": "#3"},
				"down": {"uv": [0, 0, 1, 1], "rotation": 270, "texture": "#3"}
			}
		},
		{
			"name": "hexadecagon",
			"from": [8.26453, 5.7, 8.2116],
			"to": [8.33453, 5.8, 8.2928],
			"rotation": {"angle": 22.5, "axis": "y", "origin": [8.51617, 5.75, 7.88418]},
			"faces": {
				"south": {"uv": [0, 1, 1, 0], "rotation": 90, "texture": "#3"},
				"up": {"uv": [1, 0, 0, 1], "rotation": 270, "texture": "#3"},
				"down": {"uv": [1, 0, 0, 1], "rotation": 270, "texture": "#3"}
			}
		},
		{
			"name": "hexadecagon",
			"from": [8.26453, 5.7, 7.7072],
			"to": [8.33453, 5.8, 7.7884],
			"rotation": {"angle": -22.5, "axis": "y", "origin": [8.51617, 5.75, 8.11582]},
			"faces": {
				"north": {"uv": [0, 0, 1, 1], "rotation": 90, "texture": "#3"},
				"up": {"uv": [0, 0, 1, 1], "rotation": 270, "texture": "#3"},
				"down": {"uv": [0, 0, 1, 1], "rotation": 270, "texture": "#3"}
			}
		},
		{
			"name": "hexadecagon",
			"from": [8.45242, 5.7, 8.2562],
			"to": [8.59242, 5.8, 8.3374],
			"rotation": {"angle": 0, "axis": "y", "origin": [8.50407, 5.75, 7.89476]},
			"faces": {
				"south": {"uv": [0, 1, 1, 0], "rotation": 90, "texture": "#3"},
				"up": {"uv": [1, 0, 0, 1], "rotation": 270, "texture": "#3"},
				"down": {"uv": [1, 0, 0, 1], "rotation": 270, "texture": "#3"}
			}
		},
		{
			"name": "hexadecagon",
			"from": [8.45242, 5.7, 7.6626],
			"to": [8.59242, 5.8, 7.7438],
			"rotation": {"angle": 0, "axis": "y", "origin": [8.50407, 5.75, 8.10524]},
			"faces": {
				"north": {"uv": [0, 0, 1, 1], "rotation": 90, "texture": "#3"},
				"south": {"uv": [0, 0, 1, 1], "rotation": 270, "texture": "#3"},
				"up": {"uv": [0, 0, 1, 1], "rotation": 270, "texture": "#3"},
				"down": {"uv": [0, 0, 1, 1], "rotation": 270, "texture": "#3"}
			}
		},
		{
			"name": "hexadecagon",
			"from": [7.98101, 5.7, 8.00654],
			"to": [8.17101, 5.8, 8.27774],
			"rotation": {"angle": 45, "axis": "y", "origin": [8.34265, 5.75, 7.84214]},
			"faces": {
				"south": {"uv": [0, 1, 1, 0], "rotation": 90, "texture": "#3"},
				"up": {"uv": [1, 0, 0, 1], "rotation": 270, "texture": "#3"},
				"down": {"uv": [1, 0, 0, 1], "rotation": 270, "texture": "#3"}
			}
		},
		{
			"name": "hexadecagon",
			"from": [7.98101, 5.7, 7.72226],
			"to": [8.17101, 5.8, 7.99346],
			"rotation": {"angle": -45, "axis": "y", "origin": [8.34265, 5.75, 8.15786]},
			"faces": {
				"north": {"uv": [0, 0, 1, 1], "rotation": 90, "texture": "#3"},
				"east": {"uv": [0, 0, 1, 1], "rotation": 270, "texture": "#3"},
				"up": {"uv": [0, 0, 1, 1], "rotation": 270, "texture": "#3"},
				"down": {"uv": [0, 0, 1, 1], "rotation": 270, "texture": "#3"}
			}
		},
		{
			"name": "hexadecagon",
			"from": [7.13068, 5.7, 7.65152],
			"to": [7.46932, 5.8, 7.86848],
			"rotation": {"angle": 22.5, "axis": "y", "origin": [7.2, 5.3, 8]},
			"faces": {
				"north": {"uv": [0, 0, 1, 1], "rotation": 90, "texture": "#3"},
				"south": {"uv": [0, 0, 1, 1], "rotation": 270, "texture": "#3"},
				"up": {"uv": [0, 0, 1, 1], "rotation": 270, "texture": "#3"},
				"down": {"uv": [0, 0, 1, 1], "rotation": 270, "texture": "#3"}
			}
		},
		{
			"name": "hexadecagon",
			"from": [7.13068, 5.7, 8.13152],
			"to": [7.46932, 5.8, 8.34848],
			"rotation": {"angle": -22.5, "axis": "y", "origin": [7.2, 5.3, 8]},
			"faces": {
				"north": {"uv": [0, 1, 1, 0], "rotation": 270, "texture": "#3"},
				"south": {"uv": [0, 1, 1, 0], "rotation": 90, "texture": "#3"},
				"up": {"uv": [1, 0, 0, 1], "rotation": 270, "texture": "#3"},
				"down": {"uv": [1, 0, 0, 1], "rotation": 270, "texture": "#3"}
			}
		},
		{
			"name": "hexadecagon",
			"from": [7.13068, 5.7, 7.65152],
			"to": [7.26932, 5.8, 7.86848],
			"rotation": {"angle": 45, "axis": "y", "origin": [7.2, 5.3, 8]},
			"faces": {
				"north": {"uv": [0, 0, 1, 1], "rotation": 90, "texture": "#3"},
				"south": {"uv": [0, 0, 1, 1], "rotation": 270, "texture": "#3"},
				"up": {"uv": [0, 0, 1, 1], "rotation": 270, "texture": "#3"},
				"down": {"uv": [0, 0, 1, 1], "rotation": 270, "texture": "#3"}
			}
		},
		{
			"name": "hexadecagon",
			"from": [7.13068, 5.7, 8.13152],
			"to": [7.26932, 5.8, 8.34848],
			"rotation": {"angle": -45, "axis": "y", "origin": [7.2, 5.3, 8]},
			"faces": {
				"north": {"uv": [0, 1, 1, 0], "rotation": 270, "texture": "#3"},
				"south": {"uv": [0, 1, 1, 0], "rotation": 90, "texture": "#3"},
				"up": {"uv": [1, 0, 0, 1], "rotation": 270, "texture": "#3"},
				"down": {"uv": [1, 0, 0, 1], "rotation": 270, "texture": "#3"}
			}
		},
		{
			"name": "hexadecagon",
			"from": [6.85152, 5.7, 7.93068],
			"to": [7.06848, 5.8, 8.06932],
			"rotation": {"angle": -22.5, "axis": "y", "origin": [7.2, 5.3, 8]},
			"faces": {
				"east": {"uv": [0, 0, 1, 1], "rotation": 270, "texture": "#3"},
				"west": {"uv": [0, 0, 1, 1], "rotation": 270, "texture": "#3"},
				"up": {"uv": [0, 0, 1, 1], "rotation": 270, "texture": "#3"},
				"down": {"uv": [0, 0, 1, 1], "rotation": 270, "texture": "#3"}
			}
		},
		{
			"name": "hexadecagon",
			"from": [7.33152, 5.7, 7.93068],
			"to": [7.54848, 5.8, 8.06932],
			"rotation": {"angle": -22.5, "axis": "y", "origin": [7.2, 5.3, 8]},
			"faces": {
				"west": {"uv": [0, 0, 1, 1], "rotation": 270, "texture": "#3"},
				"up": {"uv": [0, 0, 1, 1], "rotation": 90, "texture": "#3"},
				"down": {"uv": [0, 0, 1, 1], "rotation": 90, "texture": "#3"}
			}
		},
		{
			"name": "hexadecagon",
			"from": [6.85152, 5.7, 7.93068],
			"to": [7.06848, 5.8, 8.06932],
			"rotation": {"angle": 0, "axis": "x", "origin": [7.2, 5.3, 8]},
			"faces": {
				"east": {"uv": [0, 0, 1, 1], "rotation": 270, "texture": "#3"},
				"west": {"uv": [0, 0, 1, 1], "rotation": 270, "texture": "#3"},
				"up": {"uv": [0, 0, 1, 1], "rotation": 270, "texture": "#3"},
				"down": {"uv": [0, 0, 1, 1], "rotation": 270, "texture": "#3"}
			}
		},
		{
			"name": "hexadecagon",
			"from": [7.33152, 5.7, 7.83068],
			"to": [8.34848, 5.8, 8.16932],
			"rotation": {"angle": 0, "axis": "x", "origin": [7.2, 5.3, 8]},
			"faces": {
				"west": {"uv": [0, 0, 1, 1], "rotation": 270, "texture": "#3"},
				"up": {"uv": [0, 0, 1, 1], "rotation": 90, "texture": "#3"},
				"down": {"uv": [0, 0, 1, 1], "rotation": 90, "texture": "#3"}
			}
		},
		{
			"name": "hexadecagon",
			"from": [6.85152, 5.7, 7.93068],
			"to": [7.06848, 5.8, 8.06932],
			"rotation": {"angle": 22.5, "axis": "y", "origin": [7.2, 5.3, 8]},
			"faces": {
				"east": {"uv": [0, 0, 1, 1], "rotation": 270, "texture": "#3"},
				"west": {"uv": [0, 0, 1, 1], "rotation": 270, "texture": "#3"},
				"up": {"uv": [0, 0, 1, 1], "rotation": 270, "texture": "#3"},
				"down": {"uv": [0, 0, 1, 1], "rotation": 270, "texture": "#3"}
			}
		},
		{
			"name": "hexadecagon",
			"from": [7.33152, 5.7, 7.93068],
			"to": [7.54848, 5.8, 8.06932],
			"rotation": {"angle": 22.5, "axis": "y", "origin": [7.2, 5.3, 8]},
			"faces": {
				"west": {"uv": [0, 0, 1, 1], "rotation": 270, "texture": "#3"},
				"up": {"uv": [0, 0, 1, 1], "rotation": 90, "texture": "#3"},
				"down": {"uv": [0, 0, 1, 1], "rotation": 90, "texture": "#3"}
			}
		},
		{
			"name": "hexadecagon",
			"from": [7.94642, 2.25, 7.73065],
			"to": [8.05358, 2.35, 8.26935],
			"rotation": {"angle": -45, "axis": "y", "origin": [8, 2.65, 8]},
			"faces": {
				"north": {"uv": [0, 0, 1, 1], "rotation": 90, "texture": "#2"},
				"south": {"uv": [0, 0, 1, 1], "rotation": 270, "texture": "#2"},
				"down": {"uv": [0, 0, 1, 1], "rotation": 270, "texture": "#2"}
			}
		},
		{
			"name": "hexadecagon",
			"from": [7.94642, 2.25, 7.73065],
			"to": [8.05358, 2.35, 8.26935],
			"rotation": {"angle": -22.5, "axis": "y", "origin": [8, 2.65, 8]},
			"faces": {
				"north": {"uv": [0, 0, 1, 1], "rotation": 90, "texture": "#2"},
				"south": {"uv": [0, 0, 1, 1], "rotation": 270, "texture": "#2"},
				"down": {"uv": [0, 0, 1, 1], "rotation": 270, "texture": "#2"}
			}
		},
		{
			"name": "hexadecagon",
			"from": [7.94642, 2.25, 7.73065],
			"to": [8.05358, 2.35, 8.26935],
			"rotation": {"angle": 0, "axis": "x", "origin": [8, 2.65, 8]},
			"faces": {
				"north": {"uv": [0, 0, 1, 1], "rotation": 90, "texture": "#2"},
				"south": {"uv": [0, 0, 1, 1], "rotation": 270, "texture": "#2"},
				"down": {"uv": [0, 0, 1, 1], "rotation": 270, "texture": "#2"}
			}
		},
		{
			"name": "hexadecagon",
			"from": [7.94642, 2.25, 7.73065],
			"to": [8.05358, 2.35, 8.26935],
			"rotation": {"angle": 22.5, "axis": "y", "origin": [8, 2.65, 8]},
			"faces": {
				"north": {"uv": [0, 0, 1, 1], "rotation": 90, "texture": "#2"},
				"south": {"uv": [0, 0, 1, 1], "rotation": 270, "texture": "#2"},
				"down": {"uv": [0, 0, 1, 1], "rotation": 270, "texture": "#2"}
			}
		},
		{
			"name": "hexadecagon",
			"from": [7.94642, 2.25, 7.73065],
			"to": [8.05358, 2.35, 8.26935],
			"rotation": {"angle": 45, "axis": "y", "origin": [8, 2.65, 8]},
			"faces": {
				"north": {"uv": [0, 0, 1, 1], "rotation": 90, "texture": "#2"},
				"south": {"uv": [0, 0, 1, 1], "rotation": 270, "texture": "#2"},
				"down": {"uv": [0, 0, 1, 1], "rotation": 270, "texture": "#2"}
			}
		},
		{
			"name": "hexadecagon",
			"from": [7.73065, 2.25, 7.94642],
			"to": [8.26935, 2.35, 8.05358],
			"rotation": {"angle": -22.5, "axis": "y", "origin": [8, 2.65, 8]},
			"faces": {
				"east": {"uv": [0, 0, 1, 1], "rotation": 270, "texture": "#2"},
				"west": {"uv": [0, 0, 1, 1], "rotation": 270, "texture": "#2"},
				"down": {"uv": [0, 0, 1, 1], "rotation": 270, "texture": "#2"}
			}
		},
		{
			"name": "hexadecagon",
			"from": [7.73065, 2.25, 7.94642],
			"to": [8.26935, 2.35, 8.05358],
			"rotation": {"angle": 0, "axis": "x", "origin": [8, 2.65, 8]},
			"faces": {
				"east": {"uv": [0, 0, 1, 1], "rotation": 270, "texture": "#2"},
				"west": {"uv": [0, 0, 1, 1], "rotation": 270, "texture": "#2"},
				"down": {"uv": [0, 0, 1, 1], "rotation": 270, "texture": "#2"}
			}
		},
		{
			"name": "hexadecagon",
			"from": [7.73065, 2.25, 7.94642],
			"to": [8.26935, 2.35, 8.05358],
			"rotation": {"angle": 22.5, "axis": "y", "origin": [8, 2.65, 8]},
			"faces": {
				"east": {"uv": [0, 0, 1, 1], "rotation": 270, "texture": "#2"},
				"west": {"uv": [0, 0, 1, 1], "rotation": 270, "texture": "#2"},
				"down": {"uv": [0, 0, 1, 1], "rotation": 270, "texture": "#2"}
			}
		},
		{
			"name": "hexadecagon",
			"from": [7.97321, 2.2, 7.86533],
			"to": [8.02679, 2.25, 8.13467],
			"rotation": {"angle": -45, "axis": "y", "origin": [8, 2.65, 8]},
			"faces": {
				"north": {"uv": [0, 0, 1, 1], "rotation": 90, "texture": "#2"},
				"south": {"uv": [0, 0, 1, 1], "rotation": 270, "texture": "#2"},
				"down": {"uv": [0, 0, 1, 1], "rotation": 270, "texture": "#2"}
			}
		},
		{
			"name": "hexadecagon",
			"from": [7.97321, 2.2, 7.86533],
			"to": [8.02679, 2.25, 8.13467],
			"rotation": {"angle": -22.5, "axis": "y", "origin": [8, 2.65, 8]},
			"faces": {
				"north": {"uv": [0, 0, 1, 1], "rotation": 90, "texture": "#2"},
				"south": {"uv": [0, 0, 1, 1], "rotation": 270, "texture": "#2"},
				"down": {"uv": [0, 0, 1, 1], "rotation": 270, "texture": "#2"}
			}
		},
		{
			"name": "hexadecagon",
			"from": [7.97321, 2.2, 7.86533],
			"to": [8.02679, 2.25, 8.13467],
			"rotation": {"angle": 0, "axis": "x", "origin": [8, 2.65, 8]},
			"faces": {
				"north": {"uv": [0, 0, 1, 1], "rotation": 90, "texture": "#2"},
				"south": {"uv": [0, 0, 1, 1], "rotation": 270, "texture": "#2"},
				"down": {"uv": [0, 0, 1, 1], "rotation": 270, "texture": "#2"}
			}
		},
		{
			"name": "hexadecagon",
			"from": [7.97321, 2.2, 7.86533],
			"to": [8.02679, 2.25, 8.13467],
			"rotation": {"angle": 22.5, "axis": "y", "origin": [8, 2.65, 8]},
			"faces": {
				"north": {"uv": [0, 0, 1, 1], "rotation": 90, "texture": "#2"},
				"south": {"uv": [0, 0, 1, 1], "rotation": 270, "texture": "#2"},
				"down": {"uv": [0, 0, 1, 1], "rotation": 270, "texture": "#2"}
			}
		},
		{
			"name": "hexadecagon",
			"from": [7.97321, 2.2, 7.86533],
			"to": [8.02679, 2.25, 8.13467],
			"rotation": {"angle": 45, "axis": "y", "origin": [8, 2.65, 8]},
			"faces": {
				"north": {"uv": [0, 0, 1, 1], "rotation": 90, "texture": "#2"},
				"south": {"uv": [0, 0, 1, 1], "rotation": 270, "texture": "#2"},
				"down": {"uv": [0, 0, 1, 1], "rotation": 270, "texture": "#2"}
			}
		},
		{
			"name": "hexadecagon",
			"from": [7.86533, 2.2, 7.97321],
			"to": [8.13467, 2.25, 8.02679],
			"rotation": {"angle": -22.5, "axis": "y", "origin": [8, 2.65, 8]},
			"faces": {
				"east": {"uv": [0, 0, 1, 1], "rotation": 270, "texture": "#2"},
				"west": {"uv": [0, 0, 1, 1], "rotation": 270, "texture": "#2"},
				"down": {"uv": [0, 0, 1, 1], "rotation": 270, "texture": "#2"}
			}
		},
		{
			"name": "hexadecagon",
			"from": [7.86533, 2.2, 7.97321],
			"to": [8.13467, 2.25, 8.02679],
			"rotation": {"angle": 0, "axis": "x", "origin": [8, 2.65, 8]},
			"faces": {
				"east": {"uv": [0, 0, 1, 1], "rotation": 270, "texture": "#2"},
				"west": {"uv": [0, 0, 1, 1], "rotation": 270, "texture": "#2"},
				"down": {"uv": [0, 0, 1, 1], "rotation": 270, "texture": "#2"}
			}
		},
		{
			"name": "hexadecagon",
			"from": [7.86533, 2.2, 7.97321],
			"to": [8.13467, 2.25, 8.02679],
			"rotation": {"angle": 22.5, "axis": "y", "origin": [8, 2.65, 8]},
			"faces": {
				"east": {"uv": [0, 0, 1, 1], "rotation": 270, "texture": "#2"},
				"west": {"uv": [0, 0, 1, 1], "rotation": 270, "texture": "#2"},
				"down": {"uv": [0, 0, 1, 1], "rotation": 270, "texture": "#2"}
			}
		}
	],
	"gui_light": "front",
	"display": {
		"thirdperson_righthand": {
			"rotation": [0, -90, 0],
			"translation": [0, 3.5, 1],
			"scale": [1.5, 1.5, 1.5]
		},
		"thirdperson_lefthand": {
			"rotation": [0, 90, 0],
			"translation": [0, 3.5, 1],
			"scale": [1.5, 1.5, 1.5]
		},
		"firstperson_righthand": {
			"rotation": [0, -90, 0],
			"translation": [-4.5, 6.75, 2.75],
			"scale": [1.5, 1.5, 1.5]
		},
		"firstperson_lefthand": {
			"rotation": [0, 90, 0],
			"translation": [-4.5, 6.75, 2.75],
			"scale": [1.5, 1.5, 1.5]
		},
		"ground": {
			"rotation": [86, 0, -45],
			"translation": [2, -1.75, 0],
			"scale": [1.5, 1.5, 1.5]
		},
		"gui": {
			"rotation": [4.32, 46.02, 127.02],
			"translation": [-1.3, -2.25, 0],
			"scale": [2.4, 2.4, 2.4]
		},
		"head": {
			"rotation": [90, 0, 0],
			"translation": [0, 6.75, 0]
		},
		"fixed": {
			"rotation": [101, 74, 15],
			"translation": [-0.25, 2, -0.5],
			"scale": [1.5, 1.5, 1.5]
		}
	},
	"groups": [
		{
			"name": "combatknife",
			"origin": [8, 8, 8],
			"color": 0,
			"children": [
				{
					"name": "hexadecagon",
					"origin": [8, 8, 8],
					"color": 0,
					"children": [0, 1, 2, 3, 4, 5, 6, 7]
				},
				{
					"name": "hexadecagon",
					"origin": [8, 8, 8],
					"color": 0,
					"children": [
						8,
						9,
						10,
						11,
						12,
						13,
						14,
						15,
						16,
						17,
						18,
						19,
						20,
						21,
						22,
						23,
						24,
						25,
						26,
						27,
						28,
						29,
						30,
						31,
						32,
						33,
						34,
						35,
						36,
						37,
						38,
						39,
						40,
						41,
						42,
						43,
						44,
						45,
						46,
						47,
						48,
						49,
						50,
						51,
						52,
						53,
						54,
						55,
						56,
						57,
						58,
						59,
						60,
						61,
						62,
						63,
						64,
						65,
						66,
						67,
						68,
						69,
						70,
						71,
						72,
						73,
						74,
						75,
						76,
						77,
						78,
						79,
						80,
						81,
						82,
						83,
						84,
						85,
						86,
						87,
						88,
						89,
						90,
						91,
						92,
						93,
						94,
						95,
						96,
						97,
						98,
						99,
						100,
						101,
						102,
						103
					]
				},
				{
					"name": "hexadecagon",
					"origin": [8, 8, 8],
					"color": 0,
					"children": [104, 105, 106, 107, 108, 109, 110]
				},
				{
					"name": "hexadecagon",
					"origin": [8, 8, 8],
					"color": 0,
					"children": [111, 112, 113, 114, 115, 116, 117]
				},
				{
					"name": "hexadecagon",
					"origin": [8, 8, 8],
					"color": 0,
					"children": [118, 119, 120, 121, 122, 123, 124]
				},
				{
					"name": "hexadecagon",
					"origin": [8, 8, 8],
					"color": 0,
					"children": [125, 126, 127, 128, 129, 130, 131]
				},
				{
					"name": "hexadecagon",
					"origin": [8, 8, 8],
					"color": 0,
					"children": [132, 133, 134, 135, 136, 137, 138, 139]
				},
				{
					"name": "hexadecagon",
					"origin": [8, 8, 8],
					"color": 0,
					"children": [140, 141, 142, 143, 144, 145, 146, 147]
				},
				{
					"name": "hexadecagon",
					"origin": [8, 8, 8],
					"color": 0,
					"children": [148, 149, 150, 151, 152, 153, 154, 155, 156, 157, 158, 159, 160, 161, 162, 163]
				},
				{
					"name": "hexadecagon",
					"origin": [8, 8, 8],
					"color": 0,
					"children": [164, 165, 166, 167, 168, 169, 170, 171, 172, 173, 174, 175, 176, 177, 178, 179, 180, 181, 182, 183, 184, 185, 186, 187, 188, 189]
				},
				{
					"name": "hexadecagon",
					"origin": [8, 8, 8],
					"color": 0,
					"children": [190, 191, 192, 193, 194, 195, 196, 197]
				},
				{
					"name": "hexadecagon",
					"origin": [8, 8, 8],
					"color": 0,
					"children": [198, 199, 200, 201, 202, 203, 204, 205]
				}
			]
		}
	]
}