{
	"textures": {
		"1": "block/color/motosega/motosega_1",
		"2": "block/color/motosega/motosega_2",
		"3": "block/color/motosega/motosega_3",
		"4": "block/color/motosega/motosega_4",
		"5": "block/color/motosega/motosega_5",
		"particle": "block/color/empty"
	},
	"elements": [
		{
			"from": [8.75, 5.25, 6.5],
			"to": [17.5, 10.25, 13.5],
			"faces": {
				"north": {"uv": [0, 5.75, 7.25, 10.75], "texture": "#4", "cullface": "east"},
				"east": {"uv": [2.5, 5.75, 9.5, 10.75], "texture": "#4", "cullface": "east"},
				"south": {"uv": [8.75, 5.75, 16, 10.75], "texture": "#4", "cullface": "east"},
				"west": {"uv": [6.5, 5.75, 13.5, 10.75], "texture": "#4", "cullface": "east"},
				"up": {"uv": [8.75, 6.5, 16, 13.5], "texture": "#4", "cullface": "east"},
				"down": {"uv": [7.25, 13.5, 0, 6.5], "texture": "#4", "cullface": "east"}
			}
		},
		{
			"name": "Element",
			"from": [9.375, 13.125, 7.625],
			"to": [10.225, 13.875, 7.875],
			"rotation": {"angle": 0, "axis": "y", "origin": [0.25, -0.5, 0]},
			"faces": {
				"north": {"uv": [6.5, 4.75, 7.75, 5.5], "texture": "#3"},
				"east": {"uv": [9, 4.75, 10.25, 5.5], "texture": "#3"},
				"south": {"uv": [8.25, 4.75, 9.5, 5.5], "texture": "#3"},
				"west": {"uv": [5.75, 4.75, 7, 5.5], "texture": "#3"},
				"up": {"uv": [8.25, 5.75, 9.5, 7], "texture": "#3"},
				"down": {"uv": [7.75, 7, 6.5, 5.75], "texture": "#3"}
			}
		},
		{
			"name": "Element",
			"from": [9.375, 13.125, 7.375],
			"to": [10.225, 13.875, 8.125],
			"rotation": {"angle": 0, "axis": "y", "origin": [0.25, -0.5, 0]},
			"faces": {
				"north": {"uv": [6.5, 4.75, 7.75, 5.5], "texture": "#3"},
				"east": {"uv": [9, 4.75, 10.25, 5.5], "texture": "#3"},
				"south": {"uv": [8.25, 4.75, 9.5, 5.5], "texture": "#3"},
				"west": {"uv": [5.75, 4.75, 7, 5.5], "texture": "#3"},
				"up": {"uv": [8.25, 5.75, 9.5, 7], "texture": "#3"},
				"down": {"uv": [7.75, 7, 6.5, 5.75], "texture": "#3"}
			}
		},
		{
			"name": "Element",
			"from": [9.375, 13.125, 14.125],
			"to": [10.225, 13.875, 14.875],
			"rotation": {"angle": 0, "axis": "y", "origin": [0.25, -0.5, 0]},
			"faces": {
				"north": {"uv": [6.5, 4.75, 7.75, 5.5], "texture": "#3"},
				"east": {"uv": [5.5, 4.75, 6.75, 5.5], "texture": "#3"},
				"south": {"uv": [8.25, 4.75, 9.5, 5.5], "texture": "#3"},
				"west": {"uv": [9.25, 4.75, 10.5, 5.5], "texture": "#3"},
				"up": {"uv": [8.25, 9.25, 9.5, 10.5], "texture": "#3"},
				"down": {"uv": [7.75, 10.5, 6.5, 9.25], "texture": "#3"}
			}
		},
		{
			"name": "Element",
			"from": [9.375, 13.875, 14.375],
			"to": [10.225, 14.125, 14.625],
			"rotation": {"angle": 0, "axis": "y", "origin": [0.25, -0.5, 0]},
			"faces": {
				"north": {"uv": [6.5, 4.5, 7.75, 5.75], "texture": "#3"},
				"east": {"uv": [9.25, 4.5, 10, 5.75], "texture": "#3"},
				"south": {"uv": [8.25, 4.5, 9.5, 5.75], "texture": "#3"},
				"west": {"uv": [6, 4.5, 6.75, 5.75], "texture": "#3"},
				"up": {"uv": [8.25, 6, 9.5, 6.75], "texture": "#3"},
				"down": {"uv": [7.75, 6.75, 6.5, 6], "texture": "#3"}
			}
		},
		{
			"name": "Element",
			"from": [9.375, 5.875, 13.375],
			"to": [10.225, 6.625, 14.375],
			"rotation": {"angle": 0, "axis": "x", "origin": [0.25, -0.5, 0]},
			"faces": {
				"north": {"uv": [7.75, 10.5, 6.5, 9.25], "rotation": 180, "texture": "#3"},
				"east": {"uv": [5.5, 4.75, 6.75, 5.5], "rotation": 270, "texture": "#3"},
				"south": {"uv": [8.25, 9.25, 9.5, 10.5], "texture": "#3"},
				"west": {"uv": [9.25, 4.75, 10.5, 5.5], "rotation": 90, "texture": "#3"},
				"up": {"uv": [6.5, 4.75, 7.75, 5.5], "rotation": 180, "texture": "#3"},
				"down": {"uv": [8.25, 4.75, 9.5, 5.5], "texture": "#3"}
			}
		},
		{
			"name": "Element",
			"from": [9.375, 6.625, 13.875],
			"to": [10.225, 6.875, 14.125],
			"rotation": {"angle": 0, "axis": "x", "origin": [0.25, -0.5, 0]},
			"faces": {
				"north": {"uv": [7.75, 10.25, 6.5, 9.5], "rotation": 180, "texture": "#3"},
				"east": {"uv": [5.75, 4.5, 6.5, 5.75], "rotation": 270, "texture": "#3"},
				"south": {"uv": [8.25, 9.5, 9.5, 10.25], "texture": "#3"},
				"west": {"uv": [9.5, 4.5, 10.25, 5.75], "rotation": 90, "texture": "#3"},
				"up": {"uv": [6.5, 4.5, 7.75, 5.75], "rotation": 180, "texture": "#3"},
				"down": {"uv": [8.25, 4.5, 9.5, 5.75], "texture": "#3"}
			}
		},
		{
			"name": "Element",
			"from": [9.375, 6.125, 14.375],
			"to": [10.225, 6.375, 14.625],
			"rotation": {"angle": 0, "axis": "x", "origin": [0.25, -0.5, 0]},
			"faces": {
				"north": {"uv": [7.75, 6.75, 6.5, 6], "rotation": 180, "texture": "#3"},
				"east": {"uv": [9.25, 4.5, 10, 5.75], "rotation": 270, "texture": "#3"},
				"south": {"uv": [8.25, 6, 9.5, 6.75], "texture": "#3"},
				"west": {"uv": [6, 4.5, 6.75, 5.75], "rotation": 90, "texture": "#3"},
				"up": {"uv": [6.5, 4.5, 7.75, 5.75], "rotation": 180, "texture": "#3"},
				"down": {"uv": [8.25, 4.5, 9.5, 5.75], "texture": "#3"}
			}
		},
		{
			"name": "Element",
			"from": [9.375, 13.875, 7.625],
			"to": [10.225, 14.125, 7.875],
			"rotation": {"angle": 0, "axis": "y", "origin": [0.25, -0.5, 0]},
			"faces": {
				"north": {"uv": [6.5, 4.5, 7.75, 5.75], "texture": "#3"},
				"east": {"uv": [9.25, 4.5, 10, 5.75], "texture": "#3"},
				"south": {"uv": [8.25, 4.5, 9.5, 5.75], "texture": "#3"},
				"west": {"uv": [6, 4.5, 6.75, 5.75], "texture": "#3"},
				"up": {"uv": [8.25, 6, 9.5, 6.75], "texture": "#3"},
				"down": {"uv": [7.75, 6.75, 6.5, 6], "texture": "#3"}
			}
		},
		{
			"name": "Element",
			"from": [9.375, 13.375, 8.125],
			"to": [10.225, 13.625, 8.375],
			"rotation": {"angle": 0, "axis": "y", "origin": [0.25, -0.5, 0]},
			"faces": {
				"north": {"uv": [6.5, 4.5, 7.75, 5.75], "texture": "#3"},
				"east": {"uv": [9.25, 4.5, 10, 5.75], "texture": "#3"},
				"south": {"uv": [8.25, 4.5, 9.5, 5.75], "texture": "#3"},
				"west": {"uv": [6, 4.5, 6.75, 5.75], "texture": "#3"},
				"up": {"uv": [8.25, 6, 9.5, 6.75], "texture": "#3"},
				"down": {"uv": [7.75, 6.75, 6.5, 6], "texture": "#3"}
			}
		},
		{
			"name": "Element",
			"from": [9.375, 13.625, 8.125],
			"to": [10.225, 14.375, 8.375],
			"rotation": {"angle": 0, "axis": "y", "origin": [0.25, -0.5, 0]},
			"faces": {
				"north": {"uv": [6.5, 4.75, 7.75, 5.5], "texture": "#3"},
				"east": {"uv": [9, 4.75, 10.25, 5.5], "texture": "#3"},
				"south": {"uv": [8.25, 4.75, 9.5, 5.5], "texture": "#3"},
				"west": {"uv": [5.75, 4.75, 7, 5.5], "texture": "#3"},
				"up": {"uv": [8.25, 5.75, 9.5, 7], "texture": "#3"},
				"down": {"uv": [7.75, 7, 6.5, 5.75], "texture": "#3"}
			}
		},
		{
			"name": "Element",
			"from": [9.375, 13.625, 7.875],
			"to": [10.225, 14.375, 8.625],
			"rotation": {"angle": 0, "axis": "y", "origin": [0.25, -0.5, 0]},
			"faces": {
				"north": {"uv": [6.5, 4.75, 7.75, 5.5], "texture": "#3"},
				"east": {"uv": [9, 4.75, 10.25, 5.5], "texture": "#3"},
				"south": {"uv": [8.25, 4.75, 9.5, 5.5], "texture": "#3"},
				"west": {"uv": [5.75, 4.75, 7, 5.5], "texture": "#3"},
				"up": {"uv": [8.25, 5.75, 9.5, 7], "texture": "#3"},
				"down": {"uv": [7.75, 7, 6.5, 5.75], "texture": "#3"}
			}
		},
		{
			"name": "Element",
			"from": [9.375, 14.375, 8.125],
			"to": [10.225, 14.625, 8.375],
			"rotation": {"angle": 0, "axis": "y", "origin": [0.25, -0.5, 0]},
			"faces": {
				"north": {"uv": [6.5, 4.5, 7.75, 5.75], "texture": "#3"},
				"east": {"uv": [9.25, 4.5, 10, 5.75], "texture": "#3"},
				"south": {"uv": [8.25, 4.5, 9.5, 5.75], "texture": "#3"},
				"west": {"uv": [6, 4.5, 6.75, 5.75], "texture": "#3"},
				"up": {"uv": [8.25, 6, 9.5, 6.75], "texture": "#3"},
				"down": {"uv": [7.75, 6.75, 6.5, 6], "texture": "#3"}
			}
		},
		{
			"name": "Element",
			"from": [9.375, 13.875, 8.625],
			"to": [10.225, 14.125, 8.875],
			"rotation": {"angle": 0, "axis": "y", "origin": [0.25, -0.5, 0]},
			"faces": {
				"north": {"uv": [6.5, 4.5, 7.75, 5.75], "texture": "#3"},
				"east": {"uv": [9.25, 4.5, 10, 5.75], "texture": "#3"},
				"south": {"uv": [8.25, 4.5, 9.5, 5.75], "texture": "#3"},
				"west": {"uv": [6, 4.5, 6.75, 5.75], "texture": "#3"},
				"up": {"uv": [8.25, 6, 9.5, 6.75], "texture": "#3"},
				"down": {"uv": [7.75, 6.75, 6.5, 6], "texture": "#3"}
			}
		},
		{
			"name": "Element",
			"from": [9.375, 13.375, 13.875],
			"to": [10.225, 13.625, 14.125],
			"rotation": {"angle": 0, "axis": "y", "origin": [0.25, -0.5, 0]},
			"faces": {
				"north": {"uv": [6.5, 4.5, 7.75, 5.75], "texture": "#3"},
				"east": {"uv": [5.75, 4.5, 6.5, 5.75], "texture": "#3"},
				"south": {"uv": [8.25, 4.5, 9.5, 5.75], "texture": "#3"},
				"west": {"uv": [9.5, 4.5, 10.25, 5.75], "texture": "#3"},
				"up": {"uv": [8.25, 9.5, 9.5, 10.25], "texture": "#3"},
				"down": {"uv": [7.75, 10.25, 6.5, 9.5], "texture": "#3"}
			}
		},
		{
			"name": "Element",
			"from": [9.375, 13.625, 13.625],
			"to": [10.225, 14.375, 14.375],
			"rotation": {"angle": 0, "axis": "y", "origin": [0.25, -0.5, 0]},
			"faces": {
				"north": {"uv": [6.5, 4.75, 7.75, 5.5], "texture": "#3"},
				"east": {"uv": [5.5, 4.75, 6.75, 5.5], "texture": "#3"},
				"south": {"uv": [8.25, 4.75, 9.5, 5.5], "texture": "#3"},
				"west": {"uv": [9.25, 4.75, 10.5, 5.5], "texture": "#3"},
				"up": {"uv": [8.25, 9.25, 9.5, 10.5], "texture": "#3"},
				"down": {"uv": [7.75, 10.5, 6.5, 9.25], "texture": "#3"}
			}
		},
		{
			"name": "Element",
			"from": [9.375, 14.375, 13.875],
			"to": [10.225, 14.625, 14.125],
			"rotation": {"angle": 0, "axis": "y", "origin": [0.25, -0.5, 0]},
			"faces": {
				"north": {"uv": [6.5, 4.5, 7.75, 5.75], "texture": "#3"},
				"east": {"uv": [9.25, 4.5, 10, 5.75], "texture": "#3"},
				"south": {"uv": [8.25, 4.5, 9.5, 5.75], "texture": "#3"},
				"west": {"uv": [6, 4.5, 6.75, 5.75], "texture": "#3"},
				"up": {"uv": [8.25, 6, 9.5, 6.75], "texture": "#3"},
				"down": {"uv": [7.75, 6.75, 6.5, 6], "texture": "#3"}
			}
		},
		{
			"name": "Element",
			"from": [9.375, 13.875, 13.375],
			"to": [10.225, 14.125, 13.625],
			"rotation": {"angle": 0, "axis": "y", "origin": [0.25, -0.5, 0]},
			"faces": {
				"north": {"uv": [6.5, 4.5, 7.75, 5.75], "texture": "#3"},
				"east": {"uv": [5.75, 4.5, 6.5, 5.75], "texture": "#3"},
				"south": {"uv": [8.25, 4.5, 9.5, 5.75], "texture": "#3"},
				"west": {"uv": [9.5, 4.5, 10.25, 5.75], "texture": "#3"},
				"up": {"uv": [8.25, 9.5, 9.5, 10.25], "texture": "#3"},
				"down": {"uv": [7.75, 10.25, 6.5, 9.5], "texture": "#3"}
			}
		},
		{
			"name": "Element",
			"from": [9.375, 14.125, 8.375],
			"to": [10.225, 14.875, 13.875],
			"rotation": {"angle": 0, "axis": "y", "origin": [0.25, -0.5, 0]},
			"faces": {
				"north": {"uv": [6.5, 4.25, 7.75, 5.25], "texture": "#3"},
				"east": {"uv": [6.5, 4.25, 9.25, 5.25], "texture": "#3"},
				"south": {"uv": [8.25, 4.25, 9.5, 5.25], "texture": "#3"},
				"west": {"uv": [6.75, 4.25, 9.5, 5.25], "texture": "#3"},
				"up": {"uv": [8.25, 6.75, 9.5, 9.5], "texture": "#3"},
				"down": {"uv": [7.75, 9.5, 6.5, 6.75], "texture": "#3"}
			}
		},
		{
			"name": "Element",
			"from": [9.375, 10.875, 7.375],
			"to": [10.225, 13.125, 8.125],
			"rotation": {"angle": 0, "axis": "y", "origin": [0.25, -0.5, 0]},
			"faces": {
				"north": {"uv": [6.5, 5.5, 7.75, 7.25], "texture": "#3"},
				"east": {"uv": [9.5, 5.5, 10.5, 7.25], "texture": "#3"},
				"south": {"uv": [8.25, 5.5, 9.5, 7.25], "texture": "#3"},
				"west": {"uv": [5.5, 5.5, 6.5, 7.25], "texture": "#3"},
				"up": {"uv": [8.25, 5.5, 9.5, 6.5], "texture": "#3"},
				"down": {"uv": [7.75, 6.5, 6.5, 5.5], "texture": "#3"}
			}
		},
		{
			"name": "Element",
			"from": [9.375, 6.375, 14.125],
			"to": [10.225, 13.125, 14.875],
			"rotation": {"angle": 0, "axis": "y", "origin": [0.25, -0.5, 0]},
			"faces": {
				"north": {"uv": [6.5, 5.5, 7.75, 7.25], "texture": "#3"},
				"east": {"uv": [5.25, 5.5, 6.25, 7.25], "texture": "#3"},
				"south": {"uv": [8.25, 5.5, 9.5, 7.25], "texture": "#3"},
				"west": {"uv": [9.75, 5.5, 10.75, 7.25], "texture": "#3"},
				"up": {"uv": [8.25, 9.75, 9.5, 10.75], "texture": "#3"},
				"down": {"uv": [7.75, 10.75, 6.5, 9.75], "texture": "#3"}
			}
		},
		{
			"from": [-5.5, 6.25, 7.75],
			"to": [8.75, 9.5, 8.25],
			"faces": {
				"north": {"uv": [0, 0, 14, 3], "texture": "#5", "cullface": "west"},
				"east": {"uv": [0, 0, 14, 3], "texture": "#5", "cullface": "west"},
				"south": {"uv": [0, 0, 14, 3], "texture": "#5", "cullface": "west"},
				"west": {"uv": [0, 0, 14, 3], "texture": "#5", "cullface": "west"},
				"up": {"uv": [0, 0, 14, 3], "texture": "#5", "cullface": "west"},
				"down": {"uv": [0, 0, 14, 3], "texture": "#5", "cullface": "west"}
			}
		},
		{
			"from": [-6.25, 6.5, 7.75],
			"to": [-5.5, 9.25, 8.25],
			"faces": {
				"north": {"uv": [1, 8, 2, 11], "texture": "#5", "cullface": "west"},
				"east": {"uv": [1, 8, 2, 11], "texture": "#5", "cullface": "west"},
				"south": {"uv": [1, 8, 2, 11], "texture": "#5", "cullface": "west"},
				"west": {"uv": [1, 8, 2, 11], "texture": "#5", "cullface": "west"},
				"up": {"uv": [1, 8, 2, 11], "texture": "#5", "cullface": "west"},
				"down": {"uv": [1, 8, 2, 11], "texture": "#5", "cullface": "west"}
			}
		},
		{
			"from": [-6.75, 6.75, 7.75],
			"to": [-6.25, 9, 8.25],
			"faces": {
				"north": {"uv": [4, 8, 5, 10], "texture": "#5", "cullface": "west"},
				"east": {"uv": [4, 8, 5, 10], "texture": "#5", "cullface": "west"},
				"south": {"uv": [4, 8, 5, 10], "texture": "#5", "cullface": "west"},
				"west": {"uv": [4, 8, 5, 10], "texture": "#5", "cullface": "west"},
				"up": {"uv": [4, 8, 5, 10], "texture": "#5", "cullface": "west"},
				"down": {"uv": [4, 8, 5, 10], "texture": "#5", "cullface": "west"}
			}
		},
		{
			"from": [-7, 7, 7.75],
			"to": [-6.75, 8.75, 8.25],
			"faces": {
				"north": {"uv": [16, 7.25, 16, 9], "texture": "#1", "cullface": "west"},
				"south": {"uv": [0, 7.25, 0, 9], "texture": "#1", "cullface": "west"},
				"west": {"uv": [7.75, 7.25, 8.25, 9], "texture": "#1", "cullface": "west"},
				"up": {"uv": [0, 7.75, 0, 8.25], "texture": "#1", "cullface": "west"},
				"down": {"uv": [16, 8.25, 16, 7.75], "texture": "#1", "cullface": "west"}
			}
		},
		{
			"from": [-5.5, 9.25, 7.5],
			"to": [8.75, 9.75, 8.5],
			"faces": {
				"north": {"uv": [7.25, 6.25, 16, 6.75], "texture": "#3", "cullface": "west"},
				"south": {"uv": [0, 6.25, 8.75, 6.75], "texture": "#3", "cullface": "west"},
				"west": {"uv": [7.5, 6.25, 8.5, 6.75], "texture": "#3", "cullface": "west"},
				"up": {"uv": [0, 7.5, 8.75, 8.5], "texture": "#3", "cullface": "west"},
				"down": {"uv": [16, 8.5, 7.25, 7.5], "texture": "#3", "cullface": "west"}
			}
		},
		{
			"from": [7.75, 9.25, 7.75],
			"to": [8.25, 10, 8.25],
			"faces": {
				"north": {"uv": [7.25, 6.25, 16, 6.75], "texture": "#1", "cullface": "west"},
				"east": {"uv": [0, 0, 0, 0], "texture": "#1"},
				"south": {"uv": [0, 6.25, 8.75, 6.75], "texture": "#1", "cullface": "west"},
				"west": {"uv": [7.5, 6.25, 8.5, 6.75], "texture": "#1", "cullface": "west"},
				"up": {"uv": [0, 7.5, 8.75, 8.5], "texture": "#1", "cullface": "west"},
				"down": {"uv": [16, 8.5, 7.25, 7.5], "texture": "#1", "cullface": "west"}
			}
		},
		{
			"from": [-5.75, 9.25, 7.75],
			"to": [-5.25, 10, 8.25],
			"faces": {
				"north": {"uv": [7.25, 6.25, 16, 6.75], "texture": "#2", "cullface": "west"},
				"east": {"uv": [0, 0, 0, 0], "texture": "#2"},
				"south": {"uv": [0, 6.25, 8.75, 6.75], "texture": "#2", "cullface": "west"},
				"west": {"uv": [7.5, 6.25, 8.5, 6.75], "texture": "#2", "cullface": "west"},
				"up": {"uv": [0, 7.5, 8.75, 8.5], "texture": "#2", "cullface": "west"},
				"down": {"uv": [16, 8.5, 7.25, 7.5], "texture": "#2", "cullface": "west"}
			}
		},
		{
			"from": [-4.75, 9.25, 7.75],
			"to": [-4.25, 10, 8.25],
			"faces": {
				"north": {"uv": [7.25, 6.25, 16, 6.75], "texture": "#2", "cullface": "west"},
				"east": {"uv": [0, 0, 0, 0], "texture": "#2"},
				"south": {"uv": [0, 6.25, 8.75, 6.75], "texture": "#2", "cullface": "west"},
				"west": {"uv": [7.5, 6.25, 8.5, 6.75], "texture": "#2", "cullface": "west"},
				"up": {"uv": [0, 7.5, 8.75, 8.5], "texture": "#2", "cullface": "west"},
				"down": {"uv": [16, 8.5, 7.25, 7.5], "texture": "#2", "cullface": "west"}
			}
		},
		{
			"from": [-3.75, 9.25, 7.75],
			"to": [-3.25, 10, 8.25],
			"faces": {
				"north": {"uv": [7.25, 6.25, 16, 6.75], "texture": "#2", "cullface": "west"},
				"east": {"uv": [0, 0, 0, 0], "texture": "#2"},
				"south": {"uv": [0, 6.25, 8.75, 6.75], "texture": "#2", "cullface": "west"},
				"west": {"uv": [7.5, 6.25, 8.5, 6.75], "texture": "#2", "cullface": "west"},
				"up": {"uv": [0, 7.5, 8.75, 8.5], "texture": "#2", "cullface": "west"},
				"down": {"uv": [16, 8.5, 7.25, 7.5], "texture": "#2", "cullface": "west"}
			}
		},
		{
			"from": [-2.75, 9.25, 7.75],
			"to": [-2.25, 10, 8.25],
			"faces": {
				"north": {"uv": [7.25, 6.25, 16, 6.75], "texture": "#2", "cullface": "west"},
				"east": {"uv": [0, 0, 0, 0], "texture": "#2"},
				"south": {"uv": [0, 6.25, 8.75, 6.75], "texture": "#2", "cullface": "west"},
				"west": {"uv": [7.5, 6.25, 8.5, 6.75], "texture": "#2", "cullface": "west"},
				"up": {"uv": [0, 7.5, 8.75, 8.5], "texture": "#2", "cullface": "west"},
				"down": {"uv": [16, 8.5, 7.25, 7.5], "texture": "#2", "cullface": "west"}
			}
		},
		{
			"from": [-1.75, 9.25, 7.75],
			"to": [-1.25, 10, 8.25],
			"faces": {
				"north": {"uv": [7.25, 6.25, 16, 6.75], "texture": "#2", "cullface": "west"},
				"east": {"uv": [0, 0, 0, 0], "texture": "#2"},
				"south": {"uv": [0, 6.25, 8.75, 6.75], "texture": "#2", "cullface": "west"},
				"west": {"uv": [7.5, 6.25, 8.5, 6.75], "texture": "#2", "cullface": "west"},
				"up": {"uv": [0, 7.5, 8.75, 8.5], "texture": "#2", "cullface": "west"},
				"down": {"uv": [16, 8.5, 7.25, 7.5], "texture": "#2", "cullface": "west"}
			}
		},
		{
			"from": [-0.75, 9.25, 7.75],
			"to": [-0.25, 10, 8.25],
			"faces": {
				"north": {"uv": [7.25, 6.25, 16, 6.75], "texture": "#2", "cullface": "west"},
				"east": {"uv": [0, 0, 0, 0], "texture": "#2"},
				"south": {"uv": [0, 6.25, 8.75, 6.75], "texture": "#2", "cullface": "west"},
				"west": {"uv": [7.5, 6.25, 8.5, 6.75], "texture": "#2", "cullface": "west"},
				"up": {"uv": [0, 7.5, 8.75, 8.5], "texture": "#2", "cullface": "west"},
				"down": {"uv": [16, 8.5, 7.25, 7.5], "texture": "#2", "cullface": "west"}
			}
		},
		{
			"from": [0.25, 9.25, 7.75],
			"to": [0.75, 10, 8.25],
			"faces": {
				"north": {"uv": [7.25, 6.25, 16, 6.75], "texture": "#2", "cullface": "west"},
				"east": {"uv": [0, 0, 0, 0], "texture": "#2"},
				"south": {"uv": [0, 6.25, 8.75, 6.75], "texture": "#2", "cullface": "west"},
				"west": {"uv": [7.5, 6.25, 8.5, 6.75], "texture": "#2", "cullface": "west"},
				"up": {"uv": [0, 7.5, 8.75, 8.5], "texture": "#2", "cullface": "west"},
				"down": {"uv": [16, 8.5, 7.25, 7.5], "texture": "#2", "cullface": "west"}
			}
		},
		{
			"from": [1.25, 9.25, 7.75],
			"to": [1.75, 10, 8.25],
			"faces": {
				"north": {"uv": [7.25, 6.25, 16, 6.75], "texture": "#2", "cullface": "west"},
				"east": {"uv": [0, 0, 0, 0], "texture": "#2"},
				"south": {"uv": [0, 6.25, 8.75, 6.75], "texture": "#2", "cullface": "west"},
				"west": {"uv": [7.5, 6.25, 8.5, 6.75], "texture": "#2", "cullface": "west"},
				"up": {"uv": [0, 7.5, 8.75, 8.5], "texture": "#2", "cullface": "west"},
				"down": {"uv": [16, 8.5, 7.25, 7.5], "texture": "#2", "cullface": "west"}
			}
		},
		{
			"from": [2.25, 9.25, 7.75],
			"to": [2.75, 10, 8.25],
			"faces": {
				"north": {"uv": [7.25, 6.25, 16, 6.75], "texture": "#2", "cullface": "west"},
				"east": {"uv": [0, 0, 0, 0], "texture": "#2"},
				"south": {"uv": [0, 6.25, 8.75, 6.75], "texture": "#2", "cullface": "west"},
				"west": {"uv": [7.5, 6.25, 8.5, 6.75], "texture": "#2", "cullface": "west"},
				"up": {"uv": [0, 7.5, 8.75, 8.5], "texture": "#2", "cullface": "west"},
				"down": {"uv": [16, 8.5, 7.25, 7.5], "texture": "#2", "cullface": "west"}
			}
		},
		{
			"from": [3.25, 9.25, 7.75],
			"to": [3.75, 10, 8.25],
			"faces": {
				"north": {"uv": [7.25, 6.25, 16, 6.75], "texture": "#2", "cullface": "west"},
				"east": {"uv": [0, 0, 0, 0], "texture": "#2"},
				"south": {"uv": [0, 6.25, 8.75, 6.75], "texture": "#2", "cullface": "west"},
				"west": {"uv": [7.5, 6.25, 8.5, 6.75], "texture": "#2", "cullface": "west"},
				"up": {"uv": [0, 7.5, 8.75, 8.5], "texture": "#2", "cullface": "west"},
				"down": {"uv": [16, 8.5, 7.25, 7.5], "texture": "#2", "cullface": "west"}
			}
		},
		{
			"from": [4.25, 9.25, 7.75],
			"to": [4.75, 10, 8.25],
			"faces": {
				"north": {"uv": [7.25, 6.25, 16, 6.75], "texture": "#2", "cullface": "west"},
				"east": {"uv": [0, 0, 0, 0], "texture": "#2"},
				"south": {"uv": [0, 6.25, 8.75, 6.75], "texture": "#2", "cullface": "west"},
				"west": {"uv": [7.5, 6.25, 8.5, 6.75], "texture": "#2", "cullface": "west"},
				"up": {"uv": [0, 7.5, 8.75, 8.5], "texture": "#2", "cullface": "west"},
				"down": {"uv": [16, 8.5, 7.25, 7.5], "texture": "#2", "cullface": "west"}
			}
		},
		{
			"from": [5.25, 9.25, 7.75],
			"to": [5.75, 10, 8.25],
			"faces": {
				"north": {"uv": [7.25, 6.25, 16, 6.75], "texture": "#2", "cullface": "west"},
				"east": {"uv": [0, 0, 0, 0], "texture": "#2"},
				"south": {"uv": [0, 6.25, 8.75, 6.75], "texture": "#2", "cullface": "west"},
				"west": {"uv": [7.5, 6.25, 8.5, 6.75], "texture": "#2", "cullface": "west"},
				"up": {"uv": [0, 7.5, 8.75, 8.5], "texture": "#2", "cullface": "west"},
				"down": {"uv": [16, 8.5, 7.25, 7.5], "texture": "#2", "cullface": "west"}
			}
		},
		{
			"from": [6.25, 9.25, 7.75],
			"to": [6.75, 10, 8.25],
			"faces": {
				"north": {"uv": [7.25, 6.25, 16, 6.75], "texture": "#2", "cullface": "west"},
				"east": {"uv": [0, 0, 0, 0], "texture": "#2"},
				"south": {"uv": [0, 6.25, 8.75, 6.75], "texture": "#2", "cullface": "west"},
				"west": {"uv": [7.5, 6.25, 8.5, 6.75], "texture": "#2", "cullface": "west"},
				"up": {"uv": [0, 7.5, 8.75, 8.5], "texture": "#2", "cullface": "west"},
				"down": {"uv": [16, 8.5, 7.25, 7.5], "texture": "#2", "cullface": "west"}
			}
		},
		{
			"from": [7.25, 9.25, 7.75],
			"to": [7.75, 10, 8.25],
			"faces": {
				"north": {"uv": [7.25, 6.25, 16, 6.75], "texture": "#2", "cullface": "west"},
				"east": {"uv": [0, 0, 0, 0], "texture": "#2"},
				"south": {"uv": [0, 6.25, 8.75, 6.75], "texture": "#2", "cullface": "west"},
				"west": {"uv": [7.5, 6.25, 8.5, 6.75], "texture": "#2", "cullface": "west"},
				"up": {"uv": [0, 7.5, 8.75, 8.5], "texture": "#2", "cullface": "west"},
				"down": {"uv": [16, 8.5, 7.25, 7.5], "texture": "#2", "cullface": "west"}
			}
		},
		{
			"from": [-4, 5.75, 7.75],
			"to": [-3.5, 6.5, 8.25],
			"faces": {
				"north": {"uv": [7.25, 6.25, 16, 6.75], "texture": "#1", "cullface": "west"},
				"east": {"uv": [0, 0, 0, 0], "texture": "#1"},
				"south": {"uv": [0, 6.25, 8.75, 6.75], "texture": "#1", "cullface": "west"},
				"west": {"uv": [7.5, 6.25, 8.5, 6.75], "texture": "#1", "cullface": "west"},
				"up": {"uv": [0, 7.5, 8.75, 8.5], "texture": "#1", "cullface": "west"},
				"down": {"uv": [16, 8.5, 7.25, 7.5], "texture": "#1", "cullface": "west"}
			}
		},
		{
			"from": [-3, 5.75, 7.75],
			"to": [-2.5, 6.5, 8.25],
			"faces": {
				"north": {"uv": [7.25, 6.25, 16, 6.75], "texture": "#1", "cullface": "west"},
				"east": {"uv": [0, 0, 0, 0], "texture": "#1"},
				"south": {"uv": [0, 6.25, 8.75, 6.75], "texture": "#1", "cullface": "west"},
				"west": {"uv": [7.5, 6.25, 8.5, 6.75], "texture": "#1", "cullface": "west"},
				"up": {"uv": [0, 7.5, 8.75, 8.5], "texture": "#1", "cullface": "west"},
				"down": {"uv": [16, 8.5, 7.25, 7.5], "texture": "#1", "cullface": "west"}
			}
		},
		{
			"from": [-2, 5.75, 7.75],
			"to": [-1.5, 6.5, 8.25],
			"faces": {
				"north": {"uv": [7.25, 6.25, 16, 6.75], "texture": "#1", "cullface": "west"},
				"east": {"uv": [0, 0, 0, 0], "texture": "#1"},
				"south": {"uv": [0, 6.25, 8.75, 6.75], "texture": "#1", "cullface": "west"},
				"west": {"uv": [7.5, 6.25, 8.5, 6.75], "texture": "#1", "cullface": "west"},
				"up": {"uv": [0, 7.5, 8.75, 8.5], "texture": "#1", "cullface": "west"},
				"down": {"uv": [16, 8.5, 7.25, 7.5], "texture": "#1", "cullface": "west"}
			}
		},
		{
			"from": [-1, 5.75, 7.75],
			"to": [-0.5, 6.5, 8.25],
			"faces": {
				"north": {"uv": [7.25, 6.25, 16, 6.75], "texture": "#1", "cullface": "west"},
				"east": {"uv": [0, 0, 0, 0], "texture": "#1"},
				"south": {"uv": [0, 6.25, 8.75, 6.75], "texture": "#1", "cullface": "west"},
				"west": {"uv": [7.5, 6.25, 8.5, 6.75], "texture": "#1", "cullface": "west"},
				"up": {"uv": [0, 7.5, 8.75, 8.5], "texture": "#1", "cullface": "west"},
				"down": {"uv": [16, 8.5, 7.25, 7.5], "texture": "#1", "cullface": "west"}
			}
		},
		{
			"from": [0, 5.75, 7.75],
			"to": [0.5, 6.5, 8.25],
			"faces": {
				"north": {"uv": [7.25, 6.25, 16, 6.75], "texture": "#1", "cullface": "west"},
				"east": {"uv": [0, 0, 0, 0], "texture": "#1"},
				"south": {"uv": [0, 6.25, 8.75, 6.75], "texture": "#1", "cullface": "west"},
				"west": {"uv": [7.5, 6.25, 8.5, 6.75], "texture": "#1", "cullface": "west"},
				"up": {"uv": [0, 7.5, 8.75, 8.5], "texture": "#1", "cullface": "west"},
				"down": {"uv": [16, 8.5, 7.25, 7.5], "texture": "#1", "cullface": "west"}
			}
		},
		{
			"from": [1, 5.75, 7.75],
			"to": [1.5, 6.5, 8.25],
			"faces": {
				"north": {"uv": [7.25, 6.25, 16, 6.75], "texture": "#1", "cullface": "west"},
				"east": {"uv": [0, 0, 0, 0], "texture": "#1"},
				"south": {"uv": [0, 6.25, 8.75, 6.75], "texture": "#1", "cullface": "west"},
				"west": {"uv": [7.5, 6.25, 8.5, 6.75], "texture": "#1", "cullface": "west"},
				"up": {"uv": [0, 7.5, 8.75, 8.5], "texture": "#1", "cullface": "west"},
				"down": {"uv": [16, 8.5, 7.25, 7.5], "texture": "#1", "cullface": "west"}
			}
		},
		{
			"from": [2, 5.75, 7.75],
			"to": [2.5, 6.5, 8.25],
			"faces": {
				"north": {"uv": [7.25, 6.25, 16, 6.75], "texture": "#1", "cullface": "west"},
				"east": {"uv": [0, 0, 0, 0], "texture": "#1"},
				"south": {"uv": [0, 6.25, 8.75, 6.75], "texture": "#1", "cullface": "west"},
				"west": {"uv": [7.5, 6.25, 8.5, 6.75], "texture": "#1", "cullface": "west"},
				"up": {"uv": [0, 7.5, 8.75, 8.5], "texture": "#1", "cullface": "west"},
				"down": {"uv": [16, 8.5, 7.25, 7.5], "texture": "#1", "cullface": "west"}
			}
		},
		{
			"from": [3, 5.75, 7.75],
			"to": [3.5, 6.5, 8.25],
			"faces": {
				"north": {"uv": [7.25, 6.25, 16, 6.75], "texture": "#1", "cullface": "west"},
				"east": {"uv": [0, 0, 0, 0], "texture": "#1"},
				"south": {"uv": [0, 6.25, 8.75, 6.75], "texture": "#1", "cullface": "west"},
				"west": {"uv": [7.5, 6.25, 8.5, 6.75], "texture": "#1", "cullface": "west"},
				"up": {"uv": [0, 7.5, 8.75, 8.5], "texture": "#1", "cullface": "west"},
				"down": {"uv": [16, 8.5, 7.25, 7.5], "texture": "#1", "cullface": "west"}
			}
		},
		{
			"from": [4, 5.75, 7.75],
			"to": [4.5, 6.5, 8.25],
			"faces": {
				"north": {"uv": [7.25, 6.25, 16, 6.75], "texture": "#1", "cullface": "west"},
				"east": {"uv": [0, 0, 0, 0], "texture": "#1"},
				"south": {"uv": [0, 6.25, 8.75, 6.75], "texture": "#1", "cullface": "west"},
				"west": {"uv": [7.5, 6.25, 8.5, 6.75], "texture": "#1", "cullface": "west"},
				"up": {"uv": [0, 7.5, 8.75, 8.5], "texture": "#1", "cullface": "west"},
				"down": {"uv": [16, 8.5, 7.25, 7.5], "texture": "#1", "cullface": "west"}
			}
		},
		{
			"from": [5, 5.75, 7.75],
			"to": [5.5, 6.5, 8.25],
			"faces": {
				"north": {"uv": [7.25, 6.25, 16, 6.75], "texture": "#1", "cullface": "west"},
				"east": {"uv": [0, 0, 0, 0], "texture": "#1"},
				"south": {"uv": [0, 6.25, 8.75, 6.75], "texture": "#1", "cullface": "west"},
				"west": {"uv": [7.5, 6.25, 8.5, 6.75], "texture": "#1", "cullface": "west"},
				"up": {"uv": [0, 7.5, 8.75, 8.5], "texture": "#1", "cullface": "west"},
				"down": {"uv": [16, 8.5, 7.25, 7.5], "texture": "#1", "cullface": "west"}
			}
		},
		{
			"from": [6, 5.75, 7.75],
			"to": [6.5, 6.5, 8.25],
			"faces": {
				"north": {"uv": [7.25, 6.25, 16, 6.75], "texture": "#1", "cullface": "west"},
				"east": {"uv": [0, 0, 0, 0], "texture": "#1"},
				"south": {"uv": [0, 6.25, 8.75, 6.75], "texture": "#1", "cullface": "west"},
				"west": {"uv": [7.5, 6.25, 8.5, 6.75], "texture": "#1", "cullface": "west"},
				"up": {"uv": [0, 7.5, 8.75, 8.5], "texture": "#1", "cullface": "west"},
				"down": {"uv": [16, 8.5, 7.25, 7.5], "texture": "#1", "cullface": "west"}
			}
		},
		{
			"from": [7, 5.75, 7.75],
			"to": [7.5, 6.5, 8.25],
			"faces": {
				"north": {"uv": [7.25, 6.25, 16, 6.75], "texture": "#1", "cullface": "west"},
				"east": {"uv": [0, 0, 0, 0], "texture": "#1"},
				"south": {"uv": [0, 6.25, 8.75, 6.75], "texture": "#1", "cullface": "west"},
				"west": {"uv": [7.5, 6.25, 8.5, 6.75], "texture": "#1", "cullface": "west"},
				"up": {"uv": [0, 7.5, 8.75, 8.5], "texture": "#1", "cullface": "west"},
				"down": {"uv": [16, 8.5, 7.25, 7.5], "texture": "#1", "cullface": "west"}
			}
		},
		{
			"from": [7.5, 5.75, 7.75],
			"to": [8, 6.25, 8.25],
			"faces": {
				"north": {"uv": [7.25, 6.25, 16, 6.75], "texture": "#2", "cullface": "west"},
				"east": {"uv": [0, 0, 0, 0], "texture": "#2"},
				"south": {"uv": [0, 6.25, 8.75, 6.75], "texture": "#2", "cullface": "west"},
				"west": {"uv": [7.5, 6.25, 8.5, 6.75], "texture": "#2", "cullface": "west"},
				"up": {"uv": [0, 7.5, 8.75, 8.5], "texture": "#2", "cullface": "west"},
				"down": {"uv": [16, 8.5, 7.25, 7.5], "texture": "#2", "cullface": "west"}
			}
		},
		{
			"from": [8.5, 5.75, 7.75],
			"to": [9, 6.25, 8.25],
			"faces": {
				"north": {"uv": [7.25, 6.25, 16, 6.75], "texture": "#2", "cullface": "west"},
				"east": {"uv": [0, 0, 0, 0], "texture": "#2"},
				"south": {"uv": [0, 6.25, 8.75, 6.75], "texture": "#2", "cullface": "west"},
				"west": {"uv": [7.5, 6.25, 8.5, 6.75], "texture": "#2", "cullface": "west"},
				"up": {"uv": [0, 7.5, 8.75, 8.5], "texture": "#2", "cullface": "west"},
				"down": {"uv": [16, 8.5, 7.25, 7.5], "texture": "#2", "cullface": "west"}
			}
		},
		{
			"from": [8.25, 9.5, 7.75],
			"to": [8.75, 10, 8.25],
			"faces": {
				"north": {"uv": [7.25, 6.25, 16, 6.75], "texture": "#2", "cullface": "west"},
				"east": {"uv": [0, 0, 0, 0], "texture": "#2"},
				"south": {"uv": [0, 6.25, 8.75, 6.75], "texture": "#2", "cullface": "west"},
				"west": {"uv": [7.5, 6.25, 8.5, 6.75], "texture": "#2", "cullface": "west"},
				"up": {"uv": [0, 7.5, 8.75, 8.5], "texture": "#2", "cullface": "west"},
				"down": {"uv": [16, 8.5, 7.25, 7.5], "texture": "#2", "cullface": "west"}
			}
		},
		{
			"from": [8, 5.75, 7.75],
			"to": [8.5, 6.5, 8.25],
			"faces": {
				"north": {"uv": [7.25, 6.25, 16, 6.75], "texture": "#1", "cullface": "west"},
				"east": {"uv": [0, 0, 0, 0], "texture": "#1"},
				"south": {"uv": [0, 6.25, 8.75, 6.75], "texture": "#1", "cullface": "west"},
				"west": {"uv": [7.5, 6.25, 8.5, 6.75], "texture": "#1", "cullface": "west"},
				"up": {"uv": [0, 7.5, 8.75, 8.5], "texture": "#1", "cullface": "west"},
				"down": {"uv": [16, 8.5, 7.25, 7.5], "texture": "#1", "cullface": "west"}
			}
		},
		{
			"from": [6.75, 9.25, 7.75],
			"to": [7.25, 10, 8.25],
			"faces": {
				"north": {"uv": [7.25, 6.25, 16, 6.75], "texture": "#1", "cullface": "west"},
				"east": {"uv": [0, 0, 0, 0], "texture": "#1"},
				"south": {"uv": [0, 6.25, 8.75, 6.75], "texture": "#1", "cullface": "west"},
				"west": {"uv": [7.5, 6.25, 8.5, 6.75], "texture": "#1", "cullface": "west"},
				"up": {"uv": [0, 7.5, 8.75, 8.5], "texture": "#1", "cullface": "west"},
				"down": {"uv": [16, 8.5, 7.25, 7.5], "texture": "#1", "cullface": "west"}
			}
		},
		{
			"from": [5.75, 9.25, 7.75],
			"to": [6.25, 10, 8.25],
			"faces": {
				"north": {"uv": [7.25, 6.25, 16, 6.75], "texture": "#1", "cullface": "west"},
				"east": {"uv": [0, 0, 0, 0], "texture": "#1"},
				"south": {"uv": [0, 6.25, 8.75, 6.75], "texture": "#1", "cullface": "west"},
				"west": {"uv": [7.5, 6.25, 8.5, 6.75], "texture": "#1", "cullface": "west"},
				"up": {"uv": [0, 7.5, 8.75, 8.5], "texture": "#1", "cullface": "west"},
				"down": {"uv": [16, 8.5, 7.25, 7.5], "texture": "#1", "cullface": "west"}
			}
		},
		{
			"from": [4.75, 9.25, 7.75],
			"to": [5.25, 10, 8.25],
			"faces": {
				"north": {"uv": [7.25, 6.25, 16, 6.75], "texture": "#1", "cullface": "west"},
				"east": {"uv": [0, 0, 0, 0], "texture": "#1"},
				"south": {"uv": [0, 6.25, 8.75, 6.75], "texture": "#1", "cullface": "west"},
				"west": {"uv": [7.5, 6.25, 8.5, 6.75], "texture": "#1", "cullface": "west"},
				"up": {"uv": [0, 7.5, 8.75, 8.5], "texture": "#1", "cullface": "west"},
				"down": {"uv": [16, 8.5, 7.25, 7.5], "texture": "#1", "cullface": "west"}
			}
		},
		{
			"from": [-4.25, 9.25, 7.75],
			"to": [-3.75, 10, 8.25],
			"faces": {
				"north": {"uv": [7.25, 6.25, 16, 6.75], "texture": "#1", "cullface": "west"},
				"east": {"uv": [0, 0, 0, 0], "texture": "#1"},
				"south": {"uv": [0, 6.25, 8.75, 6.75], "texture": "#1", "cullface": "west"},
				"west": {"uv": [7.5, 6.25, 8.5, 6.75], "texture": "#1", "cullface": "west"},
				"up": {"uv": [0, 7.5, 8.75, 8.5], "texture": "#1", "cullface": "west"},
				"down": {"uv": [16, 8.5, 7.25, 7.5], "texture": "#1", "cullface": "west"}
			}
		},
		{
			"from": [-5.25, 9.25, 7.75],
			"to": [-4.75, 10, 8.25],
			"faces": {
				"north": {"uv": [7.25, 6.25, 16, 6.75], "texture": "#1", "cullface": "west"},
				"east": {"uv": [0, 0, 0, 0], "texture": "#1"},
				"south": {"uv": [0, 6.25, 8.75, 6.75], "texture": "#1", "cullface": "west"},
				"west": {"uv": [7.5, 6.25, 8.5, 6.75], "texture": "#1", "cullface": "west"},
				"up": {"uv": [0, 7.5, 8.75, 8.5], "texture": "#1", "cullface": "west"},
				"down": {"uv": [16, 8.5, 7.25, 7.5], "texture": "#1", "cullface": "west"}
			}
		},
		{
			"from": [-6.25, 9, 7.75],
			"to": [-5.75, 9.75, 8.25],
			"faces": {
				"north": {"uv": [7.25, 6.25, 16, 6.75], "texture": "#1", "cullface": "west"},
				"east": {"uv": [0, 0, 0, 0], "texture": "#1"},
				"south": {"uv": [0, 6.25, 8.75, 6.75], "texture": "#1", "cullface": "west"},
				"west": {"uv": [7.5, 6.25, 8.5, 6.75], "texture": "#1", "cullface": "west"},
				"up": {"uv": [0, 7.5, 8.75, 8.5], "texture": "#1", "cullface": "west"},
				"down": {"uv": [16, 8.5, 7.25, 7.5], "texture": "#1", "cullface": "west"}
			}
		},
		{
			"from": [-7, 8.75, 7.75],
			"to": [-6.5, 9.25, 8.25],
			"faces": {
				"north": {"uv": [7.25, 6.25, 16, 6.75], "texture": "#1", "cullface": "west"},
				"east": {"uv": [0, 0, 0, 0], "texture": "#1"},
				"south": {"uv": [0, 6.25, 8.75, 6.75], "texture": "#1", "cullface": "west"},
				"west": {"uv": [7.5, 6.25, 8.5, 6.75], "texture": "#1", "cullface": "west"},
				"up": {"uv": [0, 7.5, 8.75, 8.5], "texture": "#1", "cullface": "west"},
				"down": {"uv": [16, 8.5, 7.25, 7.5], "texture": "#1", "cullface": "west"}
			}
		},
		{
			"from": [-7.75, 8, 7.75],
			"to": [-7.25, 8.5, 8.25],
			"faces": {
				"north": {"uv": [7.25, 6.25, 16, 6.75], "texture": "#1", "cullface": "west"},
				"east": {"uv": [0, 0, 0, 0], "texture": "#1"},
				"south": {"uv": [0, 6.25, 8.75, 6.75], "texture": "#1", "cullface": "west"},
				"west": {"uv": [7.5, 6.25, 8.5, 6.75], "texture": "#1", "cullface": "west"},
				"up": {"uv": [0, 7.5, 8.75, 8.5], "texture": "#1", "cullface": "west"},
				"down": {"uv": [16, 8.5, 7.25, 7.5], "texture": "#1", "cullface": "west"}
			}
		},
		{
			"from": [-7.5, 7, 7.75],
			"to": [-7, 7.5, 8.25],
			"faces": {
				"north": {"uv": [7.25, 6.25, 16, 6.75], "texture": "#1", "cullface": "west"},
				"east": {"uv": [0, 0, 0, 0], "texture": "#1"},
				"south": {"uv": [0, 6.25, 8.75, 6.75], "texture": "#1", "cullface": "west"},
				"west": {"uv": [7.5, 6.25, 8.5, 6.75], "texture": "#1", "cullface": "west"},
				"up": {"uv": [0, 7.5, 8.75, 8.5], "texture": "#1", "cullface": "west"},
				"down": {"uv": [16, 8.5, 7.25, 7.5], "texture": "#1", "cullface": "west"}
			}
		},
		{
			"from": [-7.25, 6.5, 7.75],
			"to": [-6.75, 7, 8.25],
			"faces": {
				"north": {"uv": [7.25, 6.25, 16, 6.75], "texture": "#2", "cullface": "west"},
				"east": {"uv": [0, 0, 0, 0], "texture": "#2"},
				"south": {"uv": [0, 6.25, 8.75, 6.75], "texture": "#2", "cullface": "west"},
				"west": {"uv": [7.5, 6.25, 8.5, 6.75], "texture": "#2", "cullface": "west"},
				"up": {"uv": [0, 7.5, 8.75, 8.5], "texture": "#2", "cullface": "west"},
				"down": {"uv": [16, 8.5, 7.25, 7.5], "texture": "#2", "cullface": "west"}
			}
		},
		{
			"from": [-6.5, 6, 7.75],
			"to": [-6, 6.5, 8.25],
			"faces": {
				"north": {"uv": [7.25, 6.25, 16, 6.75], "texture": "#2", "cullface": "west"},
				"east": {"uv": [0, 0, 0, 0], "texture": "#2"},
				"south": {"uv": [0, 6.25, 8.75, 6.75], "texture": "#2", "cullface": "west"},
				"west": {"uv": [7.5, 6.25, 8.5, 6.75], "texture": "#2", "cullface": "west"},
				"up": {"uv": [0, 7.5, 8.75, 8.5], "texture": "#2", "cullface": "west"},
				"down": {"uv": [16, 8.5, 7.25, 7.5], "texture": "#2", "cullface": "west"}
			}
		},
		{
			"from": [-5.5, 5.75, 7.75],
			"to": [-5, 6.25, 8.25],
			"faces": {
				"north": {"uv": [7.25, 6.25, 16, 6.75], "texture": "#2", "cullface": "west"},
				"east": {"uv": [0, 0, 0, 0], "texture": "#2"},
				"south": {"uv": [0, 6.25, 8.75, 6.75], "texture": "#2", "cullface": "west"},
				"west": {"uv": [7.5, 6.25, 8.5, 6.75], "texture": "#2", "cullface": "west"},
				"up": {"uv": [0, 7.5, 8.75, 8.5], "texture": "#2", "cullface": "west"},
				"down": {"uv": [16, 8.5, 7.25, 7.5], "texture": "#2", "cullface": "west"}
			}
		},
		{
			"from": [-4.5, 5.75, 7.75],
			"to": [-4, 6.25, 8.25],
			"faces": {
				"north": {"uv": [7.25, 6.25, 16, 6.75], "texture": "#2", "cullface": "west"},
				"east": {"uv": [0, 0, 0, 0], "texture": "#2"},
				"south": {"uv": [0, 6.25, 8.75, 6.75], "texture": "#2", "cullface": "west"},
				"west": {"uv": [7.5, 6.25, 8.5, 6.75], "texture": "#2", "cullface": "west"},
				"up": {"uv": [0, 7.5, 8.75, 8.5], "texture": "#2", "cullface": "west"},
				"down": {"uv": [16, 8.5, 7.25, 7.5], "texture": "#2", "cullface": "west"}
			}
		},
		{
			"from": [-3.5, 5.75, 7.75],
			"to": [-3, 6.25, 8.25],
			"faces": {
				"north": {"uv": [7.25, 6.25, 16, 6.75], "texture": "#2", "cullface": "west"},
				"east": {"uv": [0, 0, 0, 0], "texture": "#2"},
				"south": {"uv": [0, 6.25, 8.75, 6.75], "texture": "#2", "cullface": "west"},
				"west": {"uv": [7.5, 6.25, 8.5, 6.75], "texture": "#2", "cullface": "west"},
				"up": {"uv": [0, 7.5, 8.75, 8.5], "texture": "#2", "cullface": "west"},
				"down": {"uv": [16, 8.5, 7.25, 7.5], "texture": "#2", "cullface": "west"}
			}
		},
		{
			"from": [-2.5, 5.75, 7.75],
			"to": [-2, 6.25, 8.25],
			"faces": {
				"north": {"uv": [7.25, 6.25, 16, 6.75], "texture": "#2", "cullface": "west"},
				"east": {"uv": [0, 0, 0, 0], "texture": "#2"},
				"south": {"uv": [0, 6.25, 8.75, 6.75], "texture": "#2", "cullface": "west"},
				"west": {"uv": [7.5, 6.25, 8.5, 6.75], "texture": "#2", "cullface": "west"},
				"up": {"uv": [0, 7.5, 8.75, 8.5], "texture": "#2", "cullface": "west"},
				"down": {"uv": [16, 8.5, 7.25, 7.5], "texture": "#2", "cullface": "west"}
			}
		},
		{
			"from": [-1.5, 5.75, 7.75],
			"to": [-1, 6.25, 8.25],
			"faces": {
				"north": {"uv": [7.25, 6.25, 16, 6.75], "texture": "#2", "cullface": "west"},
				"east": {"uv": [0, 0, 0, 0], "texture": "#2"},
				"south": {"uv": [0, 6.25, 8.75, 6.75], "texture": "#2", "cullface": "west"},
				"west": {"uv": [7.5, 6.25, 8.5, 6.75], "texture": "#2", "cullface": "west"},
				"up": {"uv": [0, 7.5, 8.75, 8.5], "texture": "#2", "cullface": "west"},
				"down": {"uv": [16, 8.5, 7.25, 7.5], "texture": "#2", "cullface": "west"}
			}
		},
		{
			"from": [-0.5, 5.75, 7.75],
			"to": [0, 6.25, 8.25],
			"faces": {
				"north": {"uv": [7.25, 6.25, 16, 6.75], "texture": "#2", "cullface": "west"},
				"east": {"uv": [0, 0, 0, 0], "texture": "#2"},
				"south": {"uv": [0, 6.25, 8.75, 6.75], "texture": "#2", "cullface": "west"},
				"west": {"uv": [7.5, 6.25, 8.5, 6.75], "texture": "#2", "cullface": "west"},
				"up": {"uv": [0, 7.5, 8.75, 8.5], "texture": "#2", "cullface": "west"},
				"down": {"uv": [16, 8.5, 7.25, 7.5], "texture": "#2", "cullface": "west"}
			}
		},
		{
			"from": [0.5, 5.75, 7.75],
			"to": [1, 6.25, 8.25],
			"faces": {
				"north": {"uv": [7.25, 6.25, 16, 6.75], "texture": "#2", "cullface": "west"},
				"east": {"uv": [0, 0, 0, 0], "texture": "#2"},
				"south": {"uv": [0, 6.25, 8.75, 6.75], "texture": "#2", "cullface": "west"},
				"west": {"uv": [7.5, 6.25, 8.5, 6.75], "texture": "#2", "cullface": "west"},
				"up": {"uv": [0, 7.5, 8.75, 8.5], "texture": "#2", "cullface": "west"},
				"down": {"uv": [16, 8.5, 7.25, 7.5], "texture": "#2", "cullface": "west"}
			}
		},
		{
			"from": [1.5, 5.75, 7.75],
			"to": [2, 6.25, 8.25],
			"faces": {
				"north": {"uv": [7.25, 6.25, 16, 6.75], "texture": "#2", "cullface": "west"},
				"east": {"uv": [0, 0, 0, 0], "texture": "#2"},
				"south": {"uv": [0, 6.25, 8.75, 6.75], "texture": "#2", "cullface": "west"},
				"west": {"uv": [7.5, 6.25, 8.5, 6.75], "texture": "#2", "cullface": "west"},
				"up": {"uv": [0, 7.5, 8.75, 8.5], "texture": "#2", "cullface": "west"},
				"down": {"uv": [16, 8.5, 7.25, 7.5], "texture": "#2", "cullface": "west"}
			}
		},
		{
			"from": [2.5, 5.75, 7.75],
			"to": [3, 6.25, 8.25],
			"faces": {
				"north": {"uv": [7.25, 6.25, 16, 6.75], "texture": "#2", "cullface": "west"},
				"east": {"uv": [0, 0, 0, 0], "texture": "#2"},
				"south": {"uv": [0, 6.25, 8.75, 6.75], "texture": "#2", "cullface": "west"},
				"west": {"uv": [7.5, 6.25, 8.5, 6.75], "texture": "#2", "cullface": "west"},
				"up": {"uv": [0, 7.5, 8.75, 8.5], "texture": "#2", "cullface": "west"},
				"down": {"uv": [16, 8.5, 7.25, 7.5], "texture": "#2", "cullface": "west"}
			}
		},
		{
			"from": [3.5, 5.75, 7.75],
			"to": [4, 6.25, 8.25],
			"faces": {
				"north": {"uv": [7.25, 6.25, 16, 6.75], "texture": "#2", "cullface": "west"},
				"east": {"uv": [0, 0, 0, 0], "texture": "#2"},
				"south": {"uv": [0, 6.25, 8.75, 6.75], "texture": "#2", "cullface": "west"},
				"west": {"uv": [7.5, 6.25, 8.5, 6.75], "texture": "#2", "cullface": "west"},
				"up": {"uv": [0, 7.5, 8.75, 8.5], "texture": "#2", "cullface": "west"},
				"down": {"uv": [16, 8.5, 7.25, 7.5], "texture": "#2", "cullface": "west"}
			}
		},
		{
			"from": [4.5, 5.75, 7.75],
			"to": [5, 6.25, 8.25],
			"faces": {
				"north": {"uv": [7.25, 6.25, 16, 6.75], "texture": "#2", "cullface": "west"},
				"east": {"uv": [0, 0, 0, 0], "texture": "#2"},
				"south": {"uv": [0, 6.25, 8.75, 6.75], "texture": "#2", "cullface": "west"},
				"west": {"uv": [7.5, 6.25, 8.5, 6.75], "texture": "#2", "cullface": "west"},
				"up": {"uv": [0, 7.5, 8.75, 8.5], "texture": "#2", "cullface": "west"},
				"down": {"uv": [16, 8.5, 7.25, 7.5], "texture": "#2", "cullface": "west"}
			}
		},
		{
			"from": [5.5, 5.75, 7.75],
			"to": [6, 6.25, 8.25],
			"faces": {
				"north": {"uv": [7.25, 6.25, 16, 6.75], "texture": "#2", "cullface": "west"},
				"east": {"uv": [0, 0, 0, 0], "texture": "#2"},
				"south": {"uv": [0, 6.25, 8.75, 6.75], "texture": "#2", "cullface": "west"},
				"west": {"uv": [7.5, 6.25, 8.5, 6.75], "texture": "#2", "cullface": "west"},
				"up": {"uv": [0, 7.5, 8.75, 8.5], "texture": "#2", "cullface": "west"},
				"down": {"uv": [16, 8.5, 7.25, 7.5], "texture": "#2", "cullface": "west"}
			}
		},
		{
			"from": [6.5, 5.75, 7.75],
			"to": [7, 6.25, 8.25],
			"faces": {
				"north": {"uv": [7.25, 6.25, 16, 6.75], "texture": "#2", "cullface": "west"},
				"east": {"uv": [0, 0, 0, 0], "texture": "#2"},
				"south": {"uv": [0, 6.25, 8.75, 6.75], "texture": "#2", "cullface": "west"},
				"west": {"uv": [7.5, 6.25, 8.5, 6.75], "texture": "#2", "cullface": "west"},
				"up": {"uv": [0, 7.5, 8.75, 8.5], "texture": "#2", "cullface": "west"},
				"down": {"uv": [16, 8.5, 7.25, 7.5], "texture": "#2", "cullface": "west"}
			}
		},
		{
			"from": [-6.5, 9, 7.75],
			"to": [-6, 9.75, 8.25],
			"faces": {
				"north": {"uv": [7.25, 6.25, 16, 6.75], "texture": "#2", "cullface": "west"},
				"east": {"uv": [0, 0, 0, 0], "texture": "#2"},
				"south": {"uv": [0, 6.25, 8.75, 6.75], "texture": "#2", "cullface": "west"},
				"west": {"uv": [7.5, 6.25, 8.5, 6.75], "texture": "#2", "cullface": "west"},
				"up": {"uv": [0, 7.5, 8.75, 8.5], "texture": "#2", "cullface": "west"},
				"down": {"uv": [16, 8.5, 7.25, 7.5], "texture": "#2", "cullface": "west"}
			}
		},
		{
			"from": [-7.5, 8.5, 7.75],
			"to": [-7, 9, 8.25],
			"faces": {
				"north": {"uv": [7.25, 6.25, 16, 6.75], "texture": "#2", "cullface": "west"},
				"east": {"uv": [0, 0, 0, 0], "texture": "#2"},
				"south": {"uv": [0, 6.25, 8.75, 6.75], "texture": "#2", "cullface": "west"},
				"west": {"uv": [7.5, 6.25, 8.5, 6.75], "texture": "#2", "cullface": "west"},
				"up": {"uv": [0, 7.5, 8.75, 8.5], "texture": "#2", "cullface": "west"},
				"down": {"uv": [16, 8.5, 7.25, 7.5], "texture": "#2", "cullface": "west"}
			}
		},
		{
			"from": [-7.75, 7.25, 7.75],
			"to": [-7.25, 7.75, 8.25],
			"faces": {
				"north": {"uv": [7.25, 6.25, 16, 6.75], "texture": "#2", "cullface": "west"},
				"east": {"uv": [0, 0, 0, 0], "texture": "#2"},
				"south": {"uv": [0, 6.25, 8.75, 6.75], "texture": "#2", "cullface": "west"},
				"west": {"uv": [7.5, 6.25, 8.5, 6.75], "texture": "#2", "cullface": "west"},
				"up": {"uv": [0, 7.5, 8.75, 8.5], "texture": "#2", "cullface": "west"},
				"down": {"uv": [16, 8.5, 7.25, 7.5], "texture": "#2", "cullface": "west"}
			}
		},
		{
			"from": [-7, 6.25, 7.75],
			"to": [-6.5, 6.75, 8.25],
			"faces": {
				"north": {"uv": [7.25, 6.25, 16, 6.75], "texture": "#1", "cullface": "west"},
				"east": {"uv": [0, 0, 0, 0], "texture": "#1"},
				"south": {"uv": [0, 6.25, 8.75, 6.75], "texture": "#1", "cullface": "west"},
				"west": {"uv": [7.5, 6.25, 8.5, 6.75], "texture": "#1", "cullface": "west"},
				"up": {"uv": [0, 7.5, 8.75, 8.5], "texture": "#1", "cullface": "west"},
				"down": {"uv": [16, 8.5, 7.25, 7.5], "texture": "#1", "cullface": "west"}
			}
		},
		{
			"from": [-6, 5.75, 7.75],
			"to": [-5.5, 6.25, 8.25],
			"faces": {
				"north": {"uv": [7.25, 6.25, 16, 6.75], "texture": "#1", "cullface": "west"},
				"east": {"uv": [0, 0, 0, 0], "texture": "#1"},
				"south": {"uv": [0, 6.25, 8.75, 6.75], "texture": "#1", "cullface": "west"},
				"west": {"uv": [7.5, 6.25, 8.5, 6.75], "texture": "#1", "cullface": "west"},
				"up": {"uv": [0, 7.5, 8.75, 8.5], "texture": "#1", "cullface": "west"},
				"down": {"uv": [16, 8.5, 7.25, 7.5], "texture": "#1", "cullface": "west"}
			}
		},
		{
			"from": [-5, 5.75, 7.75],
			"to": [-4.5, 6.25, 8.25],
			"faces": {
				"north": {"uv": [7.25, 6.25, 16, 6.75], "texture": "#1", "cullface": "west"},
				"east": {"uv": [0, 0, 0, 0], "texture": "#1"},
				"south": {"uv": [0, 6.25, 8.75, 6.75], "texture": "#1", "cullface": "west"},
				"west": {"uv": [7.5, 6.25, 8.5, 6.75], "texture": "#1", "cullface": "west"},
				"up": {"uv": [0, 7.5, 8.75, 8.5], "texture": "#1", "cullface": "west"},
				"down": {"uv": [16, 8.5, 7.25, 7.5], "texture": "#1", "cullface": "west"}
			}
		},
		{
			"from": [-3.25, 9.25, 7.75],
			"to": [-2.75, 10, 8.25],
			"faces": {
				"north": {"uv": [7.25, 6.25, 16, 6.75], "texture": "#1", "cullface": "west"},
				"east": {"uv": [0, 0, 0, 0], "texture": "#1"},
				"south": {"uv": [0, 6.25, 8.75, 6.75], "texture": "#1", "cullface": "west"},
				"west": {"uv": [7.5, 6.25, 8.5, 6.75], "texture": "#1", "cullface": "west"},
				"up": {"uv": [0, 7.5, 8.75, 8.5], "texture": "#1", "cullface": "west"},
				"down": {"uv": [16, 8.5, 7.25, 7.5], "texture": "#1", "cullface": "west"}
			}
		},
		{
			"from": [-2.25, 9.25, 7.75],
			"to": [-1.75, 10, 8.25],
			"faces": {
				"north": {"uv": [7.25, 6.25, 16, 6.75], "texture": "#1", "cullface": "west"},
				"east": {"uv": [0, 0, 0, 0], "texture": "#1"},
				"south": {"uv": [0, 6.25, 8.75, 6.75], "texture": "#1", "cullface": "west"},
				"west": {"uv": [7.5, 6.25, 8.5, 6.75], "texture": "#1", "cullface": "west"},
				"up": {"uv": [0, 7.5, 8.75, 8.5], "texture": "#1", "cullface": "west"},
				"down": {"uv": [16, 8.5, 7.25, 7.5], "texture": "#1", "cullface": "west"}
			}
		},
		{
			"from": [-1.25, 9.25, 7.75],
			"to": [-0.75, 10, 8.25],
			"faces": {
				"north": {"uv": [7.25, 6.25, 16, 6.75], "texture": "#1", "cullface": "west"},
				"east": {"uv": [0, 0, 0, 0], "texture": "#1"},
				"south": {"uv": [0, 6.25, 8.75, 6.75], "texture": "#1", "cullface": "west"},
				"west": {"uv": [7.5, 6.25, 8.5, 6.75], "texture": "#1", "cullface": "west"},
				"up": {"uv": [0, 7.5, 8.75, 8.5], "texture": "#1", "cullface": "west"},
				"down": {"uv": [16, 8.5, 7.25, 7.5], "texture": "#1", "cullface": "west"}
			}
		},
		{
			"from": [-0.25, 9.25, 7.75],
			"to": [0.25, 10, 8.25],
			"faces": {
				"north": {"uv": [7.25, 6.25, 16, 6.75], "texture": "#1", "cullface": "west"},
				"east": {"uv": [0, 0, 0, 0], "texture": "#1"},
				"south": {"uv": [0, 6.25, 8.75, 6.75], "texture": "#1", "cullface": "west"},
				"west": {"uv": [7.5, 6.25, 8.5, 6.75], "texture": "#1", "cullface": "west"},
				"up": {"uv": [0, 7.5, 8.75, 8.5], "texture": "#1", "cullface": "west"},
				"down": {"uv": [16, 8.5, 7.25, 7.5], "texture": "#1", "cullface": "west"}
			}
		},
		{
			"from": [3.75, 9.25, 7.75],
			"to": [4.25, 10, 8.25],
			"faces": {
				"north": {"uv": [7.25, 6.25, 16, 6.75], "texture": "#1", "cullface": "west"},
				"east": {"uv": [0, 0, 0, 0], "texture": "#1"},
				"south": {"uv": [0, 6.25, 8.75, 6.75], "texture": "#1", "cullface": "west"},
				"west": {"uv": [7.5, 6.25, 8.5, 6.75], "texture": "#1", "cullface": "west"},
				"up": {"uv": [0, 7.5, 8.75, 8.5], "texture": "#1", "cullface": "west"},
				"down": {"uv": [16, 8.5, 7.25, 7.5], "texture": "#1", "cullface": "west"}
			}
		},
		{
			"from": [2.75, 9.25, 7.75],
			"to": [3.25, 10, 8.25],
			"faces": {
				"north": {"uv": [7.25, 6.25, 16, 6.75], "texture": "#1", "cullface": "west"},
				"east": {"uv": [0, 0, 0, 0], "texture": "#1"},
				"south": {"uv": [0, 6.25, 8.75, 6.75], "texture": "#1", "cullface": "west"},
				"west": {"uv": [7.5, 6.25, 8.5, 6.75], "texture": "#1", "cullface": "west"},
				"up": {"uv": [0, 7.5, 8.75, 8.5], "texture": "#1", "cullface": "west"},
				"down": {"uv": [16, 8.5, 7.25, 7.5], "texture": "#1", "cullface": "west"}
			}
		},
		{
			"from": [1.75, 9.25, 7.75],
			"to": [2.25, 10, 8.25],
			"faces": {
				"north": {"uv": [7.25, 6.25, 16, 6.75], "texture": "#1", "cullface": "west"},
				"east": {"uv": [0, 0, 0, 0], "texture": "#1"},
				"south": {"uv": [0, 6.25, 8.75, 6.75], "texture": "#1", "cullface": "west"},
				"west": {"uv": [7.5, 6.25, 8.5, 6.75], "texture": "#1", "cullface": "west"},
				"up": {"uv": [0, 7.5, 8.75, 8.5], "texture": "#1", "cullface": "west"},
				"down": {"uv": [16, 8.5, 7.25, 7.5], "texture": "#1", "cullface": "west"}
			}
		},
		{
			"from": [0.75, 9.25, 7.75],
			"to": [1.25, 10, 8.25],
			"faces": {
				"north": {"uv": [7.25, 6.25, 16, 6.75], "texture": "#1", "cullface": "west"},
				"east": {"uv": [0, 0, 0, 0], "texture": "#1"},
				"south": {"uv": [0, 6.25, 8.75, 6.75], "texture": "#1", "cullface": "west"},
				"west": {"uv": [7.5, 6.25, 8.5, 6.75], "texture": "#1", "cullface": "west"},
				"up": {"uv": [0, 7.5, 8.75, 8.5], "texture": "#1", "cullface": "west"},
				"down": {"uv": [16, 8.5, 7.25, 7.5], "texture": "#1", "cullface": "west"}
			}
		},
		{
			"from": [-6.25, 9, 7.5],
			"to": [-5.5, 9.5, 8.5],
			"faces": {
				"north": {"uv": [16, 6.5, 16, 7], "texture": "#3", "cullface": "west"},
				"east": {"uv": [7.5, 6.5, 8.5, 7], "texture": "#3", "cullface": "west"},
				"south": {"uv": [0, 6.5, 0, 7], "texture": "#3", "cullface": "west"},
				"west": {"uv": [7.5, 6.5, 8.5, 7], "texture": "#3", "cullface": "west"},
				"up": {"uv": [0, 7.5, 0, 8.5], "texture": "#3", "cullface": "west"},
				"down": {"uv": [16, 8.5, 16, 7.5], "texture": "#3", "cullface": "west"}
			}
		},
		{
			"from": [-6.75, 8.5, 7.5],
			"to": [-6.25, 9.25, 8.5],
			"faces": {
				"north": {"uv": [16, 6.75, 16, 7.25], "texture": "#3", "cullface": "west"},
				"east": {"uv": [7.5, 6.75, 8.5, 7.25], "texture": "#3", "cullface": "west"},
				"south": {"uv": [0, 6.75, 0, 7.25], "texture": "#3", "cullface": "west"},
				"west": {"uv": [7.5, 6.75, 8.5, 7.25], "texture": "#3", "cullface": "west"},
				"up": {"uv": [0, 7.5, 0, 8.5], "texture": "#3", "cullface": "west"},
				"down": {"uv": [16, 8.5, 16, 7.5], "texture": "#3", "cullface": "west"}
			}
		},
		{
			"from": [-7.25, 7, 7.5],
			"to": [-6.75, 8.75, 8.5],
			"faces": {
				"north": {"uv": [16, 7, 16, 9.25], "texture": "#3", "cullface": "west"},
				"east": {"uv": [7.5, 7, 8.5, 9.25], "texture": "#3", "cullface": "west"},
				"south": {"uv": [0, 7, 0, 9.25], "texture": "#3", "cullface": "west"},
				"west": {"uv": [7.5, 7, 8.5, 9.25], "texture": "#3", "cullface": "west"},
				"up": {"uv": [0, 7.5, 0, 8.5], "texture": "#3", "cullface": "west"},
				"down": {"uv": [16, 8.5, 16, 7.5], "texture": "#3", "cullface": "west"}
			}
		},
		{
			"from": [-6.75, 6.5, 7.5],
			"to": [-6.25, 7.25, 8.5],
			"faces": {
				"north": {"uv": [16, 9, 16, 9.5], "texture": "#3", "cullface": "west"},
				"east": {"uv": [7.5, 9, 8.5, 9.5], "texture": "#3", "cullface": "west"},
				"south": {"uv": [0, 9, 0, 9.5], "texture": "#3", "cullface": "west"},
				"west": {"uv": [7.5, 9, 8.5, 9.5], "texture": "#3", "cullface": "west"},
				"up": {"uv": [0, 7.5, 0, 8.5], "texture": "#3", "cullface": "west"},
				"down": {"uv": [16, 8.5, 16, 7.5], "texture": "#3", "cullface": "west"}
			}
		},
		{
			"from": [-6.25, 6.25, 7.5],
			"to": [-5.5, 6.75, 8.5],
			"faces": {
				"north": {"uv": [16, 9.25, 16, 9.75], "texture": "#3", "cullface": "west"},
				"east": {"uv": [7.5, 9.25, 8.5, 9.75], "texture": "#3", "cullface": "west"},
				"south": {"uv": [0, 9.25, 0, 9.75], "texture": "#3", "cullface": "west"},
				"west": {"uv": [7.5, 9.25, 8.5, 9.75], "texture": "#3", "cullface": "west"},
				"up": {"uv": [0, 7.5, 0, 8.5], "texture": "#3", "cullface": "west"},
				"down": {"uv": [16, 8.5, 16, 7.5], "texture": "#3", "cullface": "west"}
			}
		},
		{
			"from": [-5.5, 6, 7.5],
			"to": [8.75, 6.5, 8.5],
			"faces": {
				"north": {"uv": [7.25, 9.5, 16, 10], "texture": "#3", "cullface": "west"},
				"south": {"uv": [0, 9.5, 8.75, 10], "texture": "#3", "cullface": "west"},
				"west": {"uv": [7.5, 9.5, 8.5, 10], "texture": "#3", "cullface": "west"},
				"up": {"uv": [0, 7.5, 8.75, 8.5], "texture": "#3", "cullface": "west"},
				"down": {"uv": [16, 8.5, 7.25, 7.5], "texture": "#3", "cullface": "west"}
			}
		},
		{
			"from": [9.75, 10.25, 8.75],
			"to": [10.75, 11.75, 13.25],
			"faces": {
				"north": {"uv": [0, 4.25, 5.25, 5.75], "texture": "#4", "cullface": "east"},
				"east": {"uv": [2.75, 4.25, 9.25, 5.75], "texture": "#4", "cullface": "east"},
				"south": {"uv": [6.75, 4.25, 9, 5.75], "texture": "#4", "cullface": "east"},
				"west": {"uv": [6.75, 4.25, 13.25, 5.75], "texture": "#4", "cullface": "east"},
				"up": {"uv": [7.75, 6.75, 9, 13.25], "texture": "#4", "cullface": "east"}
			}
		},
		{
			"from": [10.75, 10.25, 6.75],
			"to": [17.5, 11.75, 13.25],
			"faces": {
				"north": {"uv": [0, 4.25, 5.25, 5.75], "texture": "#4", "cullface": "east"},
				"east": {"uv": [2.75, 4.25, 9.25, 5.75], "texture": "#4", "cullface": "east"},
				"south": {"uv": [10.75, 4.25, 16, 5.75], "texture": "#4", "cullface": "east"},
				"west": {"uv": [6.75, 4.25, 13.25, 5.75], "texture": "#4", "cullface": "east"},
				"up": {"uv": [10.75, 6.75, 16, 13.25], "texture": "#4", "cullface": "east"}
			}
		},
		{
			"from": [10.75, 11.75, 7],
			"to": [17.5, 12, 13],
			"faces": {
				"north": {"uv": [0, 4, 5.25, 4.25], "texture": "#4", "cullface": "east"},
				"east": {"uv": [3, 4, 9, 4.25], "texture": "#4", "cullface": "east"},
				"south": {"uv": [10.75, 4, 16, 4.25], "texture": "#4", "cullface": "east"},
				"west": {"uv": [7, 4, 13, 4.25], "texture": "#4", "cullface": "east"},
				"up": {"uv": [10.75, 7, 16, 13], "texture": "#4", "cullface": "east"}
			}
		},
		{
			"from": [10.75, 12, 7.5],
			"to": [17.5, 12.25, 12.5],
			"faces": {
				"north": {"uv": [0, 3.75, 5.25, 4], "texture": "#4", "cullface": "east"},
				"east": {"uv": [3.5, 3.75, 8.5, 4], "texture": "#4", "cullface": "east"},
				"south": {"uv": [10.75, 3.75, 16, 4], "texture": "#4", "cullface": "east"},
				"west": {"uv": [7.5, 3.75, 12.5, 4], "texture": "#4", "cullface": "east"},
				"up": {"uv": [10.75, 7.5, 16, 12.5], "texture": "#4", "cullface": "east"}
			}
		},
		{
			"from": [9, 10.25, 7],
			"to": [10.5, 12, 8.5],
			"faces": {
				"north": {"uv": [5.5, 4, 7, 5.75], "texture": "#4"},
				"east": {"uv": [7.5, 4, 9, 5.75], "texture": "#4"},
				"south": {"uv": [9, 4, 10.5, 5.75], "texture": "#4"},
				"west": {"uv": [7, 4, 8.5, 5.75], "texture": "#4"},
				"up": {"uv": [9, 7, 10.5, 8.5], "texture": "#4"}
			}
		},
		{
			"from": [17.375, 10.125, 9.25],
			"to": [22.875, 11.375, 10.75],
			"rotation": {"angle": -22.5, "axis": "z", "origin": [17.375, 11.375, 9.25]},
			"faces": {
				"north": {"uv": [0, 5.5, 0, 6.75], "texture": "#4", "cullface": "east"},
				"east": {"uv": [5.25, 5.5, 6.75, 6.75], "texture": "#4", "cullface": "east"},
				"south": {"uv": [16, 5.5, 16, 6.75], "texture": "#4", "cullface": "east"},
				"west": {"uv": [9.25, 5.5, 10.75, 6.75], "texture": "#4", "cullface": "east"},
				"up": {"uv": [16, 9.25, 16, 10.75], "texture": "#4", "cullface": "east"},
				"down": {"uv": [0, 10.75, 0, 9.25], "texture": "#4", "cullface": "east"}
			}
		},
		{
			"from": [21.25, 8.5, 9.25],
			"to": [22.5, 9.25, 10.75],
			"faces": {
				"north": {"uv": [0, 6.75, 0, 7.5], "texture": "#4", "cullface": "east"},
				"east": {"uv": [5.25, 6.75, 6.75, 7.5], "texture": "#4", "cullface": "east"},
				"south": {"uv": [16, 6.75, 16, 7.5], "texture": "#4", "cullface": "east"},
				"west": {"uv": [9.25, 6.75, 10.75, 7.5], "texture": "#4", "cullface": "east"},
				"up": {"uv": [16, 9.25, 16, 10.75], "texture": "#4", "cullface": "east"}
			}
		},
		{
			"from": [17.5, 6.25, 8.75],
			"to": [22.5, 7.75, 11.25],
			"faces": {
				"north": {"uv": [0, 8.25, 0, 9.75], "texture": "#4", "cullface": "east"},
				"east": {"uv": [4.75, 8.25, 7.25, 9.75], "texture": "#4", "cullface": "east"},
				"south": {"uv": [16, 8.25, 16, 9.75], "texture": "#4", "cullface": "east"},
				"up": {"uv": [16, 8.75, 16, 11.25], "texture": "#4", "cullface": "east"},
				"down": {"uv": [0, 11.25, 0, 8.75], "texture": "#4", "cullface": "east"}
			}
		},
		{
			"from": [17.75, 9.25, 9.5],
			"to": [19.5, 10.5, 10.5],
			"rotation": {"angle": -22.5, "axis": "z", "origin": [17.75, 10.5, 9.5]},
			"faces": {
				"north": {"uv": [0, 0, 0, 1], "texture": "#3", "cullface": "east"},
				"east": {"uv": [5.5, 0, 6.5, 1], "texture": "#3", "cullface": "east"},
				"south": {"uv": [16, 0, 16, 1], "texture": "#3", "cullface": "east"},
				"west": {"uv": [9.5, 0, 10.5, 1], "texture": "#3", "cullface": "east"},
				"up": {"uv": [16, 9.5, 16, 10.5], "texture": "#3", "cullface": "east"},
				"down": {"uv": [0, 10.5, 0, 9.5], "texture": "#3", "cullface": "east"}
			}
		},
		{
			"from": [21.25, 7.75, 9],
			"to": [22.5, 8.5, 11],
			"faces": {
				"north": {"uv": [0, 7.5, 0, 8.25], "texture": "#4", "cullface": "east"},
				"east": {"uv": [5, 7.5, 7, 8.25], "texture": "#4", "cullface": "east"},
				"south": {"uv": [16, 7.5, 16, 8.25], "texture": "#4", "cullface": "east"},
				"west": {"uv": [9, 7.5, 11, 8.25], "texture": "#4", "cullface": "east"},
				"up": {"uv": [16, 9, 16, 11], "texture": "#4", "cullface": "east"}
			}
		}
	],
	"gui_light": "front",
	"display": {
		"thirdperson_righthand": {
			"rotation": [0, -90, -81],
			"translation": [1.25, 7.75, -1.5],
			"scale": [0.86, 0.8, 0.72]
		},
		"thirdperson_lefthand": {
			"rotation": [0, 90, 81],
			"translation": [-1.5, 7.75, -1.5],
			"scale": [0.86, 0.8, 0.72]
		},
		"firstperson_righthand": {
			"rotation": [0, -90, -55],
			"translation": [4.5, 2.5, -4.75],
			"scale": [1.01, 0.95, 0.88]
		},
		"firstperson_lefthand": {
			"rotation": [0, 90, 55],
			"translation": [2.5, 2.5, -4.75],
			"scale": [1.01, 0.95, 0.88]
		},
		"ground": {
			"translation": [0.25, 0, -1.75],
			"scale": [0.95, 0.89, 0.81]
		},
		"gui": {
			"rotation": [-4.81, 16.11, 37.62],
			"translation": [0.25, 0, 0],
			"scale": [0.57477, 0.59289, 0.90867]
		},
		"head": {
			"translation": [-5, 9.25, -2.25]
		},
		"fixed": {
			"rotation": [0, 180, -45],
			"translation": [-0.25, -0.25, -0.25],
			"scale": [0.94, 0.88, 0.72]
		}
	}
}