{
	"credit": "Cezar_",
	"textures": {
		"1": "block/color/sborringer/sborringer_1",
		"2": "block/color/sborringer/sborringer_2",
		"3": "block/color/sborringer/sborringer_3",
		"4": "block/color/sborringer/sborringer_4",
		"particle": "block/color/empty"
	},
	"elements": [
		{
			"from": [6.4, 6, 7.8],
			"to": [7.125, 7.5, 8.2],
			"rotation": {"angle": -22.5, "axis": "z", "origin": [13.75, -2.925, 7.75]},
			"faces": {
				"north": {"uv": [16, 12, 15, 11], "texture": "#3"},
				"east": {"uv": [16, 12, 15, 11], "texture": "#3"},
				"south": {"uv": [16, 12, 15, 11], "texture": "#3"},
				"west": {"uv": [16, 12, 15, 11], "texture": "#3"},
				"down": {"uv": [15, 11, 16, 12], "texture": "#3"}
			}
		},
		{
			"from": [12.17, 8.945, 7.045],
			"to": [14.63, 12.005, 8.955],
			"rotation": {"angle": 0, "axis": "y", "origin": [4.3, -8.25, -0.25]},
			"faces": {
				"north": {"uv": [14, 14, 2, 5], "texture": "#4"},
				"east": {"uv": [2, 5, 14, 14], "texture": "#4"},
				"south": {"uv": [2, 5, 14, 14], "rotation": 270, "texture": "#4"},
				"west": {"uv": [14, 14, 2, 5], "texture": "#4"},
				"up": {"uv": [2, 5, 14, 14], "texture": "#4"},
				"down": {"uv": [14, 14, 2, 5], "texture": "#4"}
			}
		},
		{
			"from": [12.66, 8.685, 7.035],
			"to": [14.14, 12.265, 8.965],
			"rotation": {"angle": 0, "axis": "y", "origin": [4.3, -8.25, -0.25]},
			"faces": {
				"north": {"uv": [16, 16, 14, 14], "texture": "#4"},
				"east": {"uv": [14, 14, 16, 16], "texture": "#4"},
				"south": {"uv": [14, 14, 16, 16], "texture": "#4"},
				"west": {"uv": [16, 16, 14, 14], "texture": "#4"},
				"up": {"uv": [14, 14, 16, 16], "texture": "#4"},
				"down": {"uv": [16, 16, 14, 14], "texture": "#4"}
			}
		},
		{
			"from": [11.9, 9.175, 7.025],
			"to": [14.9, 11.775, 8.975],
			"rotation": {"angle": 0, "axis": "y", "origin": [4.3, -8.25, -0.25]},
			"faces": {
				"north": {"uv": [3, 2, 0, 0], "texture": "#4"},
				"east": {"uv": [0, 0, 3, 2], "texture": "#4"},
				"south": {"uv": [0, 0, 3, 2], "texture": "#4"},
				"west": {"uv": [3, 2, 0, 0], "texture": "#4"},
				"up": {"uv": [0, 0, 3, 2], "texture": "#4"},
				"down": {"uv": [3, 2, 0, 0], "texture": "#4"}
			}
		},
		{
			"from": [11.66, 9.685, 7.035],
			"to": [15.14, 11.265, 8.965],
			"rotation": {"angle": 0, "axis": "y", "origin": [4.3, -8.25, -0.25]},
			"faces": {
				"north": {"uv": [16, 16, 5, 9], "texture": "#4"},
				"east": {"uv": [5, 9, 16, 16], "texture": "#4"},
				"south": {"uv": [5, 9, 16, 16], "texture": "#4"},
				"west": {"uv": [16, 16, 5, 9], "texture": "#4"},
				"up": {"uv": [5, 9, 16, 16], "texture": "#4"},
				"down": {"uv": [16, 16, 5, 9], "texture": "#4"}
			}
		},
		{
			"from": [10.11, 9.185, 7.235],
			"to": [12.84, 11.265, 8.765],
			"rotation": {"angle": 0, "axis": "y", "origin": [4, -8.25, -0.25]},
			"faces": {
				"north": {"uv": [16, 16, 13, 14], "texture": "#4"},
				"east": {"uv": [13, 14, 16, 16], "texture": "#4"},
				"south": {"uv": [13, 14, 16, 16], "texture": "#4"},
				"west": {"uv": [16, 16, 13, 14], "texture": "#4"},
				"up": {"uv": [13, 14, 16, 16], "texture": "#4"},
				"down": {"uv": [16, 16, 13, 14], "texture": "#4"}
			}
		},
		{
			"from": [8.1, 8.925, 7.225],
			"to": [10.35, 9.675, 8.775],
			"rotation": {"angle": 0, "axis": "y", "origin": [4, -8.25, -0.25]},
			"faces": {
				"north": {"uv": [16, 16, 13, 14], "texture": "#4"},
				"east": {"uv": [13, 14, 16, 16], "texture": "#4"},
				"south": {"uv": [13, 14, 16, 16], "texture": "#4"},
				"west": {"uv": [16, 16, 13, 14], "texture": "#4"},
				"up": {"uv": [13, 14, 16, 16], "texture": "#4"},
				"down": {"uv": [16, 16, 13, 14], "texture": "#4"}
			}
		},
		{
			"from": [11.09, 8.915, 7.215],
			"to": [13.61, 11.035, 8.785],
			"rotation": {"angle": 0, "axis": "y", "origin": [4, -8.25, -0.25]},
			"faces": {
				"north": {"uv": [16, 16, 13, 14], "texture": "#4"},
				"east": {"uv": [13, 14, 16, 16], "texture": "#4"},
				"south": {"uv": [13, 14, 16, 16], "texture": "#4"},
				"west": {"uv": [16, 16, 13, 14], "texture": "#4"},
				"up": {"uv": [13, 14, 16, 16], "texture": "#4"},
				"down": {"uv": [16, 16, 13, 14], "texture": "#4"}
			}
		},
		{
			"from": [10.85, 7.675, 7.475],
			"to": [12.35, 9.175, 8.525],
			"rotation": {"angle": 0, "axis": "y", "origin": [4, -8.25, -0.25]},
			"faces": {
				"north": {"uv": [16, 16, 13, 14], "texture": "#4"},
				"east": {"uv": [13, 14, 16, 16], "texture": "#4"},
				"south": {"uv": [13, 14, 16, 16], "texture": "#4"},
				"west": {"uv": [16, 16, 13, 14], "texture": "#4"},
				"up": {"uv": [13, 14, 16, 16], "texture": "#4"},
				"down": {"uv": [16, 16, 13, 14], "texture": "#4"}
			}
		},
		{
			"from": [11.1, 7.675, 7.45],
			"to": [12.1, 9.175, 8.55],
			"rotation": {"angle": 0, "axis": "y", "origin": [4, -8.25, -0.25]},
			"faces": {
				"north": {"uv": [16, 16, 13, 14], "texture": "#3"},
				"east": {"uv": [13, 14, 16, 16], "texture": "#3"},
				"south": {"uv": [13, 14, 16, 16], "texture": "#3"},
				"west": {"uv": [16, 16, 13, 14], "texture": "#3"},
				"up": {"uv": [13, 14, 16, 16], "texture": "#3"},
				"down": {"uv": [16, 16, 13, 14], "texture": "#3"}
			}
		},
		{
			"from": [11.35, 6.675, 7.45],
			"to": [12.35, 8.175, 8.55],
			"rotation": {"angle": 0, "axis": "y", "origin": [4, -8.25, -0.25]},
			"faces": {
				"north": {"uv": [16, 16, 13, 14], "texture": "#3"},
				"east": {"uv": [13, 14, 16, 16], "texture": "#3"},
				"south": {"uv": [13, 14, 16, 16], "texture": "#3"},
				"west": {"uv": [16, 16, 13, 14], "texture": "#3"},
				"up": {"uv": [13, 14, 16, 16], "texture": "#3"},
				"down": {"uv": [16, 16, 13, 14], "texture": "#3"}
			}
		},
		{
			"from": [11.6, 5.675, 7.45],
			"to": [12.6, 7.175, 8.55],
			"rotation": {"angle": 0, "axis": "y", "origin": [4, -8.25, -0.25]},
			"faces": {
				"north": {"uv": [16, 16, 13, 14], "texture": "#3"},
				"east": {"uv": [13, 14, 16, 16], "texture": "#3"},
				"south": {"uv": [13, 14, 16, 16], "texture": "#3"},
				"west": {"uv": [16, 16, 13, 14], "texture": "#3"},
				"up": {"uv": [13, 14, 16, 16], "texture": "#3"},
				"down": {"uv": [16, 16, 13, 14], "texture": "#3"}
			}
		},
		{
			"from": [14.55, 3.25, 7.475],
			"to": [14.8, 6, 8.525],
			"rotation": {"angle": 22.5, "axis": "z", "origin": [4, -8.25, -0.25]},
			"faces": {
				"north": {"uv": [16, 16, 13, 14], "texture": "#4"},
				"east": {"uv": [13, 14, 16, 16], "texture": "#4"},
				"south": {"uv": [13, 14, 16, 16], "texture": "#4"},
				"west": {"uv": [16, 16, 13, 14], "texture": "#4"},
				"up": {"uv": [13, 14, 16, 16], "texture": "#4"},
				"down": {"uv": [16, 16, 13, 14], "texture": "#4"}
			}
		},
		{
			"from": [18.15, -3.05, 7.475],
			"to": [18.4, -1.65, 8.525],
			"rotation": {"angle": 45, "axis": "z", "origin": [4, -8.25, -0.25]},
			"faces": {
				"north": {"uv": [16, 16, 13, 14], "texture": "#4"},
				"east": {"uv": [13, 14, 16, 16], "texture": "#4"},
				"south": {"uv": [13, 14, 16, 16], "texture": "#4"},
				"west": {"uv": [16, 16, 13, 14], "texture": "#4"},
				"up": {"uv": [13, 14, 16, 16], "texture": "#4"},
				"down": {"uv": [16, 16, 13, 14], "texture": "#4"}
			}
		},
		{
			"from": [11.1, 6.675, 7.475],
			"to": [12.6, 8.175, 8.525],
			"rotation": {"angle": 0, "axis": "y", "origin": [4, -8.25, -0.25]},
			"faces": {
				"north": {"uv": [16, 16, 13, 14], "texture": "#4"},
				"east": {"uv": [13, 14, 16, 16], "texture": "#4"},
				"south": {"uv": [13, 14, 16, 16], "texture": "#4"},
				"west": {"uv": [16, 16, 13, 14], "texture": "#4"},
				"up": {"uv": [13, 14, 16, 16], "texture": "#4"},
				"down": {"uv": [16, 16, 13, 14], "texture": "#4"}
			}
		},
		{
			"from": [11.35, 5.675, 7.475],
			"to": [12.85, 7.175, 8.525],
			"rotation": {"angle": 0, "axis": "y", "origin": [4, -8.25, -0.25]},
			"faces": {
				"north": {"uv": [16, 16, 13, 14], "texture": "#4"},
				"east": {"uv": [13, 14, 16, 16], "texture": "#4"},
				"south": {"uv": [13, 14, 16, 16], "texture": "#4"},
				"west": {"uv": [16, 16, 13, 14], "texture": "#4"},
				"up": {"uv": [13, 14, 16, 16], "texture": "#4"},
				"down": {"uv": [16, 16, 13, 14], "texture": "#4"}
			}
		},
		{
			"from": [10.325, 5.425, 7.475],
			"to": [12.6, 5.675, 8.525],
			"rotation": {"angle": 0, "axis": "y", "origin": [4, -8.25, -0.25]},
			"faces": {
				"north": {"uv": [16, 16, 13, 14], "texture": "#4"},
				"east": {"uv": [13, 14, 16, 16], "texture": "#4"},
				"south": {"uv": [13, 14, 16, 16], "texture": "#4"},
				"west": {"uv": [16, 16, 13, 14], "texture": "#4"},
				"up": {"uv": [13, 14, 16, 16], "texture": "#4"},
				"down": {"uv": [16, 16, 13, 14], "texture": "#4"}
			}
		},
		{
			"from": [6.85, 9.675, 7.225],
			"to": [10.1, 10.275, 8.775],
			"rotation": {"angle": 0, "axis": "y", "origin": [4, -8.25, -0.25]},
			"faces": {
				"north": {"uv": [16, 16, 13, 14], "texture": "#4"},
				"east": {"uv": [13, 14, 16, 16], "texture": "#4"},
				"south": {"uv": [13, 14, 16, 16], "texture": "#4"},
				"west": {"uv": [16, 16, 13, 14], "texture": "#4"},
				"up": {"uv": [13, 14, 16, 16], "texture": "#4"},
				"down": {"uv": [16, 16, 13, 14], "texture": "#4"}
			}
		},
		{
			"from": [6.6, 9.675, 7.525],
			"to": [6.85, 11.025, 8.475],
			"rotation": {"angle": 0, "axis": "y", "origin": [4, -8.25, -0.25]},
			"faces": {
				"north": {"uv": [16, 16, 13, 14], "texture": "#4"},
				"east": {"uv": [13, 14, 16, 16], "texture": "#4"},
				"south": {"uv": [13, 14, 16, 16], "texture": "#4"},
				"west": {"uv": [16, 16, 13, 14], "texture": "#4"},
				"up": {"uv": [13, 14, 16, 16], "texture": "#4"},
				"down": {"uv": [16, 16, 13, 14], "texture": "#4"}
			}
		},
		{
			"from": [3.85, 10.15, 7.525],
			"to": [6.6, 10.55, 8.475],
			"rotation": {"angle": 0, "axis": "y", "origin": [4, -8.25, -0.25]},
			"faces": {
				"north": {"uv": [15, 15, 12, 13], "texture": "#2"},
				"east": {"uv": [12, 13, 15, 15], "texture": "#2"},
				"south": {"uv": [12, 13, 15, 15], "texture": "#2"},
				"west": {"uv": [15, 15, 12, 13], "texture": "#2"},
				"up": {"uv": [12, 13, 15, 15], "texture": "#2"},
				"down": {"uv": [15, 15, 12, 13], "texture": "#2"}
			}
		},
		{
			"from": [3.35, 9.85, 7.7],
			"to": [3.85, 10.85, 8.3],
			"rotation": {"angle": 0, "axis": "y", "origin": [4, -8.25, -0.25]},
			"faces": {
				"north": {"uv": [16, 16, 13, 14], "texture": "#4"},
				"east": {"uv": [13, 14, 16, 16], "texture": "#4"},
				"south": {"uv": [13, 14, 16, 16], "texture": "#4"},
				"west": {"uv": [16, 16, 13, 14], "texture": "#4"},
				"up": {"uv": [13, 14, 16, 16], "texture": "#4"},
				"down": {"uv": [16, 16, 13, 14], "texture": "#4"}
			}
		},
		{
			"from": [3.35, 10.075, 7.45],
			"to": [3.85, 10.625, 8.55],
			"rotation": {"angle": 0, "axis": "y", "origin": [4, -8.25, -0.25]},
			"faces": {
				"north": {"uv": [16, 16, 13, 14], "texture": "#4"},
				"east": {"uv": [13, 14, 16, 16], "texture": "#4"},
				"south": {"uv": [13, 14, 16, 16], "texture": "#4"},
				"west": {"uv": [16, 16, 13, 14], "texture": "#4"},
				"up": {"uv": [13, 14, 16, 16], "texture": "#4"},
				"down": {"uv": [16, 16, 13, 14], "texture": "#4"}
			}
		},
		{
			"from": [2.85, 9.75, 7.625],
			"to": [3.35, 10.95, 8.375],
			"rotation": {"angle": 0, "axis": "y", "origin": [4, -8.25, -0.25]},
			"faces": {
				"north": {"uv": [16, 16, 13, 14], "texture": "#4"},
				"east": {"uv": [13, 14, 16, 16], "texture": "#4"},
				"south": {"uv": [13, 14, 16, 16], "texture": "#4"},
				"west": {"uv": [16, 16, 13, 14], "texture": "#4"},
				"up": {"uv": [13, 14, 16, 16], "texture": "#4"},
				"down": {"uv": [16, 16, 13, 14], "texture": "#4"}
			}
		},
		{
			"from": [2.85, 9.975, 7.375],
			"to": [3.35, 10.725, 8.625],
			"rotation": {"angle": 0, "axis": "y", "origin": [4, -8.25, -0.25]},
			"faces": {
				"north": {"uv": [16, 16, 13, 14], "texture": "#4"},
				"east": {"uv": [13, 14, 16, 16], "texture": "#4"},
				"south": {"uv": [13, 14, 16, 16], "texture": "#4"},
				"west": {"uv": [16, 16, 13, 14], "texture": "#4"},
				"up": {"uv": [13, 14, 16, 16], "texture": "#4"},
				"down": {"uv": [16, 16, 13, 14], "texture": "#4"}
			}
		},
		{
			"from": [2.35, 9.675, 7.55],
			"to": [2.85, 11.025, 8.45],
			"rotation": {"angle": 0, "axis": "y", "origin": [4, -8.25, -0.25]},
			"faces": {
				"north": {"uv": [16, 16, 13, 14], "texture": "#4"},
				"east": {"uv": [13, 14, 16, 16], "texture": "#4"},
				"south": {"uv": [13, 14, 16, 16], "texture": "#4"},
				"west": {"uv": [16, 16, 13, 14], "texture": "#4"},
				"up": {"uv": [13, 14, 16, 16], "texture": "#4"},
				"down": {"uv": [16, 16, 13, 14], "texture": "#4"}
			}
		},
		{
			"from": [2.35, 9.9, 7.3],
			"to": [2.85, 10.8, 8.7],
			"rotation": {"angle": 0, "axis": "y", "origin": [4, -8.25, -0.25]},
			"faces": {
				"north": {"uv": [16, 16, 13, 14], "texture": "#4"},
				"east": {"uv": [13, 14, 16, 16], "texture": "#4"},
				"south": {"uv": [13, 14, 16, 16], "texture": "#4"},
				"west": {"uv": [16, 16, 13, 14], "texture": "#4"},
				"up": {"uv": [13, 14, 16, 16], "texture": "#4"},
				"down": {"uv": [16, 16, 13, 14], "texture": "#4"}
			}
		},
		{
			"from": [1.85, 9.6, 7.475],
			"to": [2.35, 11.1, 8.525],
			"rotation": {"angle": 0, "axis": "y", "origin": [4, -8.25, -0.25]},
			"faces": {
				"north": {"uv": [16, 16, 13, 14], "texture": "#4"},
				"east": {"uv": [13, 14, 16, 16], "texture": "#4"},
				"south": {"uv": [13, 14, 16, 16], "texture": "#4"},
				"west": {"uv": [16, 16, 13, 14], "texture": "#4"},
				"up": {"uv": [13, 14, 16, 16], "texture": "#4"},
				"down": {"uv": [16, 16, 13, 14], "texture": "#4"}
			}
		},
		{
			"from": [0.85, 10.225, 7.875],
			"to": [2.85, 10.475, 8.125],
			"rotation": {"angle": 0, "axis": "y", "origin": [4, -8.25, -0.25]},
			"faces": {
				"north": {"uv": [9, 15, 6, 13], "texture": "#2"},
				"east": {"uv": [6, 13, 9, 15], "texture": "#2"},
				"south": {"uv": [6, 13, 9, 15], "texture": "#2"},
				"west": {"uv": [9, 15, 6, 13], "texture": "#2"},
				"up": {"uv": [6, 13, 9, 15], "texture": "#2"},
				"down": {"uv": [9, 15, 6, 13], "texture": "#2"}
			}
		},
		{
			"from": [1.85, 9.825, 7.225],
			"to": [2.35, 10.875, 8.775],
			"rotation": {"angle": 0, "axis": "y", "origin": [4, -8.25, -0.25]},
			"faces": {
				"north": {"uv": [16, 16, 13, 14], "texture": "#4"},
				"east": {"uv": [13, 14, 16, 16], "texture": "#4"},
				"south": {"uv": [13, 14, 16, 16], "texture": "#4"},
				"west": {"uv": [16, 16, 13, 14], "texture": "#4"},
				"up": {"uv": [13, 14, 16, 16], "texture": "#4"},
				"down": {"uv": [16, 16, 13, 14], "texture": "#4"}
			}
		},
		{
			"from": [3.85, 9.925, 7.775],
			"to": [6.6, 10.775, 8.225],
			"rotation": {"angle": 0, "axis": "y", "origin": [4, -8.25, -0.25]},
			"faces": {
				"north": {"uv": [15, 15, 12, 13], "texture": "#2"},
				"east": {"uv": [12, 13, 15, 15], "texture": "#2"},
				"south": {"uv": [12, 13, 15, 15], "texture": "#2"},
				"west": {"uv": [15, 15, 12, 13], "texture": "#2"},
				"up": {"uv": [12, 13, 15, 15], "texture": "#2"},
				"down": {"uv": [15, 15, 12, 13], "texture": "#2"}
			}
		},
		{
			"from": [6.85, 9.425, 7.525],
			"to": [10.1, 9.675, 8.475],
			"rotation": {"angle": 0, "axis": "y", "origin": [4, -8.25, -0.25]},
			"faces": {
				"north": {"uv": [16, 16, 13, 14], "texture": "#4"},
				"east": {"uv": [13, 14, 16, 16], "texture": "#4"},
				"south": {"uv": [13, 14, 16, 16], "texture": "#4"},
				"west": {"uv": [16, 16, 13, 14], "texture": "#4"},
				"up": {"uv": [13, 14, 16, 16], "texture": "#4"},
				"down": {"uv": [16, 16, 13, 14], "texture": "#4"}
			}
		},
		{
			"from": [7.1, 10.25, 7.6],
			"to": [10.1, 11.2, 8.4],
			"rotation": {"angle": 0, "axis": "y", "origin": [4, -8.25, -0.25]},
			"faces": {
				"north": {"uv": [15, 15, 0, 4], "texture": "#1"},
				"east": {"uv": [0, 4, 15, 15], "texture": "#1"},
				"south": {"uv": [0, 4, 15, 15], "texture": "#1"},
				"west": {"uv": [15, 15, 0, 4], "texture": "#1"},
				"up": {"uv": [0, 2, 14, 14], "texture": "#1"},
				"down": {"uv": [15, 15, 0, 4], "texture": "#1"}
			}
		},
		{
			"from": [6.85, 10.275, 7.225],
			"to": [7.1, 11.025, 8.775],
			"rotation": {"angle": 0, "axis": "y", "origin": [4, -8.25, -0.25]},
			"faces": {
				"north": {"uv": [16, 16, 13, 14], "texture": "#4"},
				"east": {"uv": [13, 14, 16, 16], "texture": "#4"},
				"south": {"uv": [13, 14, 16, 16], "texture": "#4"},
				"west": {"uv": [16, 16, 13, 14], "texture": "#4"},
				"up": {"uv": [13, 14, 16, 16], "texture": "#4"},
				"down": {"uv": [16, 16, 13, 14], "texture": "#4"}
			}
		},
		{
			"from": [7.675, 9.775, 7.425],
			"to": [7.925, 11.325, 8.575],
			"rotation": {"angle": 0, "axis": "y", "origin": [4, -8.25, -0.25]},
			"faces": {
				"north": {"uv": [15, 15, 12, 13], "texture": "#2"},
				"east": {"uv": [12, 13, 15, 15], "texture": "#2"},
				"south": {"uv": [12, 13, 15, 15], "texture": "#2"},
				"west": {"uv": [15, 15, 12, 13], "texture": "#2"},
				"up": {"uv": [12, 13, 15, 15], "texture": "#2"},
				"down": {"uv": [15, 15, 12, 13], "texture": "#2"}
			}
		},
		{
			"from": [5.35, 14.125, 7.125],
			"to": [5.6, 15.425, 7.425],
			"rotation": {"angle": -22.5, "axis": "z", "origin": [4, -8.25, -0.25]},
			"faces": {
				"north": {"uv": [15, 15, 12, 13], "texture": "#2"},
				"east": {"uv": [12, 13, 15, 15], "texture": "#2"},
				"south": {"uv": [12, 13, 15, 15], "texture": "#2"},
				"west": {"uv": [15, 15, 12, 13], "texture": "#2"},
				"up": {"uv": [12, 13, 15, 15], "texture": "#2"},
				"down": {"uv": [15, 15, 12, 13], "texture": "#2"}
			}
		},
		{
			"from": [5.35, 14.125, 8.575],
			"to": [5.6, 15.425, 8.875],
			"rotation": {"angle": -22.5, "axis": "z", "origin": [4, -8.25, -0.25]},
			"faces": {
				"north": {"uv": [15, 15, 12, 13], "texture": "#2"},
				"east": {"uv": [12, 13, 15, 15], "texture": "#2"},
				"south": {"uv": [12, 13, 15, 15], "texture": "#2"},
				"west": {"uv": [15, 15, 12, 13], "texture": "#2"},
				"up": {"uv": [12, 13, 15, 15], "texture": "#2"},
				"down": {"uv": [15, 15, 12, 13], "texture": "#2"}
			}
		},
		{
			"from": [5.35, 15.375, 7.375],
			"to": [5.6, 15.675, 8.625],
			"rotation": {"angle": -22.5, "axis": "z", "origin": [4, -8.25, -0.25]},
			"faces": {
				"north": {"uv": [15, 15, 12, 13], "texture": "#2"},
				"east": {"uv": [12, 13, 15, 15], "texture": "#2"},
				"south": {"uv": [12, 13, 15, 15], "texture": "#2"},
				"west": {"uv": [15, 15, 12, 13], "texture": "#2"},
				"up": {"uv": [12, 13, 15, 15], "texture": "#2"},
				"down": {"uv": [15, 15, 12, 13], "texture": "#2"}
			}
		},
		{
			"from": [21.375, 5.55, 8.575],
			"to": [22.675, 5.8, 8.875],
			"rotation": {"angle": 22.5, "axis": "z", "origin": [4, -8.25, -0.25]},
			"faces": {
				"north": {"uv": [15, 15, 12, 13], "rotation": 270, "texture": "#2"},
				"east": {"uv": [12, 13, 15, 15], "rotation": 90, "texture": "#2"},
				"south": {"uv": [12, 13, 15, 15], "rotation": 90, "texture": "#2"},
				"west": {"uv": [15, 15, 12, 13], "rotation": 90, "texture": "#2"},
				"up": {"uv": [15, 15, 12, 13], "rotation": 90, "texture": "#2"},
				"down": {"uv": [12, 13, 15, 15], "rotation": 90, "texture": "#2"}
			}
		},
		{
			"from": [21.375, 5.45, 7.125],
			"to": [22.675, 5.7, 7.425],
			"rotation": {"angle": 22.5, "axis": "z", "origin": [4, -8.25, -0.25]},
			"faces": {
				"north": {"uv": [15, 15, 12, 13], "rotation": 270, "texture": "#2"},
				"east": {"uv": [12, 13, 15, 15], "rotation": 90, "texture": "#2"},
				"south": {"uv": [12, 13, 15, 15], "rotation": 90, "texture": "#2"},
				"west": {"uv": [15, 15, 12, 13], "rotation": 90, "texture": "#2"},
				"up": {"uv": [15, 15, 12, 13], "rotation": 90, "texture": "#2"},
				"down": {"uv": [12, 13, 15, 15], "rotation": 90, "texture": "#2"}
			}
		},
		{
			"from": [22.625, 5.55, 7.375],
			"to": [22.925, 5.8, 8.625],
			"rotation": {"angle": 22.5, "axis": "z", "origin": [4, -8.25, -0.25]},
			"faces": {
				"north": {"uv": [15, 15, 12, 13], "rotation": 270, "texture": "#2"},
				"east": {"uv": [12, 13, 15, 15], "rotation": 90, "texture": "#2"},
				"south": {"uv": [12, 13, 15, 15], "rotation": 90, "texture": "#2"},
				"west": {"uv": [15, 15, 12, 13], "rotation": 90, "texture": "#2"},
				"up": {"uv": [15, 15, 12, 13], "rotation": 90, "texture": "#2"},
				"down": {"uv": [12, 13, 15, 15], "rotation": 90, "texture": "#2"}
			}
		},
		{
			"from": [14.875, 9.925, 8.575],
			"to": [16.175, 10.175, 8.875],
			"rotation": {"angle": 0, "axis": "z", "origin": [4, -8.25, -0.25]},
			"faces": {
				"north": {"uv": [15, 15, 12, 13], "rotation": 270, "texture": "#2"},
				"east": {"uv": [12, 13, 15, 15], "rotation": 90, "texture": "#2"},
				"south": {"uv": [12, 13, 15, 15], "rotation": 90, "texture": "#2"},
				"west": {"uv": [15, 15, 12, 13], "rotation": 90, "texture": "#2"},
				"up": {"uv": [15, 15, 12, 13], "rotation": 90, "texture": "#2"},
				"down": {"uv": [12, 13, 15, 15], "rotation": 90, "texture": "#2"}
			}
		},
		{
			"from": [10.125, 9.775, 7],
			"to": [12.175, 10.025, 9],
			"rotation": {"angle": 0, "axis": "y", "origin": [4, -8.25, -0.25]},
			"faces": {
				"north": {"uv": [15, 15, 12, 13], "rotation": 270, "texture": "#2"},
				"east": {"uv": [12, 13, 15, 15], "rotation": 90, "texture": "#2"},
				"south": {"uv": [12, 13, 15, 15], "rotation": 90, "texture": "#2"},
				"west": {"uv": [15, 15, 12, 13], "rotation": 90, "texture": "#2"},
				"up": {"uv": [15, 15, 12, 13], "rotation": 90, "texture": "#2"},
				"down": {"uv": [12, 13, 15, 15], "rotation": 90, "texture": "#2"}
			}
		},
		{
			"from": [10.375, 9.4, 7],
			"to": [12.425, 9.65, 9],
			"rotation": {"angle": 0, "axis": "y", "origin": [4, -8.25, -0.25]},
			"faces": {
				"north": {"uv": [15, 15, 12, 13], "rotation": 270, "texture": "#2"},
				"east": {"uv": [12, 13, 15, 15], "rotation": 90, "texture": "#2"},
				"south": {"uv": [12, 13, 15, 15], "rotation": 90, "texture": "#2"},
				"west": {"uv": [15, 15, 12, 13], "rotation": 90, "texture": "#2"},
				"up": {"uv": [15, 15, 12, 13], "rotation": 90, "texture": "#2"},
				"down": {"uv": [12, 13, 15, 15], "rotation": 90, "texture": "#2"}
			}
		},
		{
			"from": [14.875, 9.925, 7.125],
			"to": [16.175, 10.175, 7.425],
			"rotation": {"angle": 0, "axis": "z", "origin": [4, -8.25, -0.25]},
			"faces": {
				"north": {"uv": [15, 15, 12, 13], "rotation": 270, "texture": "#2"},
				"east": {"uv": [12, 13, 15, 15], "rotation": 90, "texture": "#2"},
				"south": {"uv": [12, 13, 15, 15], "rotation": 90, "texture": "#2"},
				"west": {"uv": [15, 15, 12, 13], "rotation": 90, "texture": "#2"},
				"up": {"uv": [15, 15, 12, 13], "rotation": 90, "texture": "#2"},
				"down": {"uv": [12, 13, 15, 15], "rotation": 90, "texture": "#2"}
			}
		},
		{
			"from": [16.125, 9.925, 7.375],
			"to": [16.425, 10.175, 8.625],
			"rotation": {"angle": 0, "axis": "z", "origin": [4, -8.25, -0.25]},
			"faces": {
				"north": {"uv": [15, 15, 12, 13], "rotation": 270, "texture": "#2"},
				"east": {"uv": [12, 13, 15, 15], "rotation": 90, "texture": "#2"},
				"south": {"uv": [12, 13, 15, 15], "rotation": 90, "texture": "#2"},
				"west": {"uv": [15, 15, 12, 13], "rotation": 90, "texture": "#2"},
				"up": {"uv": [15, 15, 12, 13], "rotation": 90, "texture": "#2"},
				"down": {"uv": [12, 13, 15, 15], "rotation": 90, "texture": "#2"}
			}
		},
		{
			"from": [7.675, 9.775, 7.175],
			"to": [7.925, 11.075, 8.825],
			"rotation": {"angle": 0, "axis": "y", "origin": [4, -8.25, -0.25]},
			"faces": {
				"north": {"uv": [15, 15, 12, 13], "texture": "#2"},
				"east": {"uv": [12, 13, 15, 15], "texture": "#2"},
				"south": {"uv": [12, 13, 15, 15], "texture": "#2"},
				"west": {"uv": [15, 15, 12, 13], "texture": "#2"},
				"up": {"uv": [12, 13, 15, 15], "texture": "#2"},
				"down": {"uv": [15, 15, 12, 13], "texture": "#2"}
			}
		},
		{
			"from": [8.425, 9.775, 7.425],
			"to": [8.675, 11.325, 8.575],
			"rotation": {"angle": 0, "axis": "y", "origin": [4, -8.25, -0.25]},
			"faces": {
				"north": {"uv": [15, 15, 12, 13], "texture": "#2"},
				"east": {"uv": [12, 13, 15, 15], "texture": "#2"},
				"south": {"uv": [12, 13, 15, 15], "texture": "#2"},
				"west": {"uv": [15, 15, 12, 13], "texture": "#2"},
				"up": {"uv": [12, 13, 15, 15], "texture": "#2"},
				"down": {"uv": [15, 15, 12, 13], "texture": "#2"}
			}
		},
		{
			"from": [8.425, 9.775, 7.175],
			"to": [8.675, 11.075, 8.825],
			"rotation": {"angle": 0, "axis": "y", "origin": [4, -8.25, -0.25]},
			"faces": {
				"north": {"uv": [15, 15, 12, 13], "texture": "#2"},
				"east": {"uv": [12, 13, 15, 15], "texture": "#2"},
				"south": {"uv": [12, 13, 15, 15], "texture": "#2"},
				"west": {"uv": [15, 15, 12, 13], "texture": "#2"},
				"up": {"uv": [12, 13, 15, 15], "texture": "#2"},
				"down": {"uv": [15, 15, 12, 13], "texture": "#2"}
			}
		},
		{
			"from": [9.175, 9.775, 7.425],
			"to": [9.425, 11.325, 8.575],
			"rotation": {"angle": 0, "axis": "y", "origin": [4, -8.25, -0.25]},
			"faces": {
				"north": {"uv": [15, 15, 12, 13], "texture": "#2"},
				"east": {"uv": [12, 13, 15, 15], "texture": "#2"},
				"south": {"uv": [12, 13, 15, 15], "texture": "#2"},
				"west": {"uv": [15, 15, 12, 13], "texture": "#2"},
				"up": {"uv": [12, 13, 15, 15], "texture": "#2"},
				"down": {"uv": [15, 15, 12, 13], "texture": "#2"}
			}
		},
		{
			"from": [9.175, 9.775, 7.175],
			"to": [9.425, 11.075, 8.825],
			"rotation": {"angle": 0, "axis": "y", "origin": [4, -8.25, -0.25]},
			"faces": {
				"north": {"uv": [15, 15, 12, 13], "texture": "#2"},
				"east": {"uv": [12, 13, 15, 15], "texture": "#2"},
				"south": {"uv": [12, 13, 15, 15], "texture": "#2"},
				"west": {"uv": [15, 15, 12, 13], "texture": "#2"},
				"up": {"uv": [12, 13, 15, 15], "texture": "#2"},
				"down": {"uv": [15, 15, 12, 13], "texture": "#2"}
			}
		},
		{
			"from": [6.85, 10.275, 7.475],
			"to": [7.1, 11.275, 8.525],
			"rotation": {"angle": 0, "axis": "y", "origin": [4, -8.25, -0.25]},
			"faces": {
				"north": {"uv": [16, 16, 13, 14], "texture": "#4"},
				"east": {"uv": [13, 14, 16, 16], "texture": "#4"},
				"south": {"uv": [13, 14, 16, 16], "texture": "#4"},
				"west": {"uv": [16, 16, 13, 14], "texture": "#4"},
				"up": {"uv": [13, 14, 16, 16], "texture": "#4"},
				"down": {"uv": [16, 16, 13, 14], "texture": "#4"}
			}
		},
		{
			"from": [7.1, 10.25, 7.35],
			"to": [10.1, 10.95, 8.65],
			"rotation": {"angle": 0, "axis": "y", "origin": [4, -8.25, -0.25]},
			"faces": {
				"north": {"uv": [15, 15, 0, 4], "texture": "#1"},
				"east": {"uv": [0, 4, 15, 15], "texture": "#1"},
				"south": {"uv": [0, 4, 15, 15], "texture": "#1"},
				"west": {"uv": [15, 15, 0, 4], "texture": "#1"},
				"up": {"uv": [0, 2, 14, 14], "texture": "#1"},
				"down": {"uv": [15, 15, 0, 4], "texture": "#1"}
			}
		},
		{
			"from": [17.2, 6.825, 7.525],
			"to": [19.875, 7.5, 8.475],
			"rotation": {"angle": 22.5, "axis": "z", "origin": [4.3, -8.25, -0.25]},
			"faces": {
				"north": {"uv": [16, 16, 13, 14], "texture": "#4"},
				"east": {"uv": [13, 14, 16, 16], "texture": "#4"},
				"south": {"uv": [13, 14, 16, 16], "texture": "#4"},
				"west": {"uv": [16, 16, 13, 14], "texture": "#4"},
				"up": {"uv": [13, 14, 16, 16], "texture": "#4"},
				"down": {"uv": [16, 16, 13, 14], "texture": "#4"}
			}
		},
		{
			"from": [18.425, 3.525, 7.85],
			"to": [20.425, 4.125, 8.125],
			"rotation": {"angle": 45, "axis": "z", "origin": [4, -8.25, -0.25]},
			"faces": {
				"north": {"uv": [16, 16, 13, 14], "texture": "#4"},
				"east": {"uv": [13, 14, 16, 16], "texture": "#4"},
				"south": {"uv": [13, 14, 16, 16], "texture": "#4"},
				"west": {"uv": [16, 16, 13, 14], "texture": "#4"},
				"up": {"uv": [13, 14, 16, 16], "texture": "#4"},
				"down": {"uv": [16, 16, 13, 14], "texture": "#4"}
			}
		},
		{
			"from": [18.925, 3.175, 7.85],
			"to": [19.8, 3.525, 8.125],
			"rotation": {"angle": 45, "axis": "z", "origin": [4, -8.25, -0.25]},
			"faces": {
				"north": {"uv": [16, 16, 13, 14], "texture": "#4"},
				"east": {"uv": [13, 14, 16, 16], "texture": "#4"},
				"south": {"uv": [13, 14, 16, 16], "texture": "#4"},
				"west": {"uv": [16, 16, 13, 14], "texture": "#4"},
				"up": {"uv": [13, 14, 16, 16], "texture": "#4"},
				"down": {"uv": [16, 16, 13, 14], "texture": "#4"}
			}
		}
	],
	"gui_light": "front",
	"display": {
		"thirdperson_righthand": {
			"rotation": [0, -90, 0],
			"translation": [0, -0.75, -2],
			"scale": [0.88, 0.88, 0.88]
		},
		"thirdperson_lefthand": {
			"rotation": [0, 90, 0],
			"translation": [0, -0.75, -2],
			"scale": [0.88, 0.88, 0.88]
		},
		"firstperson_righthand": {
			"rotation": [0, -90, 0],
			"translation": [-0.25, 2, -1.75],
			"scale": [0.82, 0.82, 0.82]
		},
		"firstperson_lefthand": {
			"rotation": [0, 90, 0],
			"translation": [-0.25, 2, -1.75],
			"scale": [0.82, 0.82, 0.82]
		},
		"ground": {
			"rotation": [87, -3, 0],
			"translation": [-0.25, -1.5, 0]
		},
		"gui": {
			"rotation": [0, 42.75, 20.5],
			"translation": [0.25, -2.75, 0],
			"scale": [1.09, 1.09, 1]
		},
		"head": {
			"rotation": [0, -90, 0],
			"translation": [0, 16.75, -14.25],
			"scale": [4, 4, 4]
		},
		"fixed": {
			"rotation": [0, 180, -45],
			"translation": [3.25, -1, 0],
			"scale": [1.42, 1.42, 1.42]
		}
	}
}