{
	"credit": "Made with Blockbench",
	"texture_size": [64, 64],
	"textures": {
		"1": "block/color/armi/stormgrimoire/stormgrimoire",
		"2": "block/color/armi/stormgrimoire/stormjewel",
		"3": "block/color/armi/stormgrimoire/stormshine",
		"4": "block/color/armi/stormgrimoire/stormpaper",
		"particle": "block/color/armi/stormgrimoire/stormgrimoire"
	},
	"elements": [
		{
			"from": [7.58152, -1.05374, 1],
			"to": [17.08152, -0.05374, 15],
			"rotation": {"angle": 22.5, "axis": "z", "origin": [9.89199, 0.26822, 8.68945]},
			"faces": {
				"north": {"uv": [10.25, 9.75, 12.625, 10], "texture": "#1"},
				"east": {"uv": [9.75, 5.25, 13.25, 5.5], "texture": "#1"},
				"south": {"uv": [10.25, 9.75, 12.625, 10], "texture": "#1"},
				"west": {"uv": [9.75, 5, 13.25, 5.25], "texture": "#1"},
				"up": {"uv": [0, 3.5, 2.375, 7], "texture": "#1"},
				"down": {"uv": [2.5, 7, 4.875, 3.5], "texture": "#1"}
			}
		},
		{
			"from": [-0.79348, -2.50181, 1.00391],
			"to": [8.70652, -1.50181, 15.00391],
			"rotation": {"angle": -22.5, "axis": "z", "origin": [9.89199, 0.26822, 8.68945]},
			"faces": {
				"north": {"uv": [12.625, 9.75, 10.25, 10], "texture": "#1"},
				"east": {"uv": [13.25, 5, 9.75, 5.25], "texture": "#1"},
				"south": {"uv": [12.625, 9.75, 10.25, 10], "texture": "#1"},
				"west": {"uv": [13.25, 5.25, 9.75, 5.5], "texture": "#1"},
				"up": {"uv": [2.375, 3.5, 0, 7], "texture": "#1"},
				"down": {"uv": [4.875, 7, 2.5, 3.5], "texture": "#1"}
			}
		},
		{
			"from": [8.46042, -1.55374, 2.25],
			"to": [11.58152, -1.05374, 3.25],
			"rotation": {"angle": 22.5, "axis": "z", "origin": [9.89199, 0.26822, 8.68945]},
			"faces": {
				"north": {"uv": [12.75, 6, 13.5, 6.125], "texture": "#1"},
				"east": {"uv": [13.25, 1.75, 13.5, 1.875], "texture": "#1"},
				"south": {"uv": [13.5, 6, 12.75, 6.125], "texture": "#1"},
				"west": {"uv": [1.75, 13.25, 2, 13.375], "texture": "#1"},
				"up": {"uv": [11.75, 10.25, 12.5, 10.5], "texture": "#1"},
				"down": {"uv": [10.75, 12, 11.5, 11.75], "texture": "#1"}
			}
		},
		{
			"from": [11.87499, 0.17457, 2.24609],
			"to": [12.37499, 0.90895, 3.25391],
			"rotation": {"angle": -22.5, "axis": "z", "origin": [9.89199, 0.26822, 8.68945]},
			"faces": {
				"north": {"uv": [13.25, 5.25, 13.375, 5.4375], "texture": "#1"},
				"east": {"uv": [4.75, 9.5, 5, 9.6875], "texture": "#1"},
				"south": {"uv": [13.375, 5.25, 13.25, 5.4375], "texture": "#1"},
				"west": {"uv": [4.75, 9.25, 5, 9.4375], "texture": "#1"},
				"up": {"uv": [2, 13.25, 2.125, 13.5], "texture": "#1"},
				"down": {"uv": [2.25, 13.5, 2.375, 13.25], "texture": "#1"}
			}
		},
		{
			"from": [11.87499, 0.17457, 12.74609],
			"to": [12.37499, 0.90895, 13.75391],
			"rotation": {"angle": -22.5, "axis": "z", "origin": [9.89199, 0.26822, 8.68945]},
			"faces": {
				"north": {"uv": [13.25, 5.25, 13.375, 5.4375], "texture": "#1"},
				"east": {"uv": [5, 9.5, 4.75, 9.6875], "texture": "#1"},
				"south": {"uv": [13.375, 5.25, 13.25, 5.4375], "texture": "#1"},
				"west": {"uv": [5, 9.25, 4.75, 9.4375], "texture": "#1"},
				"up": {"uv": [2, 13.5, 2.125, 13.25], "texture": "#1"},
				"down": {"uv": [2.25, 13.25, 2.375, 13.5], "texture": "#1"}
			}
		},
		{
			"from": [8.46042, -1.55374, 12.75],
			"to": [11.58152, -1.05374, 13.75],
			"rotation": {"angle": 22.5, "axis": "z", "origin": [9.89199, 0.26822, 8.68945]},
			"faces": {
				"north": {"uv": [12.75, 6, 13.5, 6.125], "texture": "#1"},
				"east": {"uv": [13.5, 1.75, 13.25, 1.875], "texture": "#1"},
				"south": {"uv": [13.5, 6, 12.75, 6.125], "texture": "#1"},
				"west": {"uv": [2, 13.25, 1.75, 13.375], "texture": "#1"},
				"up": {"uv": [11.75, 10.5, 12.5, 10.25], "texture": "#1"},
				"down": {"uv": [10.75, 11.75, 11.5, 12], "texture": "#1"}
			}
		},
		{
			"from": [4.70652, -3.00181, 2.25],
			"to": [7.82762, -2.50181, 3.25],
			"rotation": {"angle": -22.5, "axis": "z", "origin": [9.89199, 0.26822, 8.68945]},
			"faces": {
				"north": {"uv": [13.5, 6, 12.75, 6.125], "texture": "#1"},
				"east": {"uv": [2, 13.25, 1.75, 13.375], "texture": "#1"},
				"south": {"uv": [12.75, 6, 13.5, 6.125], "texture": "#1"},
				"west": {"uv": [13.5, 1.75, 13.25, 1.875], "texture": "#1"},
				"up": {"uv": [12.5, 10.25, 11.75, 10.5], "texture": "#1"},
				"down": {"uv": [11.5, 12, 10.75, 11.75], "texture": "#1"}
			}
		},
		{
			"from": [3.91305, 1.62264, 2.24609],
			"to": [4.41305, 2.35701, 3.25391],
			"rotation": {"angle": 22.5, "axis": "z", "origin": [9.89199, 0.26822, 8.68945]},
			"faces": {
				"north": {"uv": [13.375, 5.25, 13.25, 5.4375], "texture": "#1"},
				"east": {"uv": [5, 9.25, 4.75, 9.4375], "texture": "#1"},
				"south": {"uv": [13.25, 5.25, 13.375, 5.4375], "texture": "#1"},
				"west": {"uv": [5, 9.5, 4.75, 9.6875], "texture": "#1"},
				"up": {"uv": [2.125, 13.25, 2, 13.5], "texture": "#1"},
				"down": {"uv": [2.375, 13.5, 2.25, 13.25], "texture": "#1"}
			}
		},
		{
			"from": [3.91305, 1.62264, 12.74609],
			"to": [4.41305, 2.35701, 13.75391],
			"rotation": {"angle": 22.5, "axis": "z", "origin": [9.89199, 0.26822, 8.68945]},
			"faces": {
				"north": {"uv": [13.375, 5.25, 13.25, 5.4375], "texture": "#1"},
				"east": {"uv": [4.75, 9.25, 5, 9.4375], "texture": "#1"},
				"south": {"uv": [13.25, 5.25, 13.375, 5.4375], "texture": "#1"},
				"west": {"uv": [4.75, 9.5, 5, 9.6875], "texture": "#1"},
				"up": {"uv": [2.125, 13.5, 2, 13.25], "texture": "#1"},
				"down": {"uv": [2.375, 13.25, 2.25, 13.5], "texture": "#1"}
			}
		},
		{
			"from": [4.70652, -3.00181, 12.75],
			"to": [7.82762, -2.50181, 13.75],
			"rotation": {"angle": -22.5, "axis": "z", "origin": [9.89199, 0.26822, 8.68945]},
			"faces": {
				"north": {"uv": [13.5, 6, 12.75, 6.125], "texture": "#1"},
				"east": {"uv": [1.75, 13.25, 2, 13.375], "texture": "#1"},
				"south": {"uv": [12.75, 6, 13.5, 6.125], "texture": "#1"},
				"west": {"uv": [13.25, 1.75, 13.5, 1.875], "texture": "#1"},
				"up": {"uv": [12.5, 10.5, 11.75, 10.25], "texture": "#1"},
				"down": {"uv": [11.5, 11.75, 10.75, 12], "texture": "#1"}
			}
		},
		{
			"from": [0.20652, -1.50181, 1.49219],
			"to": [5.70652, 0.49819, 14.50391],
			"rotation": {"angle": -22.5, "axis": "z", "origin": [9.89199, 0.26822, 8.68945]},
			"faces": {
				"north": {"uv": [12, 0, 14.75, 1], "texture": "#4"},
				"east": {"uv": [16, 0, 16, 0], "texture": "#4"},
				"south": {"uv": [14.75, 0, 12, 1], "texture": "#4"},
				"west": {"uv": [3, 8, 9.5, 9.125], "texture": "#4"},
				"up": {"uv": [2.75, 6.5, 0, 0], "texture": "#4"},
				"down": {"uv": [16, 0, 16, 0], "texture": "#4"}
			}
		},
		{
			"from": [4.60056, -1.85051, 1.48047],
			"to": [6.85056, 0.43074, 14.50781],
			"rotation": {"angle": -45, "axis": "z", "origin": [7.35056, -0.56926, 7.99805]},
			"faces": {
				"north": {"uv": [12, 4, 13.125, 5.0542], "texture": "#4"},
				"east": {"uv": [1.5, 3.25, 4.75, 3.8125], "texture": "#4"},
				"south": {"uv": [13.125, 4, 12, 5.0542], "texture": "#4"},
				"west": {"uv": [1.5, 4, 4.75, 4.5625], "texture": "#4"},
				"up": {"uv": [10.11865, 6.5, 9, 0], "texture": "#4"},
				"down": {"uv": [2.0625, 4.75, 1.5, 8], "texture": "#4"}
			}
		},
		{
			"from": [6.41779, -1.15721, 1.49609],
			"to": [8.21076, 0.19435, 14.5],
			"rotation": {"angle": 22.5, "axis": "z", "origin": [7.21076, -0.93065, 7.99805]},
			"faces": {
				"north": {"uv": [7.8125, 1.5, 8.25, 1.0625], "rotation": 90, "texture": "#1"},
				"east": {"uv": [6.75, 6.5, 7.125, 9.75], "rotation": 90, "texture": "#1"},
				"south": {"uv": [7.8125, 1.0625, 8.25, 1.5], "rotation": 90, "texture": "#1"},
				"west": {"uv": [0, 10.25, 2.125, 7], "rotation": 90, "texture": "#1"},
				"up": {"uv": [7.25, 7, 10.5, 7.5], "rotation": 90, "texture": "#1"},
				"down": {"uv": [7.25, 7.5, 10.5, 8], "rotation": 90, "texture": "#1"}
			}
		},
		{
			"from": [10.42421, 0.35384, 1.48828],
			"to": [15.92421, 2.35384, 14.5],
			"rotation": {"angle": 22.5, "axis": "z", "origin": [10.83787, 0.86744, 7.99219]},
			"faces": {
				"north": {"uv": [14.75, 0, 12, 1], "texture": "#4"},
				"east": {"uv": [9.5, 8, 3, 9.125], "texture": "#4"},
				"south": {"uv": [12, 0, 14.75, 1], "texture": "#4"},
				"west": {"uv": [5.5, 5, 8.75, 5.5], "texture": "#4"},
				"up": {"uv": [8.75, 6.5, 6, 0], "texture": "#4"},
				"down": {"uv": [1.375, 3.25, 0, 6.5], "texture": "#4"}
			}
		},
		{
			"from": [8.77451, 0.0865, 1.47656],
			"to": [11.02451, 2.399, 14.50391],
			"rotation": {"angle": 45, "axis": "z", "origin": [10.83787, 0.86744, 7.99219]},
			"faces": {
				"north": {"uv": [13.125, 4, 12, 5.06592], "texture": "#4"},
				"east": {"uv": [2.25, 4.75, 5.5, 5.3125], "texture": "#4"},
				"south": {"uv": [12, 4, 13.125, 5.06592], "texture": "#4"},
				"west": {"uv": [4.75, 3.25, 8, 3.8125], "texture": "#4"},
				"up": {"uv": [11.625, 6.5, 10.5, 0], "texture": "#4"},
				"down": {"uv": [2.8125, 5.5, 2.25, 8.75], "texture": "#4"}
			}
		},
		{
			"from": [8.63329, -1.80431, 1.49219],
			"to": [10.38328, -0.45275, 14.49609],
			"rotation": {"angle": -22.5, "axis": "z", "origin": [10.83787, 0.86744, 7.99219]},
			"faces": {
				"north": {"uv": [7.8125, 1.0625, 8.25, 1.5], "rotation": 90, "texture": "#1"},
				"east": {"uv": [0, 7, 2.125, 10.25], "rotation": 90, "texture": "#1"},
				"south": {"uv": [7.8125, 1.5, 8.25, 1.0625], "rotation": 90, "texture": "#1"},
				"west": {"uv": [6.75, 9.75, 7.125, 6.5], "rotation": 90, "texture": "#1"},
				"up": {"uv": [7.25, 7.5, 10.5, 7], "rotation": 90, "texture": "#1"},
				"down": {"uv": [7.25, 8, 10.5, 7.5], "rotation": 90, "texture": "#1"}
			}
		},
		{
			"from": [1.61248, 3.1447, -1.44719],
			"to": [3.52998, 3.15251, 1.65031],
			"rotation": {"angle": -22.5, "axis": "z", "origin": [2.57123, 3.00407, 0.10156]},
			"faces": {
				"north": {"uv": [0.8125, 0, 0, 0], "texture": "#1"},
				"east": {"uv": [1.3125, 0, 0, 0], "texture": "#1"},
				"south": {"uv": [0.8125, 0, 0, 0], "texture": "#1"},
				"west": {"uv": [1.3125, 0, 0, 0], "texture": "#1"},
				"up": {"uv": [7.25, 9.3125, 8.0625, 8], "texture": "#1"},
				"down": {"uv": [7.25, 8, 8.0625, 9.3125], "texture": "#1"}
			}
		},
		{
			"from": [16.90569, -1.58447, 6.25],
			"to": [18.40569, -0.58447, 9.75],
			"rotation": {"angle": 22.5, "axis": "z", "origin": [9.89199, 0.26822, 8.68945]},
			"faces": {
				"north": {"uv": [8.5, 12.75, 8.875, 13], "texture": "#1"},
				"east": {"uv": [11.75, 0, 12.625, 0.25], "texture": "#1"},
				"south": {"uv": [8.875, 12.75, 8.5, 13], "texture": "#1"},
				"west": {"uv": [11.5, 11.25, 12.375, 11.5], "texture": "#1"},
				"up": {"uv": [5.25, 10.75, 5.625, 11.625], "texture": "#1"},
				"down": {"uv": [0.5, 11.875, 0.875, 11], "texture": "#1"}
			}
		},
		{
			"from": [-2.11765, -3.03254, 6.25],
			"to": [-0.61765, -2.03254, 9.75],
			"rotation": {"angle": -22.5, "axis": "z", "origin": [9.89199, 0.26822, 8.68945]},
			"faces": {
				"north": {"uv": [8.875, 12.75, 8.5, 13], "texture": "#1"},
				"east": {"uv": [12.375, 11.25, 11.5, 11.5], "texture": "#1"},
				"south": {"uv": [8.5, 12.75, 8.875, 13], "texture": "#1"},
				"west": {"uv": [12.625, 0, 11.75, 0.25], "texture": "#1"},
				"up": {"uv": [5.625, 10.75, 5.25, 11.625], "texture": "#1"},
				"down": {"uv": [0.875, 11.875, 0.5, 11], "texture": "#1"}
			}
		},
		{
			"from": [18.40569, -1.43447, 6.75],
			"to": [19.15569, -0.73447, 9.25],
			"rotation": {"angle": 22.5, "axis": "z", "origin": [9.89199, 0.26822, 8.68945]},
			"faces": {
				"north": {"uv": [13.25, 0.5, 13.4375, 0.6875], "texture": "#1"},
				"east": {"uv": [0.5, 12.25, 1.125, 12.4375], "texture": "#1"},
				"south": {"uv": [13.4375, 0.5, 13.25, 0.6875], "texture": "#1"},
				"west": {"uv": [11.75, 12, 12.375, 12.1875], "texture": "#1"},
				"up": {"uv": [1.25, 12.25, 1.4375, 12.875], "texture": "#1"},
				"down": {"uv": [1.5, 12.875, 1.6875, 12.25], "texture": "#1"}
			}
		},
		{
			"from": [18.83424, 2.13223, 6.74609],
			"to": [19.83424, 2.88692, 9.25391],
			"rotation": {"angle": 0, "axis": "z", "origin": [9.89199, 0.26822, 8.68945]},
			"faces": {
				"north": {"uv": [13, 11.75, 13.25, 11.9375], "texture": "#1"},
				"east": {"uv": [3, 12.25, 3.625, 12.4375], "texture": "#1"},
				"south": {"uv": [13.25, 11.75, 13, 11.9375], "texture": "#1"},
				"west": {"uv": [2.25, 12.25, 2.875, 12.4375], "texture": "#1"},
				"up": {"uv": [3.75, 12, 4, 12.625], "texture": "#1"},
				"down": {"uv": [4, 12.625, 4.25, 12], "texture": "#1"}
			}
		},
		{
			"from": [18.0753, 5.79232, 6.75],
			"to": [19.0753, 6.49232, 9.25],
			"rotation": {"angle": -22.5, "axis": "z", "origin": [9.89199, 0.26822, 8.68945]},
			"faces": {
				"north": {"uv": [13, 12, 13.25, 12.1875], "texture": "#1"},
				"east": {"uv": [12.25, 3.75, 12.875, 3.9375], "texture": "#1"},
				"south": {"uv": [13.25, 12, 13, 12.1875], "texture": "#1"},
				"west": {"uv": [12.25, 3.5, 12.875, 3.6875], "texture": "#1"},
				"up": {"uv": [4.25, 12, 4.5, 12.625], "texture": "#1"},
				"down": {"uv": [4.5, 12.625, 4.75, 12], "texture": "#1"}
			}
		},
		{
			"from": [15.99441, 8.77424, 6.74609],
			"to": [16.99441, 9.53284, 9.25391],
			"rotation": {"angle": -45, "axis": "z", "origin": [9.89199, 0.26822, 8.68945]},
			"faces": {
				"north": {"uv": [13, 12.25, 13.25, 12.4375], "texture": "#1"},
				"east": {"uv": [12.25, 4.25, 12.875, 4.4375], "texture": "#1"},
				"south": {"uv": [13.25, 12.25, 13, 12.4375], "texture": "#1"},
				"west": {"uv": [12.25, 4, 12.875, 4.1875], "texture": "#1"},
				"up": {"uv": [4.75, 12, 5, 12.625], "texture": "#1"},
				"down": {"uv": [5, 12.625, 5.25, 12], "texture": "#1"}
			}
		},
		{
			"from": [20.46936, -3.74814, 6.75],
			"to": [21.16936, -2.74814, 9.25],
			"rotation": {"angle": 22.5, "axis": "z", "origin": [9.89199, 0.26822, 8.68945]},
			"faces": {
				"north": {"uv": [13, 12.5, 13.1875, 12.75], "texture": "#1"},
				"east": {"uv": [12, 6.25, 12.625, 6.5], "texture": "#1"},
				"south": {"uv": [13.1875, 12.5, 13, 12.75], "texture": "#1"},
				"west": {"uv": [12, 6, 12.625, 6.25], "texture": "#1"},
				"up": {"uv": [1.75, 12.25, 1.9375, 12.875], "texture": "#1"},
				"down": {"uv": [11.75, 12.875, 11.9375, 12.25], "texture": "#1"}
			}
		},
		{
			"from": [21.09323, -1.37675, 6.74609],
			"to": [21.84791, 0.87325, 9.25391],
			"rotation": {"angle": 0, "axis": "z", "origin": [9.89199, 0.26822, 8.68945]},
			"faces": {
				"north": {"uv": [0.75, 12.5, 0.9375, 13.0625], "texture": "#1"},
				"east": {"uv": [11, 0, 11.625, 0.5625], "texture": "#1"},
				"south": {"uv": [0.9375, 12.5, 0.75, 13.0625], "texture": "#1"},
				"west": {"uv": [4.5, 10.75, 5.125, 11.3125], "texture": "#1"},
				"up": {"uv": [12, 12.25, 12.1875, 12.875], "texture": "#1"},
				"down": {"uv": [12.25, 12.875, 12.4375, 12.25], "texture": "#1"}
			}
		},
		{
			"from": [21.04791, -1.29553, 6.13348],
			"to": [21.94791, 1.51306, 8.94207],
			"rotation": {"angle": -45, "axis": "x", "origin": [9.89199, 0.26822, 8.68945]},
			"faces": {
				"north": {"uv": [2, 11.75, 1.75, 11.0625], "texture": "#1"},
				"east": {"uv": [8.5, 10.5, 9.1875, 11.1875], "texture": "#1"},
				"south": {"uv": [1.5, 11.75, 1.75, 11.0625], "texture": "#1"},
				"west": {"uv": [9.1875, 10.5, 8.5, 11.1875], "texture": "#1"},
				"up": {"uv": [1.5, 11.0625, 1.75, 11.75], "texture": "#1"},
				"down": {"uv": [1.75, 11.75, 2, 11.0625], "texture": "#1"}
			}
		},
		{
			"from": [14.56584, -1.33447, 14],
			"to": [17.56584, -0.33447, 15.5],
			"rotation": {"angle": 22.5, "axis": "z", "origin": [9.89199, 0.26822, 8.68945]},
			"faces": {
				"north": {"uv": [8.5, 11.75, 7.75, 12], "texture": "#1"},
				"east": {"uv": [13.125, 0.5, 12.75, 0.75], "texture": "#1"},
				"south": {"uv": [9.25, 11.75, 8.5, 12], "texture": "#1"},
				"west": {"uv": [13.125, 0.25, 12.75, 0.5], "texture": "#1"},
				"up": {"uv": [10, 11.375, 10.75, 11], "texture": "#1"},
				"down": {"uv": [10.75, 11, 11.5, 11.375], "texture": "#1"}
			}
		},
		{
			"from": [16.06584, -1.33447, 12.5],
			"to": [17.56584, -0.33447, 14],
			"rotation": {"angle": 22.5, "axis": "z", "origin": [9.89199, 0.26822, 8.68945]},
			"faces": {
				"north": {"uv": [12.875, 12, 12.5, 12.25], "texture": "#1"},
				"east": {"uv": [13.125, 0, 12.75, 0.25], "texture": "#1"},
				"south": {"uv": [12.875, 12.5, 12.5, 12.75], "texture": "#1"},
				"west": {"uv": [12.875, 12.25, 12.5, 12.5], "texture": "#1"},
				"up": {"uv": [9.75, 12.375, 10.125, 12], "texture": "#1"},
				"down": {"uv": [10.25, 12, 10.625, 12.375], "texture": "#1"}
			}
		},
		{
			"from": [8.65569, -1.23447, 0.75],
			"to": [14.65569, -0.48447, 1.75],
			"rotation": {"angle": 22.5, "axis": "z", "origin": [9.89199, 0.26822, 8.68945]},
			"faces": {
				"north": {"uv": [11.5, 1, 13, 1.1875], "texture": "#1"},
				"east": {"uv": [13, 11, 13.25, 11.1875], "texture": "#1"},
				"south": {"uv": [13, 1, 11.5, 1.1875], "texture": "#1"},
				"west": {"uv": [11, 13, 11.25, 13.1875], "texture": "#1"},
				"up": {"uv": [10.75, 4.5, 12.25, 4.75], "texture": "#1"},
				"down": {"uv": [10.75, 5, 12.25, 4.75], "texture": "#1"}
			}
		},
		{
			"from": [14.56584, -1.33447, 0.5],
			"to": [17.56584, -0.33447, 2],
			"rotation": {"angle": 22.5, "axis": "z", "origin": [9.89199, 0.26822, 8.68945]},
			"faces": {
				"north": {"uv": [8.5, 11.75, 9.25, 12], "texture": "#1"},
				"east": {"uv": [12.75, 0.5, 13.125, 0.75], "texture": "#1"},
				"south": {"uv": [7.75, 11.75, 8.5, 12], "texture": "#1"},
				"west": {"uv": [12.75, 0.25, 13.125, 0.5], "texture": "#1"},
				"up": {"uv": [10, 11, 10.75, 11.375], "texture": "#1"},
				"down": {"uv": [10.75, 11.375, 11.5, 11], "texture": "#1"}
			}
		},
		{
			"from": [16.06584, -1.33447, 2],
			"to": [17.56584, -0.33447, 3.5],
			"rotation": {"angle": 22.5, "axis": "z", "origin": [9.89199, 0.26822, 8.68945]},
			"faces": {
				"north": {"uv": [12.5, 12.5, 12.875, 12.75], "texture": "#1"},
				"east": {"uv": [12.75, 0, 13.125, 0.25], "texture": "#1"},
				"south": {"uv": [12.5, 12, 12.875, 12.25], "texture": "#1"},
				"west": {"uv": [12.5, 12.25, 12.875, 12.5], "texture": "#1"},
				"up": {"uv": [9.75, 12, 10.125, 12.375], "texture": "#1"},
				"down": {"uv": [10.25, 12.375, 10.625, 12], "texture": "#1"}
			}
		},
		{
			"from": [15.81741, -1.33447, 2],
			"to": [16.06741, -0.33447, 2.25],
			"rotation": {"angle": 22.5, "axis": "z", "origin": [9.89199, 0.26822, 8.68945]},
			"faces": {
				"north": {"uv": [10.25, 13.25, 10.3125, 13.5], "texture": "#1"},
				"east": {"uv": [13.25, 10.25, 13.3125, 10.5], "texture": "#1"},
				"south": {"uv": [9.75, 13.25, 9.8125, 13.5], "texture": "#1"},
				"west": {"uv": [10, 13.25, 10.0625, 13.5], "texture": "#1"},
				"up": {"uv": [11.5, 13.25, 11.5625, 13.3125], "texture": "#1"},
				"down": {"uv": [13.25, 11.5625, 13.3125, 11.5], "texture": "#1"}
			}
		},
		{
			"from": [16.40569, -1.23447, 3.5],
			"to": [17.40569, -0.48447, 12.46875],
			"rotation": {"angle": 22.5, "axis": "z", "origin": [9.89199, 0.26822, 8.68945]},
			"faces": {
				"north": {"uv": [13, 11.5, 13.25, 11.6875], "texture": "#1"},
				"east": {"uv": [10.75, 3.25, 13, 3.4375], "texture": "#1"},
				"south": {"uv": [11.5, 13, 11.75, 13.1875], "texture": "#1"},
				"west": {"uv": [13, 3.25, 10.75, 3.4375], "texture": "#1"},
				"up": {"uv": [7.25, 10.5, 7.5, 12.75], "texture": "#1"},
				"down": {"uv": [7.5, 12.75, 7.75, 10.5], "texture": "#1"}
			}
		},
		{
			"from": [8.65569, -1.23447, 14.24609],
			"to": [14.65569, -0.48447, 15.24609],
			"rotation": {"angle": 22.5, "axis": "z", "origin": [9.89199, 0.26822, 8.68945]},
			"faces": {
				"north": {"uv": [11.5, 1, 13, 1.1875], "texture": "#1"},
				"east": {"uv": [13.25, 11, 13, 11.1875], "texture": "#1"},
				"south": {"uv": [13, 1, 11.5, 1.1875], "texture": "#1"},
				"west": {"uv": [11.25, 13, 11, 13.1875], "texture": "#1"},
				"up": {"uv": [10.75, 4.75, 12.25, 4.5], "texture": "#1"},
				"down": {"uv": [10.75, 4.75, 12.25, 5], "texture": "#1"}
			}
		},
		{
			"from": [15.81741, -1.33447, 13.75],
			"to": [16.06741, -0.33447, 14],
			"rotation": {"angle": 22.5, "axis": "z", "origin": [9.89199, 0.26822, 8.68945]},
			"faces": {
				"north": {"uv": [9.8125, 13.25, 9.75, 13.5], "texture": "#1"},
				"east": {"uv": [13.3125, 10.25, 13.25, 10.5], "texture": "#1"},
				"south": {"uv": [10.3125, 13.25, 10.25, 13.5], "texture": "#1"},
				"west": {"uv": [10.0625, 13.25, 10, 13.5], "texture": "#1"},
				"up": {"uv": [11.5, 13.3125, 11.5625, 13.25], "texture": "#1"},
				"down": {"uv": [13.25, 11.5, 13.3125, 11.5625], "texture": "#1"}
			}
		},
		{
			"from": [-1.27781, -2.78254, 14],
			"to": [1.72219, -1.78254, 15.5],
			"rotation": {"angle": -22.5, "axis": "z", "origin": [9.89199, 0.26822, 8.68945]},
			"faces": {
				"north": {"uv": [7.75, 11.75, 8.5, 12], "texture": "#1"},
				"east": {"uv": [12.75, 0.25, 13.125, 0.5], "texture": "#1"},
				"south": {"uv": [8.5, 11.75, 9.25, 12], "texture": "#1"},
				"west": {"uv": [12.75, 0.5, 13.125, 0.75], "texture": "#1"},
				"up": {"uv": [10.75, 11.375, 10, 11], "texture": "#1"},
				"down": {"uv": [11.5, 11, 10.75, 11.375], "texture": "#1"}
			}
		},
		{
			"from": [-1.27781, -2.78254, 12.5],
			"to": [0.22219, -1.78254, 14],
			"rotation": {"angle": -22.5, "axis": "z", "origin": [9.89199, 0.26822, 8.68945]},
			"faces": {
				"north": {"uv": [12.5, 12, 12.875, 12.25], "texture": "#1"},
				"east": {"uv": [12.5, 12.25, 12.875, 12.5], "texture": "#1"},
				"south": {"uv": [12.5, 12.5, 12.875, 12.75], "texture": "#1"},
				"west": {"uv": [12.75, 0, 13.125, 0.25], "texture": "#1"},
				"up": {"uv": [10.125, 12.375, 9.75, 12], "texture": "#1"},
				"down": {"uv": [10.625, 12, 10.25, 12.375], "texture": "#1"}
			}
		},
		{
			"from": [1.63235, -2.68254, 0.75],
			"to": [7.63235, -1.93254, 1.75],
			"rotation": {"angle": -22.5, "axis": "z", "origin": [9.89199, 0.26822, 8.68945]},
			"faces": {
				"north": {"uv": [13, 1, 11.5, 1.1875], "texture": "#1"},
				"east": {"uv": [11.25, 13, 11, 13.1875], "texture": "#1"},
				"south": {"uv": [11.5, 1, 13, 1.1875], "texture": "#1"},
				"west": {"uv": [13.25, 11, 13, 11.1875], "texture": "#1"},
				"up": {"uv": [12.25, 4.5, 10.75, 4.75], "texture": "#1"},
				"down": {"uv": [12.25, 5, 10.75, 4.75], "texture": "#1"}
			}
		},
		{
			"from": [-1.27781, -2.78254, 0.5],
			"to": [1.72219, -1.78254, 2],
			"rotation": {"angle": -22.5, "axis": "z", "origin": [9.89199, 0.26822, 8.68945]},
			"faces": {
				"north": {"uv": [9.25, 11.75, 8.5, 12], "texture": "#1"},
				"east": {"uv": [13.125, 0.25, 12.75, 0.5], "texture": "#1"},
				"south": {"uv": [8.5, 11.75, 7.75, 12], "texture": "#1"},
				"west": {"uv": [13.125, 0.5, 12.75, 0.75], "texture": "#1"},
				"up": {"uv": [10.75, 11, 10, 11.375], "texture": "#1"},
				"down": {"uv": [11.5, 11.375, 10.75, 11], "texture": "#1"}
			}
		},
		{
			"from": [-1.27781, -2.78254, 2],
			"to": [0.22219, -1.78254, 3.5],
			"rotation": {"angle": -22.5, "axis": "z", "origin": [9.89199, 0.26822, 8.68945]},
			"faces": {
				"north": {"uv": [12.875, 12.5, 12.5, 12.75], "texture": "#1"},
				"east": {"uv": [12.875, 12.25, 12.5, 12.5], "texture": "#1"},
				"south": {"uv": [12.875, 12, 12.5, 12.25], "texture": "#1"},
				"west": {"uv": [13.125, 0, 12.75, 0.25], "texture": "#1"},
				"up": {"uv": [10.125, 12, 9.75, 12.375], "texture": "#1"},
				"down": {"uv": [10.625, 12.375, 10.25, 12], "texture": "#1"}
			}
		},
		{
			"from": [0.22063, -2.78254, 2],
			"to": [0.47063, -1.78254, 2.25],
			"rotation": {"angle": -22.5, "axis": "z", "origin": [9.89199, 0.26822, 8.68945]},
			"faces": {
				"north": {"uv": [10.3125, 13.25, 10.25, 13.5], "texture": "#1"},
				"east": {"uv": [10.0625, 13.25, 10, 13.5], "texture": "#1"},
				"south": {"uv": [9.8125, 13.25, 9.75, 13.5], "texture": "#1"},
				"west": {"uv": [13.3125, 10.25, 13.25, 10.5], "texture": "#1"},
				"up": {"uv": [11.5625, 13.25, 11.5, 13.3125], "texture": "#1"},
				"down": {"uv": [13.3125, 11.5625, 13.25, 11.5], "texture": "#1"}
			}
		},
		{
			"from": [-1.11765, -2.68254, 3.5],
			"to": [-0.11765, -1.93254, 12.46875],
			"rotation": {"angle": -22.5, "axis": "z", "origin": [9.89199, 0.26822, 8.68945]},
			"faces": {
				"north": {"uv": [13.25, 11.5, 13, 11.6875], "texture": "#1"},
				"east": {"uv": [10.75, 3.25, 13, 3.4375], "texture": "#1"},
				"south": {"uv": [11.75, 13, 11.5, 13.1875], "texture": "#1"},
				"west": {"uv": [13, 3.25, 10.75, 3.4375], "texture": "#1"},
				"up": {"uv": [7.5, 10.5, 7.25, 12.75], "texture": "#1"},
				"down": {"uv": [7.75, 12.75, 7.5, 10.5], "texture": "#1"}
			}
		},
		{
			"from": [1.63235, -2.68254, 14.24609],
			"to": [7.63235, -1.93254, 15.24609],
			"rotation": {"angle": -22.5, "axis": "z", "origin": [9.89199, 0.26822, 8.68945]},
			"faces": {
				"north": {"uv": [13, 1, 11.5, 1.1875], "texture": "#1"},
				"east": {"uv": [11, 13, 11.25, 13.1875], "texture": "#1"},
				"south": {"uv": [11.5, 1, 13, 1.1875], "texture": "#1"},
				"west": {"uv": [13, 11, 13.25, 11.1875], "texture": "#1"},
				"up": {"uv": [12.25, 4.75, 10.75, 4.5], "texture": "#1"},
				"down": {"uv": [12.25, 4.75, 10.75, 5], "texture": "#1"}
			}
		},
		{
			"from": [0.22063, -2.78254, 13.75],
			"to": [0.47063, -1.78254, 14],
			"rotation": {"angle": -22.5, "axis": "z", "origin": [9.89199, 0.26822, 8.68945]},
			"faces": {
				"north": {"uv": [9.75, 13.25, 9.8125, 13.5], "texture": "#1"},
				"east": {"uv": [10, 13.25, 10.0625, 13.5], "texture": "#1"},
				"south": {"uv": [10.25, 13.25, 10.3125, 13.5], "texture": "#1"},
				"west": {"uv": [13.25, 10.25, 13.3125, 10.5], "texture": "#1"},
				"up": {"uv": [11.5625, 13.3125, 11.5, 13.25], "texture": "#1"},
				"down": {"uv": [13.3125, 11.5, 13.25, 11.5625], "texture": "#1"}
			}
		},
		{
			"from": [6.5, -1.73828, 0.6],
			"to": [9.5, -1.05078, 15.35],
			"rotation": {"angle": 0, "axis": "y", "origin": [9.89199, 0.26822, 8.68945]},
			"faces": {
				"north": {"uv": [12, 6.75, 12.75, 6.9375], "texture": "#1"},
				"east": {"uv": [10.25, 8, 13.9375, 8.1875], "texture": "#1"},
				"south": {"uv": [12.75, 6.75, 12, 6.9375], "texture": "#1"},
				"west": {"uv": [13.9375, 8, 10.25, 8.1875], "texture": "#1"},
				"up": {"uv": [2.25, 7, 3, 7.0625], "texture": "#1"},
				"down": {"uv": [3, 10.6875, 3.75, 7], "texture": "#1"}
			}
		},
		{
			"from": [7.96648, -0.80037, 0.60391],
			"to": [9.02508, -0.36287, 15.34219],
			"rotation": {"angle": 22.5, "axis": "z", "origin": [9.89199, 0.26822, 8.68945]},
			"faces": {
				"north": {"uv": [1, 13.25, 1.25, 13.375], "texture": "#1"},
				"east": {"uv": [10.75, 2, 14.4375, 2.125], "texture": "#1"},
				"south": {"uv": [1.25, 13.25, 1, 13.375], "texture": "#1"},
				"west": {"uv": [9.25, 10.5, 12.9375, 10.625], "texture": "#1"},
				"up": {"uv": [5.75, 9.75, 6, 9.8125], "texture": "#1"},
				"down": {"uv": [6, 13.4375, 6.25, 9.75], "texture": "#1"}
			}
		},
		{
			"from": [7.26296, -2.24844, 0.60781],
			"to": [8.32155, -1.81094, 15.34609],
			"rotation": {"angle": -22.5, "axis": "z", "origin": [9.89199, 0.26822, 8.68945]},
			"faces": {
				"north": {"uv": [1.5, 13.25, 1.75, 13.375], "texture": "#1"},
				"east": {"uv": [10.75, 2.5, 14.4375, 2.625], "texture": "#1"},
				"south": {"uv": [1, 13.25, 1.25, 13.375], "texture": "#1"},
				"west": {"uv": [10.75, 2.25, 14.4375, 2.375], "texture": "#1"},
				"up": {"uv": [6.25, 9.75, 6.5, 9.8125], "texture": "#1"},
				"down": {"uv": [6.5, 13.4375, 6.75, 9.75], "texture": "#1"}
			}
		},
		{
			"from": [8.9123, -3.54909, 0.59609],
			"to": [9.58418, -2.88112, 15.35391],
			"rotation": {"angle": -45, "axis": "z", "origin": [9.89199, 0.26822, 8.68945]},
			"faces": {
				"north": {"uv": [13, 13, 13.1875, 13.1875], "texture": "#1"},
				"east": {"uv": [10.25, 8.5, 13.9375, 8.6875], "texture": "#1"},
				"south": {"uv": [13.1875, 13, 13, 13.1875], "texture": "#1"},
				"west": {"uv": [10.25, 8.25, 13.9375, 8.4375], "texture": "#1"},
				"up": {"uv": [6.75, 9.75, 6.9375, 13.4375], "texture": "#1"},
				"down": {"uv": [7.1875, 13.4375, 7, 9.75], "texture": "#1"}
			}
		},
		{
			"from": [10.36566, -2.09965, 0.59609],
			"to": [11.03362, -1.42777, 15.35391],
			"rotation": {"angle": -45, "axis": "z", "origin": [9.89199, 0.26822, 8.68945]},
			"faces": {
				"north": {"uv": [13.25, 0.25, 13.4375, 0.4375], "texture": "#1"},
				"east": {"uv": [10.25, 9, 13.9375, 9.1875], "texture": "#1"},
				"south": {"uv": [13.4375, 0.25, 13.25, 0.4375], "texture": "#1"},
				"west": {"uv": [10.25, 8.75, 13.9375, 8.9375], "texture": "#1"},
				"up": {"uv": [0, 10.25, 0.1875, 13.9375], "texture": "#1"},
				"down": {"uv": [0.25, 13.9375, 0.4375, 10.25], "texture": "#1"}
			}
		},
		{
			"from": [6.97509, -2.21337, 0.6],
			"to": [9.02587, -1.7329, 15.35],
			"rotation": {"angle": 0, "axis": "z", "origin": [9.89199, 0.26822, 8.68945]},
			"faces": {
				"north": {"uv": [13, 1.5, 13.5, 1.625], "texture": "#1"},
				"east": {"uv": [10.5, 7.75, 14.1875, 7.875], "texture": "#1"},
				"south": {"uv": [13.5, 1.5, 13, 1.625], "texture": "#1"},
				"west": {"uv": [10.5, 7.5, 14.1875, 7.625], "texture": "#1"},
				"up": {"uv": [3.75, 7, 4.25, 10.6875], "texture": "#1"},
				"down": {"uv": [4.25, 10.6875, 4.75, 7], "texture": "#1"}
			}
		},
		{
			"from": [10.39652, -2.11574, 5.98859],
			"to": [14.41152, -1.13528, 10.00359],
			"rotation": {"angle": 22.5, "axis": "z", "origin": [9.89199, 0.26822, 8.68945]},
			"faces": {
				"north": {"uv": [10.75, 11.5, 11.75, 11.75], "texture": "#1"},
				"east": {"uv": [10.75, 11.5, 11.75, 11.75], "texture": "#1"},
				"south": {"uv": [10.75, 11.5, 11.75, 11.75], "texture": "#1"},
				"west": {"uv": [10.75, 11.5, 11.75, 11.75], "texture": "#1"},
				"up": {"uv": [7.25, 9.5, 8.25, 10.5], "texture": "#1"},
				"down": {"uv": [8.25, 10.5, 9.25, 9.5], "texture": "#1"}
			}
		},
		{
			"from": [1.25352, -1.45393, 6.47039],
			"to": [4.30492, -0.95393, 9.52179],
			"rotation": {"angle": -22.5, "axis": "z", "origin": [2.77922, -1.20393, 7.99609]},
			"faces": {
				"north": {"uv": [12, 0, 6, 1], "texture": "#2"},
				"east": {"uv": [12, 6, 6, 7], "texture": "#2"},
				"south": {"uv": [12, 4, 6, 5], "texture": "#2"},
				"west": {"uv": [12, 2, 6, 3], "texture": "#2"},
				"up": {"uv": [16, 0, 16, 0], "texture": "#2"},
				"down": {"uv": [0, 0, 6, 6], "texture": "#2"}
			}
		},
		{
			"from": [11.69508, -1.45393, 6.47039],
			"to": [14.74648, -0.95393, 9.52179],
			"rotation": {"angle": 22.5, "axis": "z", "origin": [13.22078, -1.20393, 7.99609]},
			"faces": {
				"north": {"uv": [12, 0, 6, 1], "texture": "#2"},
				"east": {"uv": [12, 6, 6, 7], "texture": "#2"},
				"south": {"uv": [12, 4, 6, 5], "texture": "#2"},
				"west": {"uv": [12, 2, 6, 3], "texture": "#2"},
				"up": {"uv": [16, 0, 16, 0], "texture": "#2"},
				"down": {"uv": [0, 0, 6, 6], "texture": "#2"}
			}
		},
		{
			"from": [-0.26449, -0.9411, 5.01016],
			"to": [3.03551, -0.93465, 8.31016],
			"rotation": {"angle": -22.5, "axis": "z", "origin": [1.38551, -0.93788, 6.66016]},
			"faces": {
				"north": {"uv": [0, 0, 4, 0.00781], "texture": "#3"},
				"east": {"uv": [0, 0, 4, 0.00781], "texture": "#3"},
				"south": {"uv": [0, 0, 4, 0.00781], "texture": "#3"},
				"west": {"uv": [0, 0, 4, 0.00781], "texture": "#3"},
				"up": {"uv": [0, 0, 0, 0], "texture": "#3"},
				"down": {"uv": [0, 0, 16, 16], "texture": "#3"}
			}
		},
		{
			"from": [10.3336, -2.03085, 5.01016],
			"to": [13.6336, -2.02441, 8.31016],
			"rotation": {"angle": 22.5, "axis": "z", "origin": [11.9836, -2.02763, 6.66016]},
			"faces": {
				"north": {"uv": [4, 0, 0, 0.00781], "texture": "#3"},
				"east": {"uv": [4, 0, 0, 0.00781], "texture": "#3"},
				"south": {"uv": [4, 0, 0, 0.00781], "texture": "#3"},
				"west": {"uv": [4, 0, 0, 0.00781], "texture": "#3"},
				"up": {"uv": [0, 0, 0, 0], "texture": "#3"},
				"down": {"uv": [16, 0, 0, 16], "texture": "#3"}
			}
		},
		{
			"from": [1.99155, -3.78824, 5.98859],
			"to": [6.00655, -2.80777, 10.00359],
			"rotation": {"angle": -22.5, "axis": "z", "origin": [9.89199, 0.26822, 8.68945]},
			"faces": {
				"north": {"uv": [10.75, 11.5, 11.75, 11.75], "texture": "#1"},
				"east": {"uv": [10.75, 11.5, 11.75, 11.75], "texture": "#1"},
				"south": {"uv": [10.75, 11.5, 11.75, 11.75], "texture": "#1"},
				"west": {"uv": [10.75, 11.5, 11.75, 11.75], "texture": "#1"},
				"up": {"uv": [7.25, 9.5, 8.25, 10.5], "texture": "#1"},
				"down": {"uv": [8.25, 10.5, 9.25, 9.5], "texture": "#1"}
			}
		}
	],
	"display": {
		"thirdperson_righthand": {
			"rotation": [106.99, -9.36, 9.05],
			"translation": [1, 2.5, 6.25],
			"scale": [0.5, 0.5, 0.5]
		},
		"thirdperson_lefthand": {
			"rotation": [102.98, -7.57, 7.27],
			"translation": [0.5, 2.75, 6.25],
			"scale": [0.5, 0.5, 0.5]
		},
		"firstperson_righthand": {
			"rotation": [62.46, -15.38, 26.98],
			"translation": [0, 6, 0.75],
			"scale": [0.69, 0.69, 0.69]
		},
		"firstperson_lefthand": {
			"rotation": [62.46, -15.38, 26.98],
			"translation": [0, 6, 0.75],
			"scale": [0.69, 0.69, 0.69]
		},
		"ground": {
			"rotation": [37.91, -3.84, -11.22],
			"translation": [0.75, 3.75, 1.5],
			"scale": [0.54, 0.54, 0.54]
		},
		"gui": {
			"rotation": [80.2, 35.97, -8.93],
			"translation": [0.25, 1.5, 0],
			"scale": [0.6, 0.6, 0.6]
		},
		"head": {
			"scale": [0, 0, 0]
		},
		"fixed": {
			"rotation": [-91.75, 0, 0],
			"translation": [-0.25, -1, -8],
			"scale": [0.87, 0.87, -0.87]
		}
	},
	"groups": [
		0,
		1,
		{
			"name": "group",
			"origin": [4.6638, -0.73416, 2.75],
			"color": 0,
			"children": [2, 3, 4, 5]
		},
		{
			"name": "group",
			"origin": [4.6638, -0.73416, 2.75],
			"color": 0,
			"children": [6, 7, 8, 9]
		},
		10,
		11,
		12,
		13,
		14,
		15,
		16,
		{
			"name": "group",
			"origin": [-5.49791, -0.25175, 8],
			"color": 0,
			"children": [17, 18, 19, 20, 21, 22, 23, 24, 25]
		},
		{
			"name": "group",
			"origin": [-0.3073, 1.73199, 2],
			"color": 0,
			"children": [26, 27, 28, 29, 30, 31, 32, 33, 34]
		},
		{
			"name": "group",
			"origin": [-0.3073, 1.73199, 2],
			"color": 0,
			"children": [35, 36, 37, 38, 39, 40, 41, 42, 43]
		},
		44,
		45,
		46,
		47,
		48,
		49,
		{
			"name": "group",
			"origin": [13.14138, -0.165, 8.125],
			"color": 0,
			"children": []
		},
		{
			"name": "group",
			"origin": [13.14138, -0.165, 8.125],
			"color": 0,
			"children": [50, 51, 52, 53, 54]
		},
		{
			"name": "group",
			"origin": [13.14138, -0.165, 8.125],
			"color": 0,
			"children": [55]
		}
	]
}