{
	"elements": [
		{
			"from": [7.5, 0, 7.5],
			"to": [8.5, 1, 8.5],
			"faces": {
				"north": {"uv": [0, 0, 2, 2], "rotation": 90, "texture": "#missing"},
				"east": {"uv": [0, 2, 2, 4], "rotation": 270, "texture": "#missing"},
				"south": {"uv": [4, 0, 6, 2], "rotation": 270, "texture": "#missing"},
				"west": {"uv": [2, 2, 4, 4], "rotation": 270, "texture": "#missing"},
				"up": {"uv": [4, 2, 6, 4], "rotation": 270, "texture": "#missing"},
				"down": {"uv": [2, 0, 4, 2], "rotation": 270, "texture": "#missing"}
			}
		}
	],
	"display": {
		"thirdperson_righthand": {
			"translation": [1.25, 5, 0]
		},
		"thirdperson_lefthand": {
			"translation": [1.25, 5, 0]
		},
		"ground": {
			"translation": [0, 2, 0]
		},
		"gui": {
			"rotation": [28.74, -39.23, -0.09],
			"translation": [0.25, 1.25, 0],
			"scale": [1.1, 1.1, 1.1]
		},
		"head": {
			"translation": [-0.25, 11.25, 0]
		}
	}
}