{
	"textures": {
		"1": "block/color/armi/cinquina/cinquina_1",
		"2": "block/color/armi/cinquina/cinquina_2",
		"3": "block/color/armi/cinquina/cinquina_3",
		"4": "block/color/armi/cinquina/cinquina_4",
		"particle": "block/color/empty"
	},
	"elements": [
		{
			"from": [14, 7.45, 7.175],
			"to": [16.35, 9.1, 8.825],
			"rotation": {"angle": 0, "axis": "y", "origin": [4, -1, 0]},
			"faces": {
				"north": {"uv": [6, 6.25, 9, 7.5], "texture": "#2"},
				"east": {"uv": [0, 0, 0, 0], "texture": "#2"},
				"south": {"uv": [6, 6.25, 9, 7.5], "texture": "#2"},
				"west": {"uv": [0, 0, 0, 0], "texture": "#2"},
				"up": {"uv": [6, 6, 9, 8], "texture": "#2"},
				"down": {"uv": [9, 8, 6, 6], "texture": "#2"}
			}
		},
		{
			"from": [14.425, 9.375, 7.5],
			"to": [16, 9.625, 8.5],
			"rotation": {"angle": 0, "axis": "y", "origin": [4, -1, 0]},
			"faces": {
				"north": {"uv": [1, 6.25, 1.5, 6.5], "texture": "#2"},
				"east": {"uv": [7.5, 6.25, 8.5, 6.5], "texture": "#2"},
				"south": {"uv": [14.5, 6.25, 15, 6.5], "texture": "#2"},
				"west": {"uv": [7.5, 6.25, 8.5, 6.5], "texture": "#2"},
				"up": {"uv": [14.5, 7.5, 15, 8.5], "texture": "#2"},
				"down": {"uv": [0, 0, 0, 0], "texture": "#2"}
			}
		},
		{
			"from": [15.425, 9.625, 8.175],
			"to": [15.75, 9.75, 8.5],
			"rotation": {"angle": 0, "axis": "y", "origin": [4, -1, 0]},
			"faces": {
				"north": {"uv": [1, 6.25, 1.5, 6.5], "texture": "#2"},
				"east": {"uv": [7.5, 6.25, 8.5, 6.5], "texture": "#2"},
				"south": {"uv": [14.5, 6.25, 15, 6.5], "texture": "#2"},
				"west": {"uv": [7.5, 6.25, 8.5, 6.5], "texture": "#2"},
				"up": {"uv": [14.5, 7.5, 15, 8.5], "texture": "#2"},
				"down": {"uv": [0, 0, 0, 0], "texture": "#2"}
			}
		},
		{
			"from": [15.425, 9.625, 7.5],
			"to": [15.75, 9.75, 7.825],
			"rotation": {"angle": 0, "axis": "y", "origin": [4, -1, 0]},
			"faces": {
				"north": {"uv": [1, 6.25, 1.5, 6.5], "texture": "#2"},
				"east": {"uv": [7.5, 6.25, 8.5, 6.5], "texture": "#2"},
				"south": {"uv": [14.5, 6.25, 15, 6.5], "texture": "#2"},
				"west": {"uv": [7.5, 6.25, 8.5, 6.5], "texture": "#2"},
				"up": {"uv": [14.5, 7.5, 15, 8.5], "texture": "#2"},
				"down": {"uv": [0, 0, 0, 0], "texture": "#2"}
			}
		},
		{
			"from": [14.6, 6.525, 7.5],
			"to": [14.85, 7.775, 8.5],
			"rotation": {"angle": 0, "axis": "y", "origin": [0.85, 0.525, 0]},
			"faces": {
				"north": {"uv": [2.5, 8.75, 2.75, 10], "texture": "#2"},
				"east": {"uv": [7.5, 8.75, 8.5, 10], "texture": "#2"},
				"south": {"uv": [13.25, 8.75, 13.5, 10], "texture": "#2"},
				"west": {"uv": [7.5, 8.75, 8.5, 10], "texture": "#2"},
				"up": {"uv": [0, 0, 0, 0], "texture": "#2"},
				"down": {"uv": [2.75, 8.5, 2.5, 7.5], "texture": "#2"}
			}
		},
		{
			"from": [14.85, 6.275, 7.5],
			"to": [16.1, 6.525, 8.5],
			"rotation": {"angle": 0, "axis": "y", "origin": [0.85, 0.525, 0]},
			"faces": {
				"north": {"uv": [0.75, 10, 2.5, 10.25], "texture": "#2"},
				"east": {"uv": [7.5, 10, 8.5, 10.25], "texture": "#2"},
				"south": {"uv": [13.5, 10, 15.25, 10.25], "texture": "#2"},
				"west": {"uv": [7.5, 10, 8.5, 10.25], "texture": "#2"},
				"up": {"uv": [13.5, 7.5, 15.25, 8.5], "texture": "#2"},
				"down": {"uv": [2.5, 8.5, 0.75, 7.5], "texture": "#2"}
			}
		},
		{
			"from": [15, 9.1, 7.5],
			"to": [15.5, 9.375, 8.5],
			"rotation": {"angle": 0, "axis": "y", "origin": [0.9, 5.8, 0]},
			"faces": {
				"north": {"uv": [0.75, 10, 2.5, 10.25], "rotation": 90, "texture": "#2"},
				"east": {"uv": [2.5, 8.5, 0.75, 7.5], "rotation": 270, "texture": "#2"},
				"south": {"uv": [13.5, 10, 15.25, 10.25], "rotation": 270, "texture": "#2"},
				"west": {"uv": [13.5, 7.5, 15.25, 8.5], "rotation": 270, "texture": "#2"},
				"up": {"uv": [7.5, 10, 8.5, 10.25], "rotation": 270, "texture": "#2"},
				"down": {"uv": [7.5, 10, 8.5, 10.25], "rotation": 270, "texture": "#2"}
			}
		},
		{
			"from": [16.1, 6.525, 7.5],
			"to": [16.35, 7.775, 8.5],
			"rotation": {"angle": 0, "axis": "y", "origin": [0.85, 0.525, 0]},
			"faces": {
				"north": {"uv": [0.5, 9, 0.75, 10], "texture": "#2"},
				"east": {"uv": [7.5, 9, 8.5, 10], "texture": "#2"},
				"south": {"uv": [15.25, 9, 15.5, 10], "texture": "#2"},
				"west": {"uv": [7.5, 9, 8.5, 10], "texture": "#2"},
				"up": {"uv": [0, 0, 0, 0], "texture": "#2"},
				"down": {"uv": [0.75, 8.5, 0.5, 7.5], "texture": "#2"}
			}
		},
		{
			"from": [15.825, 6.85, 7.75],
			"to": [16.05, 8.075, 8.25],
			"rotation": {"angle": -22.5, "axis": "z", "origin": [15.5, 8.075, 7.75]},
			"faces": {
				"north": {"uv": [0.75, 2, 1.25, 3.25], "texture": "#2"},
				"east": {"uv": [7.75, 2, 8.25, 3.25], "texture": "#2"},
				"south": {"uv": [14.75, 2, 15.25, 3.25], "texture": "#2"},
				"west": {"uv": [7.75, 2, 8.25, 3.25], "texture": "#2"},
				"down": {"uv": [1.25, 8.25, 0.75, 7.75], "texture": "#2"}
			}
		},
		{
			"name": "Element",
			"from": [13.575, 7.275, 7.75],
			"to": [13.775, 9.275, 8.25],
			"rotation": {"angle": 0, "axis": "y", "origin": [4, -1, 0]},
			"faces": {
				"north": {"uv": [16, 16, 10, 14], "texture": "#2"},
				"east": {"uv": [16, 16, 10, 14], "texture": "#2"},
				"south": {"uv": [16, 16, 10, 14], "texture": "#2"},
				"west": {"uv": [16, 12, 15, 11], "texture": "#2", "cullface": "west"},
				"up": {"uv": [16, 16, 10, 14], "texture": "#2"},
				"down": {"uv": [16, 12, 15, 11], "texture": "#2"}
			}
		},
		{
			"name": "Element",
			"from": [13.575, 8.025, 7],
			"to": [13.775, 8.525, 9],
			"rotation": {"angle": 0, "axis": "y", "origin": [4, -1, 0]},
			"faces": {
				"north": {"uv": [16, 16, 10, 14], "texture": "#2"},
				"east": {"uv": [16, 16, 10, 14], "texture": "#2"},
				"south": {"uv": [16, 16, 10, 14], "texture": "#2"},
				"west": {"uv": [16, 12, 15, 11], "texture": "#2", "cullface": "west"},
				"up": {"uv": [16, 16, 10, 14], "texture": "#2"},
				"down": {"uv": [16, 12, 15, 11], "texture": "#2"}
			}
		},
		{
			"name": "Element",
			"from": [8.575, 0.275, 7.75],
			"to": [16.775, 0.525, 8.25],
			"rotation": {"angle": 45, "axis": "z", "origin": [4, -1, 0]},
			"faces": {
				"north": {"uv": [9, 6, 6, 2], "texture": "#4"},
				"east": {"uv": [9, 2, 6, 2], "texture": "#4"},
				"south": {"uv": [16, 16, 10, 15], "texture": "#4"},
				"west": {"uv": [9, 2, 6, 2], "texture": "#4", "cullface": "west"},
				"up": {"uv": [9, 6, 12, 8], "texture": "#4"},
				"down": {"uv": [9, 0, 11, 2], "texture": "#4"}
			}
		},
		{
			"name": "Element",
			"from": [8.575, -1.975, 7.75],
			"to": [16.775, -1.725, 8.25],
			"rotation": {"angle": 45, "axis": "z", "origin": [4, -1, 0]},
			"faces": {
				"north": {"uv": [9, 6, 6, 2], "texture": "#4"},
				"east": {"uv": [9, 2, 6, 2], "texture": "#4"},
				"south": {"uv": [16, 16, 10, 15], "texture": "#4"},
				"west": {"uv": [9, 2, 6, 2], "texture": "#4", "cullface": "west"},
				"up": {"uv": [16, 6, 9, 2], "texture": "#4"},
				"down": {"uv": [9, 6, 6, 2], "texture": "#4"}
			}
		},
		{
			"name": "Element",
			"from": [8.575, -1.725, 8.25],
			"to": [16.775, -1.225, 8.5],
			"rotation": {"angle": 45, "axis": "z", "origin": [4, -1, 0]},
			"faces": {
				"north": {"uv": [9, 0, 11, 3], "rotation": 180, "texture": "#4"},
				"east": {"uv": [9, 2, 6, 2], "rotation": 90, "texture": "#4"},
				"south": {"uv": [15, 16, 10, 14], "rotation": 180, "texture": "#4"},
				"west": {"uv": [9, 2, 6, 2], "rotation": 270, "texture": "#4", "cullface": "west"},
				"up": {"uv": [9, 6, 12, 8], "texture": "#4"},
				"down": {"uv": [9, 6, 6, 2], "rotation": 180, "texture": "#4"}
			}
		},
		{
			"name": "Element",
			"from": [8.575, -1.725, 7.5],
			"to": [16.775, -1.225, 7.75],
			"rotation": {"angle": 45, "axis": "z", "origin": [4, -1, 0]},
			"faces": {
				"north": {"uv": [0, 1, 4, 3], "rotation": 180, "texture": "#4"},
				"east": {"uv": [9, 2, 6, 2], "rotation": 90, "texture": "#4"},
				"south": {"uv": [16, 14, 15, 16], "texture": "#4"},
				"west": {"uv": [9, 2, 6, 2], "rotation": 270, "texture": "#4", "cullface": "west"},
				"up": {"uv": [9, 6, 12, 8], "texture": "#4"},
				"down": {"uv": [9, 6, 6, 2], "rotation": 180, "texture": "#4"}
			}
		},
		{
			"name": "Element",
			"from": [8.575, -0.975, 7.5],
			"to": [16.775, -0.475, 7.75],
			"rotation": {"angle": 45, "axis": "z", "origin": [4, -1, 0]},
			"faces": {
				"north": {"uv": [9, 0, 11, 3], "rotation": 180, "texture": "#4"},
				"east": {"uv": [9, 2, 6, 2], "rotation": 90, "texture": "#4"},
				"south": {"uv": [16, 14, 15, 16], "texture": "#4"},
				"west": {"uv": [9, 2, 6, 2], "rotation": 270, "texture": "#4", "cullface": "west"},
				"up": {"uv": [9, 6, 12, 8], "texture": "#4"},
				"down": {"uv": [9, 6, 6, 2], "rotation": 180, "texture": "#4"}
			}
		},
		{
			"name": "Element",
			"from": [8.575, -1.225, 7],
			"to": [16.775, -0.975, 7.5],
			"rotation": {"angle": 45, "axis": "z", "origin": [4, -1, 0]},
			"faces": {
				"north": {"uv": [9, 6, 6, 2], "texture": "#4"},
				"east": {"uv": [9, 2, 6, 2], "texture": "#4"},
				"south": {"uv": [16, 16, 10, 15], "texture": "#4"},
				"west": {"uv": [9, 2, 6, 2], "texture": "#4", "cullface": "west"},
				"up": {"uv": [16, 6, 9, 2], "texture": "#4"},
				"down": {"uv": [4, 3, 0, 0], "rotation": 180, "texture": "#4"}
			}
		},
		{
			"name": "Element",
			"from": [8.575, -0.975, 6.75],
			"to": [16.775, -0.475, 7],
			"rotation": {"angle": 45, "axis": "z", "origin": [4, -1, 0]},
			"faces": {
				"north": {"uv": [9, 6, 6, 2], "rotation": 180, "texture": "#4"},
				"east": {"uv": [9, 2, 6, 2], "rotation": 90, "texture": "#4"},
				"south": {"uv": [16, 14, 15, 16], "texture": "#4"},
				"west": {"uv": [9, 2, 6, 2], "rotation": 270, "texture": "#4", "cullface": "west"},
				"up": {"uv": [9, 6, 12, 8], "texture": "#4"},
				"down": {"uv": [9, 6, 6, 2], "rotation": 180, "texture": "#4"}
			}
		},
		{
			"name": "Element",
			"from": [8.575, -0.475, 7],
			"to": [16.775, -0.225, 7.5],
			"rotation": {"angle": 45, "axis": "z", "origin": [4, -1, 0]},
			"faces": {
				"north": {"uv": [9, 6, 6, 2], "texture": "#4"},
				"east": {"uv": [9, 2, 6, 2], "texture": "#4"},
				"south": {"uv": [16, 16, 10, 15], "texture": "#4"},
				"west": {"uv": [9, 2, 6, 2], "texture": "#4", "cullface": "west"},
				"up": {"uv": [5, 3, 4, 6], "texture": "#4"},
				"down": {"uv": [9, 0, 11, 2], "texture": "#4"}
			}
		},
		{
			"name": "Element",
			"from": [8.575, -1.225, 8.5],
			"to": [16.775, -0.975, 9],
			"rotation": {"angle": 45, "axis": "z", "origin": [4, -1, 0]},
			"faces": {
				"north": {"uv": [9, 6, 6, 2], "texture": "#4"},
				"east": {"uv": [9, 2, 6, 2], "texture": "#4"},
				"south": {"uv": [16, 16, 10, 15], "texture": "#4"},
				"west": {"uv": [9, 2, 6, 2], "texture": "#4", "cullface": "west"},
				"up": {"uv": [16, 6, 9, 2], "texture": "#4"},
				"down": {"uv": [4, 3, 0, 0], "texture": "#4"}
			}
		},
		{
			"name": "Element",
			"from": [8.575, -0.975, 8.25],
			"to": [16.775, -0.475, 8.5],
			"rotation": {"angle": 45, "axis": "z", "origin": [4, -1, 0]},
			"faces": {
				"north": {"uv": [9, 0, 11, 3], "rotation": 180, "texture": "#4"},
				"east": {"uv": [9, 2, 6, 2], "rotation": 90, "texture": "#4"},
				"south": {"uv": [16, 14, 15, 16], "texture": "#4"},
				"west": {"uv": [9, 2, 6, 2], "rotation": 270, "texture": "#4", "cullface": "west"},
				"up": {"uv": [9, 6, 12, 8], "texture": "#4"},
				"down": {"uv": [9, 6, 6, 2], "rotation": 180, "texture": "#4"}
			}
		},
		{
			"name": "Element",
			"from": [8.575, -0.975, 9],
			"to": [16.775, -0.475, 9.25],
			"rotation": {"angle": 45, "axis": "z", "origin": [4, -1, 0]},
			"faces": {
				"north": {"uv": [9, 0, 11, 3], "rotation": 180, "texture": "#4"},
				"east": {"uv": [9, 2, 10, 2], "rotation": 90, "texture": "#4"},
				"south": {"uv": [16, 16, 14, 15], "texture": "#4"},
				"west": {"uv": [9, 2, 10, 2], "rotation": 270, "texture": "#4", "cullface": "west"},
				"up": {"uv": [9, 6, 13, 8], "texture": "#4"},
				"down": {"uv": [9, 6, 10, 2], "rotation": 180, "texture": "#4"}
			}
		},
		{
			"name": "Element",
			"from": [8.575, -0.475, 8.5],
			"to": [16.775, -0.225, 9],
			"rotation": {"angle": 45, "axis": "z", "origin": [4, -1, 0]},
			"faces": {
				"north": {"uv": [9, 6, 6, 2], "texture": "#4"},
				"east": {"uv": [9, 2, 6, 2], "texture": "#4"},
				"south": {"uv": [16, 16, 10, 15], "texture": "#4"},
				"west": {"uv": [9, 2, 6, 2], "texture": "#4", "cullface": "west"},
				"up": {"uv": [5, 3, 4, 6], "rotation": 180, "texture": "#4"},
				"down": {"uv": [9, 0, 11, 2], "texture": "#4"}
			}
		},
		{
			"name": "Element",
			"from": [8.575, -0.475, 7.5],
			"to": [16.775, -0.225, 8.5],
			"rotation": {"angle": 45, "axis": "z", "origin": [4, -1, 0]},
			"faces": {
				"north": {"uv": [9, 6, 6, 2], "texture": "#4"},
				"east": {"uv": [9, 2, 6, 2], "texture": "#4"},
				"south": {"uv": [16, 16, 10, 15], "texture": "#4"},
				"west": {"uv": [9, 2, 6, 2], "texture": "#4", "cullface": "west"},
				"up": {"uv": [16, 6, 9, 2], "texture": "#4"},
				"down": {"uv": [9, 0, 11, 2], "texture": "#4"}
			}
		},
		{
			"name": "Element",
			"from": [8.575, -0.225, 7.5],
			"to": [16.775, 0.275, 7.75],
			"rotation": {"angle": 45, "axis": "z", "origin": [4, -1, 0]},
			"faces": {
				"north": {"uv": [0, 1, 4, 3], "texture": "#4"},
				"east": {"uv": [9, 2, 6, 2], "rotation": 90, "texture": "#4"},
				"south": {"uv": [16, 14, 15, 16], "texture": "#4"},
				"west": {"uv": [9, 2, 6, 2], "rotation": 270, "texture": "#4", "cullface": "west"},
				"up": {"uv": [9, 6, 12, 8], "texture": "#4"},
				"down": {"uv": [9, 6, 6, 2], "rotation": 180, "texture": "#4"}
			}
		},
		{
			"name": "Element",
			"from": [8.575, -0.225, 8.25],
			"to": [16.775, 0.275, 8.5],
			"rotation": {"angle": 45, "axis": "z", "origin": [4, -1, 0]},
			"faces": {
				"north": {"uv": [11, 0, 9, 3], "texture": "#4"},
				"east": {"uv": [9, 2, 6, 2], "rotation": 90, "texture": "#4"},
				"south": {"uv": [15, 16, 10, 14], "texture": "#4"},
				"west": {"uv": [9, 2, 6, 2], "rotation": 270, "texture": "#4", "cullface": "west"},
				"up": {"uv": [9, 6, 12, 8], "texture": "#4"},
				"down": {"uv": [9, 6, 6, 2], "rotation": 180, "texture": "#4"}
			}
		},
		{
			"name": "Element",
			"from": [8.575, -1.225, 7.5],
			"to": [16.775, -0.975, 8.5],
			"rotation": {"angle": 45, "axis": "z", "origin": [4, -1, 0]},
			"faces": {
				"north": {"uv": [9, 6, 6, 2], "texture": "#4"},
				"east": {"uv": [9, 2, 6, 2], "texture": "#4"},
				"south": {"uv": [16, 16, 10, 15], "texture": "#4"},
				"west": {"uv": [9, 2, 6, 2], "texture": "#4", "cullface": "west"},
				"up": {"uv": [16, 6, 9, 2], "texture": "#4"},
				"down": {"uv": [9, 0, 11, 2], "texture": "#4"}
			}
		},
		{
			"name": "Element",
			"from": [13.775, 6.95, 7.675],
			"to": [14.075, 9.6, 8.325],
			"rotation": {"angle": 0, "axis": "y", "origin": [4, -1, 0]},
			"faces": {
				"north": {"uv": [0, 16, 3, 15], "texture": "#1"},
				"east": {"uv": [0, 16, 1, 15], "texture": "#1"},
				"south": {"uv": [0, 16, 3, 15], "texture": "#1"},
				"west": {"uv": [0, 16, 1, 15], "texture": "#1", "cullface": "west"},
				"up": {"uv": [0, 7.75, 0, 8.25], "texture": "#1"},
				"down": {"uv": [0, 15, 3, 16], "texture": "#1"}
			}
		},
		{
			"name": "Element",
			"from": [13.775, 7.95, 6.675],
			"to": [14.075, 8.6, 9.325],
			"rotation": {"angle": 0, "axis": "y", "origin": [4, -1, 0]},
			"faces": {
				"north": {"uv": [0, 16, 3, 15], "rotation": 180, "texture": "#1"},
				"east": {"uv": [0, 16, 1, 15], "rotation": 90, "texture": "#1"},
				"south": {"uv": [0, 15, 3, 16], "texture": "#1"},
				"west": {"uv": [0, 16, 1, 15], "rotation": 270, "texture": "#1", "cullface": "west"},
				"up": {"uv": [0, 5.75, 0, 6], "texture": "#1"},
				"down": {"uv": [0, 16, 3, 15], "rotation": 180, "texture": "#1"}
			}
		},
		{
			"name": "Element",
			"from": [13.775, 7.2, 7.175],
			"to": [14.075, 9.35, 8.825],
			"rotation": {"angle": 0, "axis": "y", "origin": [4, -1, 0]},
			"faces": {
				"north": {"uv": [0, 16, 3, 15], "rotation": 180, "texture": "#1"},
				"east": {"uv": [0, 16, 1, 15], "rotation": 90, "texture": "#1"},
				"south": {"uv": [0, 15, 3, 16], "texture": "#1"},
				"west": {"uv": [0, 16, 1, 15], "rotation": 270, "texture": "#1", "cullface": "west"},
				"up": {"uv": [0, 5.75, 0, 6], "texture": "#1"},
				"down": {"uv": [0, 16, 3, 15], "rotation": 180, "texture": "#1"}
			}
		},
		{
			"name": "Element",
			"from": [13.775, 7.45, 6.925],
			"to": [14.075, 9.1, 9.075],
			"rotation": {"angle": 0, "axis": "y", "origin": [4, -1, 0]},
			"faces": {
				"north": {"uv": [0, 16, 3, 15], "rotation": 180, "texture": "#1"},
				"east": {"uv": [0, 16, 1, 15], "rotation": 90, "texture": "#1"},
				"south": {"uv": [0, 15, 3, 16], "texture": "#1"},
				"west": {"uv": [0, 16, 1, 15], "rotation": 270, "texture": "#1", "cullface": "west"},
				"up": {"uv": [0, 5.75, 0, 6], "texture": "#1"},
				"down": {"uv": [0, 16, 3, 15], "rotation": 180, "texture": "#1"}
			}
		},
		{
			"from": [17.15, 8.025, 7.4],
			"to": [18.8, 9.7, 8.6],
			"rotation": {"angle": -22.5, "axis": "z", "origin": [15.675, 9.525, 7.25]},
			"faces": {
				"north": {"uv": [11.75, 5, 15, 6.75], "texture": "#3", "cullface": "east"},
				"east": {"uv": [7.25, 6.75, 8.75, 8.5], "texture": "#3", "cullface": "east"},
				"south": {"uv": [11.75, 5, 15, 6.75], "texture": "#3", "cullface": "east"},
				"west": {"uv": [7.25, 6.75, 8.75, 8.5], "texture": "#3", "cullface": "east"},
				"up": {"uv": [11.75, 0, 15, 1.5], "texture": "#3", "cullface": "east"},
				"down": {"uv": [11.75, 0, 15, 1.5], "texture": "#3", "cullface": "east"}
			}
		},
		{
			"from": [16.35, 7.425, 7.325],
			"to": [17.1, 9.125, 8.675],
			"rotation": {"angle": 0, "axis": "z", "origin": [15.75, 9.5, 7.25]},
			"faces": {
				"north": {"uv": [11.75, 5, 15, 6.75], "texture": "#3", "cullface": "east"},
				"east": {"uv": [7.25, 6.75, 8.75, 8.5], "texture": "#3", "cullface": "east"},
				"south": {"uv": [11.75, 5, 15, 6.75], "texture": "#3", "cullface": "east"},
				"west": {"uv": [7.25, 6.75, 8.75, 8.5], "texture": "#3", "cullface": "east"},
				"up": {"uv": [11.75, 0, 15, 1.5], "texture": "#3", "cullface": "east"},
				"down": {"uv": [11.75, 0, 15, 1.5], "texture": "#3", "cullface": "east"}
			}
		},
		{
			"from": [17.425, 5.45, 7.475],
			"to": [19.025, 7.525, 8.525],
			"rotation": {"angle": 45, "axis": "z", "origin": [17.675, 7.525, 7.5]},
			"faces": {
				"north": {"uv": [11, 9.75, 12.5, 12.25], "texture": "#3", "cullface": "east"},
				"east": {"uv": [7.5, 9.75, 8.5, 12.25], "texture": "#3", "cullface": "east"},
				"south": {"uv": [11, 9.75, 12.5, 12.25], "texture": "#3", "cullface": "east"},
				"west": {"uv": [7.5, 9.75, 8.5, 12.25], "texture": "#3", "cullface": "east"},
				"up": {"uv": [11, 7.5, 12.5, 8.5], "texture": "#3", "cullface": "east"},
				"down": {"uv": [11, 7.5, 12.5, 8.5], "texture": "#3", "cullface": "east"}
			}
		}
	],
	"gui_light": "front",
	"display": {
		"thirdperson_righthand": {
			"rotation": [0, -90, 0],
			"translation": [0, 0.5, -8.75],
			"scale": [1.1, 1.1, 1.1]
		},
		"thirdperson_lefthand": {
			"rotation": [0, 90, 0],
			"translation": [0, 0.5, -8.75],
			"scale": [1.1, 1.1, 1.1]
		},
		"firstperson_righthand": {
			"rotation": [77.39, -38.45, 63.16],
			"translation": [0, 2.5, -5],
			"scale": [1.09, 1.09, 1.09]
		},
		"firstperson_lefthand": {
			"rotation": [-103.29, 28.94, 113.01],
			"translation": [0, 1.5, -5],
			"scale": [1.09, 1.09, 1.09]
		},
		"ground": {
			"translation": [-5.5, -1, 0],
			"scale": [1.15, 1.15, 1.15]
		},
		"gui": {
			"rotation": [17.49, 33.45, 28.72],
			"translation": [-3.75, -3, 0],
			"scale": [1.09, 1.09, 0.9]
		},
		"head": {
			"rotation": [0, -90, 0],
			"translation": [-0.25, 8, -7.5]
		},
		"fixed": {
			"rotation": [0, 180, -45],
			"translation": [4.5, 4.5, 0],
			"scale": [1.39, 1.39, 1.39]
		}
	}
}