{
	"textures": {
		"1": "block/color/armi/varie/reflexsight/reflexsight_1",
		"2": "block/color/armi/varie/reflexsight/reflexsight_2",
		"3": "block/color/armi/varie/reflexsight/reflexsight_3",
		"4": "block/color/armi/varie/reflexsight/reflexsight_4",
		"5": "block/color/armi/varie/reflexsight/reflexsight_5",
		"6": "block/color/armi/varie/reflexsight/reflexsight_6",
		"particle": "block/color/empty"
	},
	"elements": [
		{
			"from": [5, 7, 7.8],
			"to": [7, 7.1, 8.2],
			"rotation": {"angle": 0, "axis": "y", "origin": [6, 8, 8]},
			"faces": {
				"north": {"uv": [0, 0, 2, 0.1], "texture": "#5"},
				"east": {"uv": [0, 0, 0.4, 0.1], "texture": "#5"},
				"south": {"uv": [0, 0, 2, 0.1], "texture": "#5"},
				"west": {"uv": [0, 0, 0.4, 0.1], "texture": "#5"},
				"up": {"uv": [0, 0, 2, 0.4], "texture": "#2"},
				"down": {"uv": [0, 0, 2, 0.4], "texture": "#5"}
			}
		},
		{
			"from": [5, 6.8, 7.8],
			"to": [7, 7.1, 8.2],
			"rotation": {"angle": 22.5, "axis": "x", "origin": [6, 8, 8]},
			"faces": {
				"north": {"uv": [0, 0, 2, 0.3], "texture": "#5"},
				"east": {"uv": [0, 0, 0.4, 0.3], "texture": "#5"},
				"south": {"uv": [0, 0, 2, 0.3], "texture": "#5"},
				"west": {"uv": [0, 0, 0.4, 0.3], "texture": "#5"},
				"up": {"uv": [0, 0, 2, 0.4], "texture": "#2"},
				"down": {"uv": [0, 0, 2, 0.4], "texture": "#5"}
			}
		},
		{
			"from": [5, 6.7, 7.7],
			"to": [7, 7.1, 8.3],
			"rotation": {"angle": 45, "axis": "x", "origin": [6, 8, 8]},
			"faces": {
				"north": {"uv": [0, 0, 2, 0.4], "texture": "#5"},
				"east": {"uv": [0, 0, 0.6, 0.4], "texture": "#5"},
				"south": {"uv": [0, 0, 2, 0.4], "texture": "#5"},
				"west": {"uv": [0, 0, 0.6, 0.4], "texture": "#5"},
				"up": {"uv": [0, 0, 2, 0.6], "texture": "#2"},
				"down": {"uv": [0, 0, 2, 0.6], "texture": "#5"}
			}
		},
		{
			"from": [5, 6.8, 7.8],
			"to": [7, 7.1, 8.2],
			"rotation": {"angle": -22.5, "axis": "x", "origin": [6, 8, 8]},
			"faces": {
				"north": {"uv": [0, 0, 2, 0.3], "texture": "#5"},
				"east": {"uv": [0, 0, 0.4, 0.3], "texture": "#5"},
				"south": {"uv": [0, 0, 2, 0.3], "texture": "#5"},
				"west": {"uv": [0, 0, 0.4, 0.3], "texture": "#5"},
				"up": {"uv": [0, 0, 2, 0.4], "texture": "#2"},
				"down": {"uv": [0, 0, 2, 0.4], "texture": "#5"}
			}
		},
		{
			"from": [5, 6.7, 7.7],
			"to": [7, 7.1, 8.3],
			"rotation": {"angle": -45, "axis": "x", "origin": [6, 8, 8]},
			"faces": {
				"north": {"uv": [0, 0, 2, 0.4], "texture": "#5"},
				"east": {"uv": [0, 0, 0.6, 0.4], "texture": "#5"},
				"south": {"uv": [0, 0, 2, 0.4], "texture": "#5"},
				"west": {"uv": [0, 0, 0.6, 0.4], "texture": "#5"},
				"up": {"uv": [0, 0, 2, 0.6], "texture": "#2"},
				"down": {"uv": [0, 0, 2, 0.6], "texture": "#5"}
			}
		},
		{
			"from": [5, 8.9, 7.8],
			"to": [7, 9, 8.2],
			"rotation": {"angle": 0, "axis": "y", "origin": [6, 8, 8]},
			"faces": {
				"north": {"uv": [0, 0, 2, 0.1], "texture": "#5"},
				"east": {"uv": [0, 0, 0.4, 0.1], "texture": "#5"},
				"south": {"uv": [0, 0, 2, 0.1], "texture": "#5"},
				"west": {"uv": [0, 0, 0.4, 0.1], "texture": "#5"},
				"up": {"uv": [0, 0, 2, 0.4], "texture": "#5"},
				"down": {"uv": [0, 0, 2, 0.4], "texture": "#2"}
			}
		},
		{
			"from": [5, 8.9, 7.8],
			"to": [7, 9, 8.2],
			"rotation": {"angle": 22.5, "axis": "x", "origin": [6, 8, 8]},
			"faces": {
				"north": {"uv": [0, 0, 2, 0.1], "texture": "#5"},
				"east": {"uv": [0, 0, 0.4, 0.1], "texture": "#5"},
				"south": {"uv": [0, 0, 2, 0.1], "texture": "#5"},
				"west": {"uv": [0, 0, 0.4, 0.1], "texture": "#5"},
				"up": {"uv": [0, 0, 2, 0.4], "texture": "#5"},
				"down": {"uv": [0, 0, 2, 0.4], "texture": "#2"}
			}
		},
		{
			"from": [5, 8.9, 7.8],
			"to": [7, 9, 8.2],
			"rotation": {"angle": 45, "axis": "x", "origin": [6, 8, 8]},
			"faces": {
				"north": {"uv": [0, 0, 2, 0.1], "texture": "#5"},
				"east": {"uv": [0, 0, 0.4, 0.1], "texture": "#5"},
				"south": {"uv": [0, 0, 2, 0.1], "texture": "#5"},
				"west": {"uv": [0, 0, 0.4, 0.1], "texture": "#5"},
				"up": {"uv": [0, 0, 2, 0.4], "texture": "#5"},
				"down": {"uv": [0, 0, 2, 0.4], "texture": "#2"}
			}
		},
		{
			"from": [5, 8.9, 7.8],
			"to": [7, 9, 8.2],
			"rotation": {"angle": -22.5, "axis": "x", "origin": [6, 8, 8]},
			"faces": {
				"north": {"uv": [0, 0, 2, 0.1], "texture": "#5"},
				"east": {"uv": [0, 0, 0.4, 0.1], "texture": "#5"},
				"south": {"uv": [0, 0, 2, 0.1], "texture": "#5"},
				"west": {"uv": [0, 0, 0.4, 0.1], "texture": "#5"},
				"up": {"uv": [0, 0, 2, 0.4], "texture": "#5"},
				"down": {"uv": [0, 0, 2, 0.4], "texture": "#2"}
			}
		},
		{
			"from": [5, 8.9, 7.8],
			"to": [7, 9, 8.2],
			"rotation": {"angle": -45, "axis": "x", "origin": [6, 8, 8]},
			"faces": {
				"north": {"uv": [0, 0, 2, 0.1], "texture": "#5"},
				"east": {"uv": [0, 0, 0.4, 0.1], "texture": "#5"},
				"south": {"uv": [0, 0, 2, 0.1], "texture": "#5"},
				"west": {"uv": [0, 0, 0.4, 0.1], "texture": "#5"},
				"up": {"uv": [0, 0, 2, 0.4], "texture": "#5"},
				"down": {"uv": [0, 0, 2, 0.4], "texture": "#2"}
			}
		},
		{
			"from": [5, 7, 7],
			"to": [7, 8.2, 7.1],
			"rotation": {"angle": 0, "axis": "y", "origin": [6, 8, 8]},
			"faces": {
				"north": {"uv": [0, 0, 2, 1.2], "texture": "#5"},
				"east": {"uv": [0, 0, 0.1, 1.2], "texture": "#5"},
				"south": {"uv": [0, 0, 2, 1.2], "texture": "#2"},
				"west": {"uv": [0, 0, 0.1, 1.2], "texture": "#5"},
				"up": {"uv": [0, 0, 2, 0.1], "texture": "#5"},
				"down": {"uv": [0, 0, 2, 0.1], "texture": "#5"}
			}
		},
		{
			"from": [5, 7.8, 7],
			"to": [7, 8.2, 7.1],
			"rotation": {"angle": 22.5, "axis": "x", "origin": [6, 8, 8]},
			"faces": {
				"north": {"uv": [0, 0, 2, 0.4], "texture": "#5"},
				"east": {"uv": [0, 0, 0.1, 0.4], "texture": "#5"},
				"south": {"uv": [0, 0, 2, 0.4], "texture": "#2"},
				"west": {"uv": [0, 0, 0.1, 0.4], "texture": "#5"},
				"up": {"uv": [0, 0, 2, 0.1], "texture": "#5"},
				"down": {"uv": [0, 0, 2, 0.1], "texture": "#5"}
			}
		},
		{
			"from": [5, 7.8, 6.9],
			"to": [7, 8.2, 7.1],
			"rotation": {"angle": -22.5, "axis": "x", "origin": [6, 8, 8]},
			"faces": {
				"north": {"uv": [0, 0, 2, 0.4], "texture": "#5"},
				"east": {"uv": [0, 0, 0.2, 0.4], "texture": "#5"},
				"south": {"uv": [0, 0, 2, 0.4], "texture": "#2"},
				"west": {"uv": [0, 0, 0.2, 0.4], "texture": "#5"},
				"up": {"uv": [0, 0, 2, 0.2], "texture": "#5"},
				"down": {"uv": [0, 0, 2, 0.2], "texture": "#5"}
			}
		},
		{
			"from": [5, 7.8, 8.9],
			"to": [7, 8.2, 9],
			"rotation": {"angle": -22.5, "axis": "x", "origin": [6, 8, 8]},
			"faces": {
				"north": {"uv": [0, 0, 2, 0.4], "texture": "#2"},
				"east": {"uv": [0, 0, 0.1, 0.4], "texture": "#5"},
				"south": {"uv": [0, 0, 2, 0.4], "texture": "#5"},
				"west": {"uv": [0, 0, 0.1, 0.4], "texture": "#5"},
				"up": {"uv": [0, 0, 2, 0.1], "texture": "#5"},
				"down": {"uv": [0, 0, 2, 0.1], "texture": "#5"}
			}
		},
		{
			"from": [5, 7, 8.9],
			"to": [7, 8.2, 9],
			"rotation": {"angle": 0, "axis": "y", "origin": [6, 8, 8]},
			"faces": {
				"north": {"uv": [0, 0, 2, 1.2], "texture": "#2"},
				"east": {"uv": [0, 0, 0.1, 1.2], "texture": "#5"},
				"south": {"uv": [0, 0, 2, 1.2], "texture": "#5"},
				"west": {"uv": [0, 0, 0.1, 1.2], "texture": "#5"},
				"up": {"uv": [0, 0, 2, 0.1], "texture": "#5"},
				"down": {"uv": [0, 0, 2, 0.1], "texture": "#5"}
			}
		},
		{
			"from": [5, 7.8, 8.9],
			"to": [7, 8.2, 9.1],
			"rotation": {"angle": 22.5, "axis": "x", "origin": [6, 8, 8]},
			"faces": {
				"north": {"uv": [0, 0, 2, 0.4], "texture": "#2"},
				"east": {"uv": [0, 0, 0.2, 0.4], "texture": "#5"},
				"south": {"uv": [0, 0, 2, 0.4], "texture": "#5"},
				"west": {"uv": [0, 0, 0.2, 0.4], "texture": "#5"},
				"up": {"uv": [0, 0, 2, 0.2], "texture": "#5"},
				"down": {"uv": [0, 0, 2, 0.2], "texture": "#5"}
			}
		},
		{
			"from": [5, 9, 7.76],
			"to": [5.75, 9.2, 8.24],
			"rotation": {"angle": 0, "axis": "y", "origin": [6, 8, 8]},
			"faces": {
				"north": {"uv": [0, 0, 0.75, 0.2], "texture": "#5"},
				"east": {"uv": [0, 0, 0.48, 0.2], "texture": "#5"},
				"south": {"uv": [0, 0, 0.75, 0.2], "texture": "#5"},
				"west": {"uv": [0, 0, 0.48, 0.2], "texture": "#5"},
				"up": {"uv": [0, 0, 0.75, 0.48], "texture": "#5"},
				"down": {"uv": [0, 0, 0.75, 0.48], "texture": "#5"}
			}
		},
		{
			"from": [5, 9, 7.76],
			"to": [5.75, 9.2, 8.24],
			"rotation": {"angle": 22.5, "axis": "x", "origin": [6, 8, 8]},
			"faces": {
				"north": {"uv": [0, 0, 0.75, 0.2], "texture": "#5"},
				"east": {"uv": [0, 0, 0.48, 0.2], "texture": "#5"},
				"south": {"uv": [0, 0, 0.75, 0.2], "texture": "#5"},
				"west": {"uv": [0, 0, 0.48, 0.2], "texture": "#5"},
				"up": {"uv": [0, 0, 0.75, 0.48], "texture": "#5"},
				"down": {"uv": [0, 0, 0.75, 0.48], "texture": "#5"}
			}
		},
		{
			"from": [5, 9, 7.76],
			"to": [5.75, 9.2, 8.24],
			"rotation": {"angle": 45, "axis": "x", "origin": [6, 8, 8]},
			"faces": {
				"north": {"uv": [0, 0, 0.75, 0.2], "texture": "#5"},
				"east": {"uv": [0, 0, 0.48, 0.2], "texture": "#5"},
				"south": {"uv": [0, 0, 0.75, 0.2], "texture": "#5"},
				"west": {"uv": [0, 0, 0.48, 0.2], "texture": "#5"},
				"up": {"uv": [0, 0, 0.75, 0.48], "texture": "#5"},
				"down": {"uv": [0, 0, 0.75, 0.48], "texture": "#5"}
			}
		},
		{
			"from": [5, 9, 7.76],
			"to": [5.75, 9.2, 8.24],
			"rotation": {"angle": -22.5, "axis": "x", "origin": [6, 8, 8]},
			"faces": {
				"north": {"uv": [0, 0, 0.75, 0.2], "texture": "#5"},
				"east": {"uv": [0, 0, 0.48, 0.2], "texture": "#5"},
				"south": {"uv": [0, 0, 0.75, 0.2], "texture": "#5"},
				"west": {"uv": [0, 0, 0.48, 0.2], "texture": "#5"},
				"up": {"uv": [0, 0, 0.75, 0.48], "texture": "#5"},
				"down": {"uv": [0, 0, 0.75, 0.48], "texture": "#5"}
			}
		},
		{
			"from": [5, 9, 7.76],
			"to": [5.75, 9.2, 8.24],
			"rotation": {"angle": -45, "axis": "x", "origin": [6, 8, 8]},
			"faces": {
				"north": {"uv": [0, 0, 0.75, 0.2], "texture": "#5"},
				"east": {"uv": [0, 0, 0.48, 0.2], "texture": "#5"},
				"south": {"uv": [0, 0, 0.75, 0.2], "texture": "#5"},
				"west": {"uv": [0, 0, 0.48, 0.2], "texture": "#5"},
				"up": {"uv": [0, 0, 0.75, 0.48], "texture": "#5"},
				"down": {"uv": [0, 0, 0.75, 0.48], "texture": "#5"}
			}
		},
		{
			"from": [5.75, 9, 7.78],
			"to": [5.85, 9.1, 8.22],
			"rotation": {"angle": 0, "axis": "y", "origin": [6, 8, 8]},
			"faces": {
				"north": {"uv": [0, 0, 0.1, 0.1], "texture": "#5"},
				"east": {"uv": [0, 0, 0.44, 0.1], "texture": "#5"},
				"south": {"uv": [0, 0, 0.1, 0.1], "texture": "#5"},
				"west": {"uv": [0, 0, 0.44, 0.1], "texture": "#5"},
				"up": {"uv": [0, 0, 0.1, 0.44], "texture": "#5"},
				"down": {"uv": [0, 0, 0.1, 0.44], "texture": "#5"}
			}
		},
		{
			"from": [5.75, 9, 7.78],
			"to": [5.85, 9.1, 8.22],
			"rotation": {"angle": 22.5, "axis": "x", "origin": [6, 8, 8]},
			"faces": {
				"north": {"uv": [0, 0, 0.1, 0.1], "texture": "#5"},
				"east": {"uv": [0, 0, 0.44, 0.1], "texture": "#5"},
				"south": {"uv": [0, 0, 0.1, 0.1], "texture": "#5"},
				"west": {"uv": [0, 0, 0.44, 0.1], "texture": "#5"},
				"up": {"uv": [0, 0, 0.1, 0.44], "texture": "#5"},
				"down": {"uv": [0, 0, 0.1, 0.44], "texture": "#5"}
			}
		},
		{
			"from": [5.75, 9, 7.78],
			"to": [5.85, 9.1, 8.22],
			"rotation": {"angle": 45, "axis": "x", "origin": [6, 8, 8]},
			"faces": {
				"north": {"uv": [0, 0, 0.1, 0.1], "texture": "#5"},
				"east": {"uv": [0, 0, 0.44, 0.1], "texture": "#5"},
				"south": {"uv": [0, 0, 0.1, 0.1], "texture": "#5"},
				"west": {"uv": [0, 0, 0.44, 0.1], "texture": "#5"},
				"up": {"uv": [0, 0, 0.1, 0.44], "texture": "#5"},
				"down": {"uv": [0, 0, 0.1, 0.44], "texture": "#5"}
			}
		},
		{
			"from": [5.75, 9, 7.78],
			"to": [5.85, 9.1, 8.22],
			"rotation": {"angle": -22.5, "axis": "x", "origin": [6, 8, 8]},
			"faces": {
				"north": {"uv": [0, 0, 0.1, 0.1], "texture": "#5"},
				"east": {"uv": [0, 0, 0.44, 0.1], "texture": "#5"},
				"south": {"uv": [0, 0, 0.1, 0.1], "texture": "#5"},
				"west": {"uv": [0, 0, 0.44, 0.1], "texture": "#5"},
				"up": {"uv": [0, 0, 0.1, 0.44], "texture": "#5"},
				"down": {"uv": [0, 0, 0.1, 0.44], "texture": "#5"}
			}
		},
		{
			"from": [5.75, 9, 7.78],
			"to": [5.85, 9.1, 8.22],
			"rotation": {"angle": -45, "axis": "x", "origin": [6, 8, 8]},
			"faces": {
				"north": {"uv": [0, 0, 0.1, 0.1], "texture": "#5"},
				"east": {"uv": [0, 0, 0.44, 0.1], "texture": "#5"},
				"south": {"uv": [0, 0, 0.1, 0.1], "texture": "#5"},
				"west": {"uv": [0, 0, 0.44, 0.1], "texture": "#5"},
				"up": {"uv": [0, 0, 0.1, 0.44], "texture": "#5"},
				"down": {"uv": [0, 0, 0.1, 0.44], "texture": "#5"}
			}
		},
		{
			"from": [5, 7.06, 6.8],
			"to": [5.75, 8.24, 7],
			"rotation": {"angle": 0, "axis": "y", "origin": [6, 8, 8]},
			"faces": {
				"north": {"uv": [0, 0, 0.75, 1.18], "texture": "#5"},
				"east": {"uv": [0, 0, 0.2, 1.18], "texture": "#5"},
				"south": {"uv": [0, 0, 0.75, 1.18], "texture": "#5"},
				"west": {"uv": [0, 0, 0.2, 1.18], "texture": "#5"},
				"up": {"uv": [0, 0, 0.75, 0.2], "texture": "#5"},
				"down": {"uv": [0, 0, 0.75, 0.2], "texture": "#5"}
			}
		},
		{
			"from": [5, 7.76, 6.8],
			"to": [5.75, 8.24, 7],
			"rotation": {"angle": 22.5, "axis": "x", "origin": [6, 8, 8]},
			"faces": {
				"north": {"uv": [0, 0, 0.75, 0.48], "texture": "#5"},
				"east": {"uv": [0, 0, 0.2, 0.48], "texture": "#5"},
				"south": {"uv": [0, 0, 0.75, 0.48], "texture": "#5"},
				"west": {"uv": [0, 0, 0.2, 0.48], "texture": "#5"},
				"up": {"uv": [0, 0, 0.75, 0.2], "texture": "#5"},
				"down": {"uv": [0, 0, 0.75, 0.2], "texture": "#5"}
			}
		},
		{
			"from": [5, 7.06, 9],
			"to": [5.75, 8.24, 9.2],
			"rotation": {"angle": 0, "axis": "y", "origin": [6, 8, 8]},
			"faces": {
				"north": {"uv": [0, 0, 0.75, 1.18], "texture": "#5"},
				"east": {"uv": [0, 0, 0.2, 1.18], "texture": "#5"},
				"south": {"uv": [0, 0, 0.75, 1.18], "texture": "#5"},
				"west": {"uv": [0, 0, 0.2, 1.18], "texture": "#5"},
				"up": {"uv": [0, 0, 0.75, 0.2], "texture": "#5"},
				"down": {"uv": [0, 0, 0.75, 0.2], "texture": "#5"}
			}
		},
		{
			"from": [5, 7.76, 9],
			"to": [5.75, 8.24, 9.2],
			"rotation": {"angle": -22.5, "axis": "x", "origin": [6, 8, 8]},
			"faces": {
				"north": {"uv": [0, 0, 0.75, 0.48], "texture": "#5"},
				"east": {"uv": [0, 0, 0.2, 0.48], "texture": "#5"},
				"south": {"uv": [0, 0, 0.75, 0.48], "texture": "#5"},
				"west": {"uv": [0, 0, 0.2, 0.48], "texture": "#5"},
				"up": {"uv": [0, 0, 0.75, 0.2], "texture": "#5"},
				"down": {"uv": [0, 0, 0.75, 0.2], "texture": "#5"}
			}
		},
		{
			"from": [5.75, 6.98, 9],
			"to": [5.85, 8.22, 9.1],
			"rotation": {"angle": 0, "axis": "y", "origin": [6, 8, 8]},
			"faces": {
				"north": {"uv": [0, 0, 0.1, 1.24], "texture": "#5"},
				"east": {"uv": [0, 0, 0.1, 1.24], "texture": "#5"},
				"south": {"uv": [0, 0, 0.1, 1.24], "texture": "#5"},
				"west": {"uv": [0, 0, 0.1, 1.24], "texture": "#5"},
				"up": {"uv": [0, 0, 0.1, 0.1], "texture": "#5"},
				"down": {"uv": [0, 0, 0.1, 0.1], "texture": "#5"}
			}
		},
		{
			"from": [5.75, 7.78, 9],
			"to": [5.85, 8.22, 9.1],
			"rotation": {"angle": -22.5, "axis": "x", "origin": [6, 8, 8]},
			"faces": {
				"north": {"uv": [0, 0, 0.1, 0.44], "texture": "#5"},
				"east": {"uv": [0, 0, 0.1, 0.44], "texture": "#5"},
				"south": {"uv": [0, 0, 0.1, 0.44], "texture": "#5"},
				"west": {"uv": [0, 0, 0.1, 0.44], "texture": "#5"},
				"up": {"uv": [0, 0, 0.1, 0.1], "texture": "#5"},
				"down": {"uv": [0, 0, 0.1, 0.1], "texture": "#5"}
			}
		},
		{
			"from": [5.75, 6.98, 6.9],
			"to": [5.85, 8.22, 7],
			"rotation": {"angle": 0, "axis": "y", "origin": [6, 8, 8]},
			"faces": {
				"north": {"uv": [0, 0, 0.1, 1.24], "texture": "#5"},
				"east": {"uv": [0, 0, 0.1, 1.24], "texture": "#5"},
				"south": {"uv": [0, 0, 0.1, 1.24], "texture": "#5"},
				"west": {"uv": [0, 0, 0.1, 1.24], "texture": "#5"},
				"up": {"uv": [0, 0, 0.1, 0.1], "texture": "#5"},
				"down": {"uv": [0, 0, 0.1, 0.1], "texture": "#5"}
			}
		},
		{
			"from": [5.75, 7.78, 6.9],
			"to": [5.85, 8.22, 7],
			"rotation": {"angle": 22.5, "axis": "x", "origin": [6, 8, 8]},
			"faces": {
				"north": {"uv": [0, 0, 0.1, 0.44], "texture": "#5"},
				"east": {"uv": [0, 0, 0.1, 0.44], "texture": "#5"},
				"south": {"uv": [0, 0, 0.1, 0.44], "texture": "#5"},
				"west": {"uv": [0, 0, 0.1, 0.44], "texture": "#5"},
				"up": {"uv": [0, 0, 0.1, 0.1], "texture": "#5"},
				"down": {"uv": [0, 0, 0.1, 0.1], "texture": "#5"}
			}
		},
		{
			"from": [5, 6.46, 6.8],
			"to": [11, 7.06, 9.2],
			"rotation": {"angle": 0, "axis": "y", "origin": [6, 8, 8]},
			"faces": {
				"north": {"uv": [0, 0, 6, 0.6], "texture": "#5"},
				"east": {"uv": [0, 0, 2.4, 0.6], "texture": "#5"},
				"south": {"uv": [0, 0, 6, 0.6], "texture": "#5"},
				"west": {"uv": [0, 0, 2.4, 0.6], "texture": "#5"},
				"up": {"uv": [0, 0, 6, 2.4], "texture": "#5"},
				"down": {"uv": [0, 0, 6, 2.4], "texture": "#5"}
			}
		},
		{
			"from": [5.75, 7.06, 6.8],
			"to": [7, 7.86, 7.09],
			"rotation": {"angle": 0, "axis": "y", "origin": [6, 8, 8]},
			"faces": {
				"north": {"uv": [0, 0, 1.25, 0.8], "texture": "#5"},
				"east": {"uv": [0, 0, 0.29, 0.8], "texture": "#5"},
				"south": {"uv": [0, 0, 1.25, 0.8], "texture": "#5"},
				"west": {"uv": [0, 0, 0.29, 0.8], "texture": "#5"},
				"up": {"uv": [0, 0, 1.25, 0.29], "texture": "#5"},
				"down": {"uv": [0, 0, 1.25, 0.29], "texture": "#5"}
			}
		},
		{
			"from": [5.67577, 7.5808, 6.8],
			"to": [6.22577, 7.9808, 7.09],
			"rotation": {"angle": -45, "axis": "z", "origin": [6.02577, 8.0208, 8]},
			"faces": {
				"north": {"uv": [0, 0, 1.25, 0.8], "texture": "#5"},
				"east": {"uv": [0, 0, 0.29, 0.8], "texture": "#5"},
				"south": {"uv": [0, 0, 1.25, 0.8], "texture": "#5"},
				"west": {"uv": [0, 0, 0.29, 0.8], "texture": "#5"},
				"up": {"uv": [0, 0, 1.25, 0.29], "texture": "#5"},
				"down": {"uv": [0, 0, 1.25, 0.29], "texture": "#5"}
			}
		},
		{
			"from": [5.67577, 7.5808, 8.91],
			"to": [6.22577, 7.9808, 9.2],
			"rotation": {"angle": -45, "axis": "z", "origin": [6.02577, 8.0208, 10.1]},
			"faces": {
				"north": {"uv": [0, 0, 1.25, 0.8], "texture": "#5"},
				"east": {"uv": [0, 0, 0.29, 0.8], "texture": "#5"},
				"south": {"uv": [0, 0, 1.25, 0.8], "texture": "#5"},
				"west": {"uv": [0, 0, 0.29, 0.8], "texture": "#5"},
				"up": {"uv": [0, 0, 1.25, 0.29], "texture": "#5"},
				"down": {"uv": [0, 0, 1.25, 0.29], "texture": "#5"}
			}
		},
		{
			"from": [5.77577, 7.6058, 6.8],
			"to": [6.55077, 8.0058, 7.09],
			"rotation": {"angle": -22.5, "axis": "z", "origin": [6.02577, 8.0208, 8]},
			"faces": {
				"north": {"uv": [0, 0, 1.25, 0.8], "texture": "#5"},
				"east": {"uv": [0, 0, 0.29, 0.8], "texture": "#5"},
				"south": {"uv": [0, 0, 1.25, 0.8], "texture": "#5"},
				"west": {"uv": [0, 0, 0.29, 0.8], "texture": "#5"},
				"up": {"uv": [0, 0, 1.25, 0.29], "texture": "#5"},
				"down": {"uv": [0, 0, 1.25, 0.29], "texture": "#5"}
			}
		},
		{
			"from": [5.77577, 7.6058, 8.91],
			"to": [6.55077, 8.0058, 9.2],
			"rotation": {"angle": -22.5, "axis": "z", "origin": [6.02577, 8.0208, 10.1]},
			"faces": {
				"north": {"uv": [0, 0, 1.25, 0.8], "texture": "#5"},
				"east": {"uv": [0, 0, 0.29, 0.8], "texture": "#5"},
				"south": {"uv": [0, 0, 1.25, 0.8], "texture": "#5"},
				"west": {"uv": [0, 0, 0.29, 0.8], "texture": "#5"},
				"up": {"uv": [0, 0, 1.25, 0.29], "texture": "#5"},
				"down": {"uv": [0, 0, 1.25, 0.29], "texture": "#5"}
			}
		},
		{
			"from": [5.75, 7.06, 8.91],
			"to": [7, 7.86, 9.2],
			"rotation": {"angle": 0, "axis": "y", "origin": [6, 8, 8]},
			"faces": {
				"north": {"uv": [0, 0, 1.25, 0.8], "texture": "#5"},
				"east": {"uv": [0, 0, 0.29, 0.8], "texture": "#5"},
				"south": {"uv": [0, 0, 1.25, 0.8], "texture": "#5"},
				"west": {"uv": [0, 0, 0.29, 0.8], "texture": "#5"},
				"up": {"uv": [0, 0, 1.25, 0.29], "texture": "#5"},
				"down": {"uv": [0, 0, 1.25, 0.29], "texture": "#5"}
			}
		},
		{
			"from": [4.99, 8.95, 7.77],
			"to": [5, 9.15, 8.23],
			"rotation": {"angle": 0, "axis": "y", "origin": [6, 8, 8]},
			"faces": {
				"north": {"uv": [0, 0, 0.01, 0.2], "texture": "#4"},
				"east": {"uv": [0, 0, 0.46, 0.2], "texture": "#4"},
				"south": {"uv": [0, 0, 0.01, 0.2], "texture": "#4"},
				"west": {"uv": [0, 0, 0.46, 0.2], "texture": "#4"},
				"up": {"uv": [0, 0, 0.01, 0.46], "texture": "#4"},
				"down": {"uv": [0, 0, 0.01, 0.46], "texture": "#4"}
			}
		},
		{
			"from": [4.99, 8.95, 7.77],
			"to": [5, 9.15, 8.23],
			"rotation": {"angle": 22.5, "axis": "x", "origin": [6, 8, 8]},
			"faces": {
				"north": {"uv": [0, 0, 0.01, 0.2], "texture": "#4"},
				"east": {"uv": [0, 0, 0.46, 0.2], "texture": "#4"},
				"south": {"uv": [0, 0, 0.01, 0.2], "texture": "#4"},
				"west": {"uv": [0, 0, 0.46, 0.2], "texture": "#4"},
				"up": {"uv": [0, 0, 0.01, 0.46], "texture": "#4"},
				"down": {"uv": [0, 0, 0.01, 0.46], "texture": "#4"}
			}
		},
		{
			"from": [4.99, 8.95, 7.77],
			"to": [5, 9.15, 8.23],
			"rotation": {"angle": 45, "axis": "x", "origin": [6, 8, 8]},
			"faces": {
				"north": {"uv": [0, 0, 0.01, 0.2], "texture": "#4"},
				"east": {"uv": [0, 0, 0.46, 0.2], "texture": "#4"},
				"south": {"uv": [0, 0, 0.01, 0.2], "texture": "#4"},
				"west": {"uv": [0, 0, 0.46, 0.2], "texture": "#4"},
				"up": {"uv": [0, 0, 0.01, 0.46], "texture": "#4"},
				"down": {"uv": [0, 0, 0.01, 0.46], "texture": "#4"}
			}
		},
		{
			"from": [4.99, 8.95, 7.77],
			"to": [5, 9.15, 8.23],
			"rotation": {"angle": -22.5, "axis": "x", "origin": [6, 8, 8]},
			"faces": {
				"north": {"uv": [0, 0, 0.01, 0.2], "texture": "#4"},
				"east": {"uv": [0, 0, 0.46, 0.2], "texture": "#4"},
				"south": {"uv": [0, 0, 0.01, 0.2], "texture": "#4"},
				"west": {"uv": [0, 0, 0.46, 0.2], "texture": "#4"},
				"up": {"uv": [0, 0, 0.01, 0.46], "texture": "#4"},
				"down": {"uv": [0, 0, 0.01, 0.46], "texture": "#4"}
			}
		},
		{
			"from": [4.99, 8.95, 7.77],
			"to": [5, 9.15, 8.23],
			"rotation": {"angle": -45, "axis": "x", "origin": [6, 8, 8]},
			"faces": {
				"north": {"uv": [0, 0, 0.01, 0.2], "texture": "#4"},
				"east": {"uv": [0, 0, 0.46, 0.2], "texture": "#4"},
				"south": {"uv": [0, 0, 0.01, 0.2], "texture": "#4"},
				"west": {"uv": [0, 0, 0.46, 0.2], "texture": "#4"},
				"up": {"uv": [0, 0, 0.01, 0.46], "texture": "#4"},
				"down": {"uv": [0, 0, 0.01, 0.46], "texture": "#4"}
			}
		},
		{
			"from": [4.99, 6.5, 6.85],
			"to": [5, 7.05, 9.15],
			"rotation": {"angle": 0, "axis": "y", "origin": [6, 8, 8]},
			"faces": {
				"north": {"uv": [0, 0, 0.01, 0.55], "texture": "#4"},
				"east": {"uv": [0, 0, 2.3, 0.55], "texture": "#4"},
				"south": {"uv": [0, 0, 0.01, 0.55], "texture": "#4"},
				"west": {"uv": [0, 0, 2.3, 0.55], "texture": "#4"},
				"up": {"uv": [0, 0, 0.01, 2.3], "texture": "#4"},
				"down": {"uv": [0, 0, 0.01, 2.3], "texture": "#4"}
			}
		},
		{
			"from": [4.99, 6.85, 7.77],
			"to": [5, 7.05, 8.23],
			"rotation": {"angle": 22.5, "axis": "x", "origin": [6, 8, 8]},
			"faces": {
				"north": {"uv": [0, 0, 0.01, 0.2], "texture": "#4"},
				"east": {"uv": [0, 0, 0.46, 0.2], "texture": "#4"},
				"south": {"uv": [0, 0, 0.01, 0.2], "texture": "#4"},
				"west": {"uv": [0, 0, 0.46, 0.2], "texture": "#4"},
				"up": {"uv": [0, 0, 0.01, 0.46], "texture": "#4"},
				"down": {"uv": [0, 0, 0.01, 0.46], "texture": "#4"}
			}
		},
		{
			"from": [4.99, 6.65, 7.77],
			"to": [5, 7.05, 8.23],
			"rotation": {"angle": 45, "axis": "x", "origin": [6, 8, 8]},
			"faces": {
				"north": {"uv": [0, 0, 0.01, 0.4], "texture": "#4"},
				"east": {"uv": [0, 0, 0.46, 0.4], "texture": "#4"},
				"south": {"uv": [0, 0, 0.01, 0.4], "texture": "#4"},
				"west": {"uv": [0, 0, 0.46, 0.4], "texture": "#4"},
				"up": {"uv": [0, 0, 0.01, 0.46], "texture": "#4"},
				"down": {"uv": [0, 0, 0.01, 0.46], "texture": "#4"}
			}
		},
		{
			"from": [4.99, 6.85, 7.77],
			"to": [5, 7.05, 8.23],
			"rotation": {"angle": -22.5, "axis": "x", "origin": [6, 8, 8]},
			"faces": {
				"north": {"uv": [0, 0, 0.01, 0.2], "texture": "#4"},
				"east": {"uv": [0, 0, 0.46, 0.2], "texture": "#4"},
				"south": {"uv": [0, 0, 0.01, 0.2], "texture": "#4"},
				"west": {"uv": [0, 0, 0.46, 0.2], "texture": "#4"},
				"up": {"uv": [0, 0, 0.01, 0.46], "texture": "#4"},
				"down": {"uv": [0, 0, 0.01, 0.46], "texture": "#4"}
			}
		},
		{
			"from": [4.99, 6.65, 7.77],
			"to": [5, 7.05, 8.23],
			"rotation": {"angle": -45, "axis": "x", "origin": [6, 8, 8]},
			"faces": {
				"north": {"uv": [0, 0, 0.01, 0.4], "texture": "#4"},
				"east": {"uv": [0, 0, 0.46, 0.4], "texture": "#4"},
				"south": {"uv": [0, 0, 0.01, 0.4], "texture": "#4"},
				"west": {"uv": [0, 0, 0.46, 0.4], "texture": "#4"},
				"up": {"uv": [0, 0, 0.01, 0.46], "texture": "#4"},
				"down": {"uv": [0, 0, 0.01, 0.46], "texture": "#4"}
			}
		},
		{
			"from": [4.99, 6.77, 8.95],
			"to": [5, 8.23, 9.15],
			"rotation": {"angle": 0, "axis": "y", "origin": [6, 8, 8]},
			"faces": {
				"north": {"uv": [0, 0, 0.01, 1.46], "texture": "#4"},
				"east": {"uv": [0, 0, 0.2, 1.46], "texture": "#4"},
				"south": {"uv": [0, 0, 0.01, 1.46], "texture": "#4"},
				"west": {"uv": [0, 0, 0.2, 1.46], "texture": "#4"},
				"up": {"uv": [0, 0, 0.01, 0.2], "texture": "#4"},
				"down": {"uv": [0, 0, 0.01, 0.2], "texture": "#4"}
			}
		},
		{
			"from": [4.99, 7.77, 8.95],
			"to": [5, 8.23, 9.15],
			"rotation": {"angle": 22.5, "axis": "x", "origin": [6, 8, 8]},
			"faces": {
				"north": {"uv": [0, 0, 0.01, 0.46], "texture": "#4"},
				"east": {"uv": [0, 0, 0.2, 0.46], "texture": "#4"},
				"south": {"uv": [0, 0, 0.01, 0.46], "texture": "#4"},
				"west": {"uv": [0, 0, 0.2, 0.46], "texture": "#4"},
				"up": {"uv": [0, 0, 0.01, 0.2], "texture": "#4"},
				"down": {"uv": [0, 0, 0.01, 0.2], "texture": "#4"}
			}
		},
		{
			"from": [4.99, 7.77, 8.95],
			"to": [5, 8.23, 9.15],
			"rotation": {"angle": -22.5, "axis": "x", "origin": [6, 8, 8]},
			"faces": {
				"north": {"uv": [0, 0, 0.01, 0.46], "texture": "#4"},
				"east": {"uv": [0, 0, 0.2, 0.46], "texture": "#4"},
				"south": {"uv": [0, 0, 0.01, 0.46], "texture": "#4"},
				"west": {"uv": [0, 0, 0.2, 0.46], "texture": "#4"},
				"up": {"uv": [0, 0, 0.01, 0.2], "texture": "#4"},
				"down": {"uv": [0, 0, 0.01, 0.2], "texture": "#4"}
			}
		},
		{
			"from": [4.99, 6.77, 6.85],
			"to": [5, 8.23, 7.05],
			"rotation": {"angle": 0, "axis": "y", "origin": [6, 8, 8]},
			"faces": {
				"north": {"uv": [0, 0, 0.01, 1.46], "texture": "#4"},
				"east": {"uv": [0, 0, 0.2, 1.46], "texture": "#4"},
				"south": {"uv": [0, 0, 0.01, 1.46], "texture": "#4"},
				"west": {"uv": [0, 0, 0.2, 1.46], "texture": "#4"},
				"up": {"uv": [0, 0, 0.01, 0.2], "texture": "#4"},
				"down": {"uv": [0, 0, 0.01, 0.2], "texture": "#4"}
			}
		},
		{
			"from": [4.99, 7.77, 6.85],
			"to": [5, 8.23, 7.05],
			"rotation": {"angle": 22.5, "axis": "x", "origin": [6, 8, 8]},
			"faces": {
				"north": {"uv": [0, 0, 0.01, 0.46], "texture": "#4"},
				"east": {"uv": [0, 0, 0.2, 0.46], "texture": "#4"},
				"south": {"uv": [0, 0, 0.01, 0.46], "texture": "#4"},
				"west": {"uv": [0, 0, 0.2, 0.46], "texture": "#4"},
				"up": {"uv": [0, 0, 0.01, 0.2], "texture": "#4"},
				"down": {"uv": [0, 0, 0.01, 0.2], "texture": "#4"}
			}
		},
		{
			"from": [4.99, 7.77, 6.85],
			"to": [5, 8.23, 7.05],
			"rotation": {"angle": -22.5, "axis": "x", "origin": [6, 8, 8]},
			"faces": {
				"north": {"uv": [0, 0, 0.01, 0.46], "texture": "#4"},
				"east": {"uv": [0, 0, 0.2, 0.46], "texture": "#4"},
				"south": {"uv": [0, 0, 0.01, 0.46], "texture": "#4"},
				"west": {"uv": [0, 0, 0.2, 0.46], "texture": "#4"},
				"up": {"uv": [0, 0, 0.01, 0.2], "texture": "#4"},
				"down": {"uv": [0, 0, 0.01, 0.2], "texture": "#4"}
			}
		},
		{
			"from": [7, 7.06, 8.65],
			"to": [8.5, 7.36, 9.2],
			"rotation": {"angle": 0, "axis": "y", "origin": [6, 8, 8]},
			"faces": {
				"north": {"uv": [0, 0, 1.5, 0.3], "texture": "#5"},
				"east": {"uv": [0, 0, 0.55, 0.3], "texture": "#5"},
				"south": {"uv": [0, 0, 1.5, 0.3], "texture": "#5"},
				"west": {"uv": [0, 0, 0.55, 0.3], "texture": "#5"},
				"up": {"uv": [0, 0, 1.5, 0.55], "texture": "#5"},
				"down": {"uv": [0, 0, 1.5, 0.55], "texture": "#5"}
			}
		},
		{
			"from": [7, 7.06, 6.8],
			"to": [8.5, 7.36, 7.35],
			"rotation": {"angle": 0, "axis": "y", "origin": [6, 8, 8]},
			"faces": {
				"north": {"uv": [0, 0, 1.5, 0.3], "texture": "#5"},
				"east": {"uv": [0, 0, 0.55, 0.3], "texture": "#5"},
				"south": {"uv": [0, 0, 1.5, 0.3], "texture": "#5"},
				"west": {"uv": [0, 0, 0.55, 0.3], "texture": "#5"},
				"up": {"uv": [0, 0, 1.5, 0.55], "texture": "#5"},
				"down": {"uv": [0, 0, 1.5, 0.55], "texture": "#5"}
			}
		},
		{
			"from": [8.5, 7.06, 6.8],
			"to": [11, 7.36, 9.2],
			"rotation": {"angle": 0, "axis": "y", "origin": [6, 8, 8]},
			"faces": {
				"north": {"uv": [0, 0, 2.5, 0.3], "texture": "#5"},
				"east": {"uv": [0, 0, 2.4, 0.3], "texture": "#5"},
				"south": {"uv": [0, 0, 2.5, 0.3], "texture": "#5"},
				"west": {"uv": [0, 0, 2.4, 0.3], "texture": "#5"},
				"up": {"uv": [0, 0, 2.5, 2.4], "texture": "#5"},
				"down": {"uv": [0, 0, 2.5, 2.4], "texture": "#5"}
			}
		},
		{
			"from": [5.5, 7.1, 7.2],
			"to": [5.51, 8.9, 8.8],
			"rotation": {"angle": 0, "axis": "y", "origin": [6, 8, 8]},
			"faces": {
				"north": {"uv": [0, 0, 0.01, 1.8], "texture": "#3"},
				"east": {"uv": [0, 0, 1.6, 1.8], "texture": "#3"},
				"south": {"uv": [0, 0, 0.01, 1.8], "texture": "#3"},
				"west": {"uv": [0, 0, 1.6, 1.8], "texture": "#3"},
				"up": {"uv": [0, 0, 0.01, 1.6], "texture": "#3"},
				"down": {"uv": [0, 0, 0.01, 1.6], "texture": "#3"}
			}
		},
		{
			"from": [5.4, 7.1, 7.1],
			"to": [5.61, 8.7, 7.2],
			"rotation": {"angle": 0, "axis": "y", "origin": [6, 8, 8]},
			"faces": {
				"north": {"uv": [0, 0, 0.21, 1.6], "texture": "#2"},
				"east": {"uv": [0, 0, 0.1, 1.6], "texture": "#2"},
				"south": {"uv": [0, 0, 0.21, 1.6], "texture": "#2"},
				"west": {"uv": [0, 0, 0.1, 1.6], "texture": "#2"},
				"up": {"uv": [0, 0, 0.21, 0.1], "texture": "#2"},
				"down": {"uv": [0, 0, 0.21, 0.1], "texture": "#2"}
			}
		},
		{
			"from": [5.4, 7.1, 8.8],
			"to": [5.61, 8.7, 8.9],
			"rotation": {"angle": 0, "axis": "y", "origin": [6, 8, 8]},
			"faces": {
				"north": {"uv": [0, 0, 0.21, 1.6], "texture": "#2"},
				"east": {"uv": [0, 0, 0.1, 1.6], "texture": "#2"},
				"south": {"uv": [0, 0, 0.21, 1.6], "texture": "#2"},
				"west": {"uv": [0, 0, 0.1, 1.6], "texture": "#2"},
				"up": {"uv": [0, 0, 0.21, 0.1], "texture": "#2"},
				"down": {"uv": [0, 0, 0.21, 0.1], "texture": "#2"}
			}
		},
		{
			"from": [5.51, 7.96, 7.992],
			"to": [5.52, 8.04, 8.008],
			"rotation": {"angle": 0, "axis": "y", "origin": [6, 8, 8]},
			"faces": {
				"north": {"uv": [0, 0, 0.01, 0.08], "texture": "#1"},
				"east": {"uv": [0, 0, 0.016, 0.08], "texture": "#1"},
				"south": {"uv": [0, 0, 0.01, 0.08], "texture": "#1"},
				"west": {"uv": [0, 0, 0.016, 0.08], "texture": "#1"},
				"up": {"uv": [0, 0, 0.01, 0.016], "texture": "#1"},
				"down": {"uv": [0, 0, 0.01, 0.016], "texture": "#1"}
			}
		},
		{
			"from": [5.51, 7.992, 7.96],
			"to": [5.52, 8.008, 8.04],
			"rotation": {"angle": 0, "axis": "y", "origin": [6, 8, 8]},
			"faces": {
				"north": {"uv": [0, 0, 0.01, 0.016], "texture": "#1"},
				"east": {"uv": [0, 0, 0.08, 0.016], "texture": "#1"},
				"south": {"uv": [0, 0, 0.01, 0.016], "texture": "#1"},
				"west": {"uv": [0, 0, 0.08, 0.016], "texture": "#1"},
				"up": {"uv": [0, 0, 0.01, 0.08], "texture": "#1"},
				"down": {"uv": [0, 0, 0.01, 0.08], "texture": "#1"}
			}
		},
		{
			"from": [5.51, 7.96, 7.992],
			"to": [5.52, 8.04, 8.008],
			"rotation": {"angle": 22.5, "axis": "x", "origin": [6, 8, 8]},
			"faces": {
				"north": {"uv": [0, 0, 0.01, 0.08], "texture": "#1"},
				"east": {"uv": [0, 0, 0.016, 0.08], "texture": "#1"},
				"south": {"uv": [0, 0, 0.01, 0.08], "texture": "#1"},
				"west": {"uv": [0, 0, 0.016, 0.08], "texture": "#1"},
				"up": {"uv": [0, 0, 0.01, 0.016], "texture": "#1"},
				"down": {"uv": [0, 0, 0.01, 0.016], "texture": "#1"}
			}
		},
		{
			"from": [5.51, 7.96, 7.992],
			"to": [5.52, 8.04, 8.008],
			"rotation": {"angle": 45, "axis": "x", "origin": [6, 8, 8]},
			"faces": {
				"north": {"uv": [0, 0, 0.01, 0.08], "texture": "#1"},
				"east": {"uv": [0, 0, 0.016, 0.08], "texture": "#1"},
				"south": {"uv": [0, 0, 0.01, 0.08], "texture": "#1"},
				"west": {"uv": [0, 0, 0.016, 0.08], "texture": "#1"},
				"up": {"uv": [0, 0, 0.01, 0.016], "texture": "#1"},
				"down": {"uv": [0, 0, 0.01, 0.016], "texture": "#1"}
			}
		},
		{
			"from": [5.51, 7.96, 7.992],
			"to": [5.52, 8.04, 8.008],
			"rotation": {"angle": -22.5, "axis": "x", "origin": [6, 8, 8]},
			"faces": {
				"north": {"uv": [0, 0, 0.01, 0.08], "texture": "#1"},
				"east": {"uv": [0, 0, 0.016, 0.08], "texture": "#1"},
				"south": {"uv": [0, 0, 0.01, 0.08], "texture": "#1"},
				"west": {"uv": [0, 0, 0.016, 0.08], "texture": "#1"},
				"up": {"uv": [0, 0, 0.01, 0.016], "texture": "#1"},
				"down": {"uv": [0, 0, 0.01, 0.016], "texture": "#1"}
			}
		},
		{
			"from": [5.51, 7.96, 7.992],
			"to": [5.52, 8.04, 8.008],
			"rotation": {"angle": -45, "axis": "x", "origin": [6, 8, 8]},
			"faces": {
				"north": {"uv": [0, 0, 0.01, 0.08], "texture": "#1"},
				"east": {"uv": [0, 0, 0.016, 0.08], "texture": "#1"},
				"south": {"uv": [0, 0, 0.01, 0.08], "texture": "#1"},
				"west": {"uv": [0, 0, 0.016, 0.08], "texture": "#1"},
				"up": {"uv": [0, 0, 0.01, 0.016], "texture": "#1"},
				"down": {"uv": [0, 0, 0.01, 0.016], "texture": "#1"}
			}
		},
		{
			"from": [5.51, 7.992, 7.96],
			"to": [5.52, 8.008, 8.04],
			"rotation": {"angle": 22.5, "axis": "x", "origin": [6, 8, 8]},
			"faces": {
				"north": {"uv": [0, 0, 0.01, 0.016], "texture": "#1"},
				"east": {"uv": [0, 0, 0.08, 0.016], "texture": "#1"},
				"south": {"uv": [0, 0, 0.01, 0.016], "texture": "#1"},
				"west": {"uv": [0, 0, 0.08, 0.016], "texture": "#1"},
				"up": {"uv": [0, 0, 0.01, 0.08], "texture": "#1"},
				"down": {"uv": [0, 0, 0.01, 0.08], "texture": "#1"}
			}
		},
		{
			"from": [5.51, 7.992, 7.96],
			"to": [5.52, 8.008, 8.04],
			"rotation": {"angle": -22.5, "axis": "x", "origin": [6, 8, 8]},
			"faces": {
				"north": {"uv": [0, 0, 0.01, 0.016], "texture": "#1"},
				"east": {"uv": [0, 0, 0.08, 0.016], "texture": "#1"},
				"south": {"uv": [0, 0, 0.01, 0.016], "texture": "#1"},
				"west": {"uv": [0, 0, 0.08, 0.016], "texture": "#1"},
				"up": {"uv": [0, 0, 0.01, 0.08], "texture": "#1"},
				"down": {"uv": [0, 0, 0.01, 0.08], "texture": "#1"}
			}
		},
		{
			"from": [5.1, 6.41, 7],
			"to": [10.9, 6.46, 9],
			"rotation": {"angle": 0, "axis": "y", "origin": [6, 8, 8]},
			"faces": {
				"north": {"uv": [0, 0, 5.8, 0.05], "texture": "#6"},
				"east": {"uv": [0, 0, 2, 0.05], "texture": "#6"},
				"south": {"uv": [0, 0, 5.8, 0.05], "texture": "#6"},
				"west": {"uv": [0, 0, 2, 0.05], "texture": "#6"},
				"up": {"uv": [0, 0, 5.8, 2], "texture": "#6"},
				"down": {"uv": [0, 0, 5.8, 2], "texture": "#6"}
			}
		},
		{
			"from": [5.1, 6.31, 7],
			"to": [9.4, 6.41, 9],
			"rotation": {"angle": 0, "axis": "y", "origin": [6, 8, 8]},
			"faces": {
				"north": {"uv": [0, 0, 4.3, 0.1], "texture": "#6"},
				"east": {"uv": [0, 0, 2, 0.1], "texture": "#6"},
				"south": {"uv": [0, 0, 4.3, 0.1], "texture": "#6"},
				"west": {"uv": [0, 0, 2, 0.1], "texture": "#6"},
				"up": {"uv": [0, 0, 4.3, 2], "texture": "#6"},
				"down": {"uv": [0, 0, 4.3, 2], "texture": "#6"}
			}
		},
		{
			"from": [9.4, 6.31, 7.7],
			"to": [9.9, 6.41, 8.3],
			"rotation": {"angle": 0, "axis": "y", "origin": [6, 8, 8]},
			"faces": {
				"north": {"uv": [0, 0, 0.5, 0.1], "texture": "#6"},
				"east": {"uv": [0, 0, 0.6, 0.1], "texture": "#6"},
				"south": {"uv": [0, 0, 0.5, 0.1], "texture": "#6"},
				"west": {"uv": [0, 0, 0.6, 0.1], "texture": "#6"},
				"up": {"uv": [0, 0, 0.5, 0.6], "texture": "#6"},
				"down": {"uv": [0, 0, 0.5, 0.6], "texture": "#6"}
			}
		},
		{
			"from": [5.1, 5.81, 7],
			"to": [6.6, 6.31, 9],
			"rotation": {"angle": 0, "axis": "y", "origin": [6, 8, 8]},
			"faces": {
				"north": {"uv": [0, 0, 1.5, 0.5], "texture": "#6"},
				"east": {"uv": [0, 0, 2, 0.5], "texture": "#6"},
				"south": {"uv": [0, 0, 1.5, 0.5], "texture": "#6"},
				"west": {"uv": [0, 0, 2, 0.5], "texture": "#6"},
				"up": {"uv": [0, 0, 1.5, 2], "texture": "#6"},
				"down": {"uv": [0, 0, 1.5, 2], "texture": "#6"}
			}
		},
		{
			"from": [7.9, 5.81, 7],
			"to": [9.4, 6.31, 9],
			"rotation": {"angle": 0, "axis": "y", "origin": [6, 8, 8]},
			"faces": {
				"north": {"uv": [0, 0, 1.5, 0.5], "texture": "#6"},
				"east": {"uv": [0, 0, 2, 0.5], "texture": "#6"},
				"south": {"uv": [0, 0, 1.5, 0.5], "texture": "#6"},
				"west": {"uv": [0, 0, 2, 0.5], "texture": "#6"},
				"up": {"uv": [0, 0, 1.5, 2], "texture": "#6"},
				"down": {"uv": [0, 0, 1.5, 2], "texture": "#6"}
			}
		},
		{
			"from": [10.2, 7.27, 7.1],
			"to": [10.7, 7.37, 7.2],
			"rotation": {"angle": 0, "axis": "y", "origin": [6, 8, 8]},
			"faces": {
				"north": {"uv": [0, 0, 0.5, 0.1], "texture": "#6"},
				"east": {"uv": [0, 0, 0.1, 0.1], "texture": "#6"},
				"south": {"uv": [0, 0, 0.5, 0.1], "texture": "#6"},
				"west": {"uv": [0, 0, 0.1, 0.1], "texture": "#6"},
				"up": {"uv": [0, 0, 0.5, 0.1], "texture": "#6"},
				"down": {"uv": [0, 0, 0.5, 0.1], "texture": "#6"}
			}
		},
		{
			"from": [10.2, 7.27, 7.1],
			"to": [10.7, 7.37, 7.2],
			"rotation": {"angle": 22.5, "axis": "y", "origin": [10.45, 7, 7.15]},
			"faces": {
				"north": {"uv": [0, 0, 0.5, 0.1], "texture": "#6"},
				"east": {"uv": [0, 0, 0.1, 0.1], "texture": "#6"},
				"south": {"uv": [0, 0, 0.5, 0.1], "texture": "#6"},
				"west": {"uv": [0, 0, 0.1, 0.1], "texture": "#6"},
				"up": {"uv": [0, 0, 0.5, 0.1], "texture": "#6"},
				"down": {"uv": [0, 0, 0.5, 0.1], "texture": "#6"}
			}
		},
		{
			"from": [10.2, 7.27, 7.1],
			"to": [10.7, 7.37, 7.2],
			"rotation": {"angle": 45, "axis": "y", "origin": [10.45, 7, 7.15]},
			"faces": {
				"north": {"uv": [0, 0, 0.5, 0.1], "texture": "#6"},
				"east": {"uv": [0, 0, 0.1, 0.1], "texture": "#6"},
				"south": {"uv": [0, 0, 0.5, 0.1], "texture": "#6"},
				"west": {"uv": [0, 0, 0.1, 0.1], "texture": "#6"},
				"up": {"uv": [0, 0, 0.5, 0.1], "texture": "#6"},
				"down": {"uv": [0, 0, 0.5, 0.1], "texture": "#6"}
			}
		},
		{
			"from": [10.2, 7.27, 7.1],
			"to": [10.7, 7.37, 7.2],
			"rotation": {"angle": -22.5, "axis": "y", "origin": [10.45, 7, 7.15]},
			"faces": {
				"north": {"uv": [0, 0, 0.5, 0.1], "texture": "#6"},
				"east": {"uv": [0, 0, 0.1, 0.1], "texture": "#6"},
				"south": {"uv": [0, 0, 0.5, 0.1], "texture": "#6"},
				"west": {"uv": [0, 0, 0.1, 0.1], "texture": "#6"},
				"up": {"uv": [0, 0, 0.5, 0.1], "texture": "#6"},
				"down": {"uv": [0, 0, 0.5, 0.1], "texture": "#6"}
			}
		},
		{
			"from": [10.2, 7.27, 7.1],
			"to": [10.7, 7.37, 7.2],
			"rotation": {"angle": -45, "axis": "y", "origin": [10.45, 7, 7.15]},
			"faces": {
				"north": {"uv": [0, 0, 0.5, 0.1], "texture": "#6"},
				"east": {"uv": [0, 0, 0.1, 0.1], "texture": "#6"},
				"south": {"uv": [0, 0, 0.5, 0.1], "texture": "#6"},
				"west": {"uv": [0, 0, 0.1, 0.1], "texture": "#6"},
				"up": {"uv": [0, 0, 0.5, 0.1], "texture": "#6"},
				"down": {"uv": [0, 0, 0.5, 0.1], "texture": "#6"}
			}
		},
		{
			"from": [10.4, 7.27, 6.9],
			"to": [10.5, 7.37, 7.4],
			"rotation": {"angle": 0, "axis": "y", "origin": [6, 8, 8]},
			"faces": {
				"north": {"uv": [0, 0, 0.1, 0.1], "texture": "#6"},
				"east": {"uv": [0, 0, 0.5, 0.1], "texture": "#6"},
				"south": {"uv": [0, 0, 0.1, 0.1], "texture": "#6"},
				"west": {"uv": [0, 0, 0.5, 0.1], "texture": "#6"},
				"up": {"uv": [0, 0, 0.1, 0.5], "texture": "#6"},
				"down": {"uv": [0, 0, 0.1, 0.5], "texture": "#6"}
			}
		},
		{
			"from": [10.4, 7.27, 6.9],
			"to": [10.5, 7.37, 7.4],
			"rotation": {"angle": 22.5, "axis": "y", "origin": [10.45, 7, 7.15]},
			"faces": {
				"north": {"uv": [0, 0, 0.1, 0.1], "texture": "#6"},
				"east": {"uv": [0, 0, 0.5, 0.1], "texture": "#6"},
				"south": {"uv": [0, 0, 0.1, 0.1], "texture": "#6"},
				"west": {"uv": [0, 0, 0.5, 0.1], "texture": "#6"},
				"up": {"uv": [0, 0, 0.1, 0.5], "texture": "#6"},
				"down": {"uv": [0, 0, 0.1, 0.5], "texture": "#6"}
			}
		},
		{
			"from": [10.4, 7.27, 6.9],
			"to": [10.5, 7.37, 7.4],
			"rotation": {"angle": -22.5, "axis": "y", "origin": [10.45, 7, 7.15]},
			"faces": {
				"north": {"uv": [0, 0, 0.1, 0.1], "texture": "#6"},
				"east": {"uv": [0, 0, 0.5, 0.1], "texture": "#6"},
				"south": {"uv": [0, 0, 0.1, 0.1], "texture": "#6"},
				"west": {"uv": [0, 0, 0.5, 0.1], "texture": "#6"},
				"up": {"uv": [0, 0, 0.1, 0.5], "texture": "#6"},
				"down": {"uv": [0, 0, 0.1, 0.5], "texture": "#6"}
			}
		}
	],
	"gui_light": "front",
	"display": {
		"thirdperson_righthand": {
			"rotation": [0, 270, 270],
			"translation": [0, -2.5, 1]
		},
		"thirdperson_lefthand": {
			"rotation": [0, 90, 90],
			"translation": [0, -2.5, 1]
		},
		"firstperson_righthand": {
			"rotation": [0, 270, 0],
			"translation": [-5.35, 6.3, 3.75]
		},
		"firstperson_lefthand": {
			"rotation": [0, 90, 0],
			"translation": [-5.35, 6.3, 3.75]
		},
		"ground": {
			"rotation": [0, 0, 315],
			"translation": [0, 1, 0]
		},
		"gui": {
			"rotation": [30, 45, 0],
			"translation": [0, 2.6, 0],
			"scale": [2.5, 2.5, 2.5]
		},
		"head": {
			"rotation": [0, 180, 0]
		},
		"fixed": {
			"rotation": [0, 180, 0]
		}
	},
	"groups": [
		{
			"name": "reflexsight",
			"origin": [8, 8, 8],
			"color": 0,
			"children": [
				0,
				1,
				2,
				3,
				4,
				5,
				6,
				7,
				8,
				9,
				10,
				11,
				12,
				13,
				14,
				15,
				16,
				17,
				18,
				19,
				20,
				21,
				22,
				23,
				24,
				25,
				26,
				27,
				28,
				29,
				30,
				31,
				32,
				33,
				34,
				35,
				36,
				37,
				38,
				39,
				40,
				41,
				42,
				43,
				44,
				45,
				46,
				47,
				48,
				49,
				50,
				51,
				52,
				53,
				54,
				55,
				56,
				57,
				58,
				59,
				60,
				61,
				62,
				63,
				64,
				65,
				66,
				67,
				68,
				69,
				70,
				71,
				72,
				73,
				74,
				75,
				76,
				77,
				78,
				79,
				80,
				81,
				82,
				83
			]
		}
	]
}