{
	"credit": "Made with Blockbench",
	"textures": {
		"1": "block/color/armi/bugnet/bugnet_1",
		"2": "block/color/armi/bugnet/bugnet_2",
		"particle": "block/color/empty"
	},
	"elements": [
		{
			"from": [8.35, 0, 8],
			"to": [8.55, 15, 8.3],
			"faces": {
				"north": {"uv": [0, 16, 11.2, 15], "texture": "#1"},
				"east": {"uv": [0, 16, 12.3, 15], "texture": "#1"},
				"south": {"uv": [0, 16, 13.2, 15], "texture": "#1"},
				"west": {"uv": [2, 16, 14.3, 15], "texture": "#1"},
				"up": {"uv": [2, 15.7, 13.2, 16], "texture": "#1"},
				"down": {"uv": [5, 15.7, 12.2, 16], "texture": "#1"}
			}
		},
		{
			"from": [8.3, 20, 7],
			"to": [8.5, 20.43, 9.33],
			"faces": {
				"north": {"uv": [13, 4, 14, 5], "texture": "#1"},
				"east": {"uv": [10, 3, 12, 4], "texture": "#1"},
				"south": {"uv": [5, 13, 6, 14], "texture": "#1"},
				"west": {"uv": [10, 4, 12, 5], "texture": "#1"},
				"up": {"uv": [5, 12, 4, 10], "texture": "#1"},
				"down": {"uv": [11, 5, 10, 7], "texture": "#1"}
			}
		},
		{
			"from": [8.4, 16.78, 5.43],
			"to": [12.5, 18.71, 5.55],
			"rotation": {"angle": 0, "axis": "y", "origin": [1, 0, 0]},
			"faces": {
				"north": {"uv": [0, 0, 14.5, 10.53], "rotation": 180, "texture": "#2"},
				"east": {"uv": [0, 0, 11.03, 10.52], "rotation": 90, "texture": "#2"},
				"south": {"uv": [0, 0, 15.4, 13.33], "texture": "#2"},
				"west": {"uv": [0, 0, 16, 13.32], "rotation": 270, "texture": "#2"},
				"up": {"uv": [0, 0, 13.6, 9.82], "texture": "#2"},
				"down": {"uv": [0, 0, 16, 11.32], "rotation": 180, "texture": "#2"}
			}
		},
		{
			"from": [8.4, 16.87, 10.69],
			"to": [12.5, 18.72, 10.79],
			"rotation": {"angle": 0, "axis": "y", "origin": [1, 0, 0]},
			"faces": {
				"north": {"uv": [0, 0, 14.5, 10.45], "rotation": 180, "texture": "#2"},
				"east": {"uv": [0, 0, 10.95, 10.5], "rotation": 90, "texture": "#2"},
				"south": {"uv": [0, 0, 15.4, 13.25], "texture": "#2"},
				"west": {"uv": [0, 0, 16, 13.3], "rotation": 270, "texture": "#2"},
				"up": {"uv": [0, 0, 13.6, 9.8], "texture": "#2"},
				"down": {"uv": [0, 0, 16, 11.3], "rotation": 180, "texture": "#2"}
			}
		},
		{
			"from": [8.4, 15.218, 7],
			"to": [12.5, 15.343, 9.15],
			"rotation": {"angle": 0, "axis": "y", "origin": [1, 0, 0]},
			"faces": {
				"north": {"uv": [0, 0, 14.5, 8.725], "texture": "#2"},
				"east": {"uv": [0, 0, 11.25, 10.525], "texture": "#2"},
				"south": {"uv": [0, 0, 15.4, 11.525], "texture": "#2"},
				"west": {"uv": [0, 0, 16, 13.325], "texture": "#2"},
				"up": {"uv": [0, 0, 13.6, 11.85], "texture": "#2"},
				"down": {"uv": [0, 0, 16, 13.35], "texture": "#2"}
			}
		},
		{
			"from": [8.4, 5.8, 15.7],
			"to": [12.5, 8.02, 15.8],
			"rotation": {"angle": -45, "axis": "x", "origin": [1, 0, 0]},
			"faces": {
				"north": {"uv": [0, 0, 14.5, 10.82], "rotation": 180, "texture": "#2"},
				"east": {"uv": [0, 0, 11.32, 10.5], "rotation": 90, "texture": "#2"},
				"south": {"uv": [0, 0, 15.4, 13.62], "texture": "#2"},
				"west": {"uv": [0, 0, 16, 13.3], "rotation": 270, "texture": "#2"},
				"up": {"uv": [0, 0, 13.6, 9.8], "texture": "#2"},
				"down": {"uv": [0, 0, 16, 11.3], "rotation": 180, "texture": "#2"}
			}
		},
		{
			"from": [8.4, 5.6, 20.75],
			"to": [12.5, 7.9, 20.85],
			"rotation": {"angle": -45, "axis": "x", "origin": [1, 0, 0]},
			"faces": {
				"north": {"uv": [0, 0, 14.5, 10.9], "rotation": 180, "texture": "#2"},
				"east": {"uv": [0, 0, 11.4, 10.5], "rotation": 90, "texture": "#2"},
				"south": {"uv": [0, 0, 15.4, 13.7], "texture": "#2"},
				"west": {"uv": [0, 0, 16, 13.3], "rotation": 270, "texture": "#2"},
				"up": {"uv": [0, 0, 13.6, 9.8], "texture": "#2"},
				"down": {"uv": [0, 0, 16, 11.3], "rotation": 180, "texture": "#2"}
			}
		},
		{
			"from": [8.4, 4.3, 17.2],
			"to": [12.5, 4.4, 19.55],
			"rotation": {"angle": -45, "axis": "x", "origin": [1, 0, 0]},
			"faces": {
				"north": {"uv": [0, 0, 14.5, 8.7], "texture": "#2"},
				"east": {"uv": [0, 0, 11.45, 10.5], "texture": "#2"},
				"south": {"uv": [0, 0, 15.4, 11.5], "texture": "#2"},
				"west": {"uv": [0, 0, 16, 13.3], "texture": "#2"},
				"up": {"uv": [0, 0, 13.6, 12.05], "texture": "#2"},
				"down": {"uv": [0, 0, 16, 13.55], "texture": "#2"}
			}
		},
		{
			"from": [8.4, 9.3, 17.05],
			"to": [12.5, 9.4, 19.35],
			"rotation": {"angle": -45, "axis": "x", "origin": [1, 0, 0]},
			"faces": {
				"north": {"uv": [0, 0, 14.5, 8.7], "texture": "#2"},
				"east": {"uv": [0, 0, 11.4, 10.5], "texture": "#2"},
				"south": {"uv": [0, 0, 15.4, 11.5], "texture": "#2"},
				"west": {"uv": [0, 0, 16, 13.3], "texture": "#2"},
				"up": {"uv": [0, 0, 13.6, 12], "texture": "#2"},
				"down": {"uv": [0, 0, 16, 13.5], "texture": "#2"}
			}
		},
		{
			"from": [8.4, 20.2, 7.05],
			"to": [12.5, 20.33, 9.15],
			"rotation": {"angle": 0, "axis": "y", "origin": [1, 0, 0]},
			"faces": {
				"north": {"uv": [0, 0, 14.5, 8.73], "texture": "#2"},
				"east": {"uv": [0, 0, 11.2, 10.53], "texture": "#2"},
				"south": {"uv": [0, 0, 15.4, 11.53], "texture": "#2"},
				"west": {"uv": [0, 0, 16, 13.33], "texture": "#2"},
				"up": {"uv": [0, 0, 13.6, 11.8], "texture": "#2"},
				"down": {"uv": [0, 0, 16, 13.3], "texture": "#2"}
			}
		},
		{
			"from": [12.5, 16.78, 5.43],
			"to": [12.6, 18.71, 7.55],
			"rotation": {"angle": 0, "axis": "y", "origin": [5.1, 0, 0]},
			"faces": {
				"north": {"uv": [10, 0, 16, 10.6], "texture": "#2"},
				"east": {"uv": [5, 0, 16, 12.4], "texture": "#2"},
				"south": {"uv": [1, 10, 13.3, 16], "texture": "#2"},
				"west": {"uv": [5, 2, 16, 16], "texture": "#2"},
				"up": {"uv": [12.5, 16, 2, 10], "texture": "#2"},
				"down": {"uv": [16, 10, 3, 16], "texture": "#2"}
			}
		},
		{
			"from": [12.5, 16.87, 8.69],
			"to": [12.6, 18.72, 10.79],
			"rotation": {"angle": 0, "axis": "y", "origin": [5.1, 0, 0]},
			"faces": {
				"north": {"uv": [9, 5, 16, 15.6], "texture": "#2"},
				"east": {"uv": [1, 4, 12.1, 16], "texture": "#2"},
				"south": {"uv": [9, 7, 16, 16], "texture": "#2"},
				"west": {"uv": [3, 4, 16, 16], "texture": "#2"},
				"up": {"uv": [16, 16, 9, 9], "texture": "#2"},
				"down": {"uv": [13.4, 10, 0, 16], "texture": "#2"}
			}
		},
		{
			"from": [12.5, 15.218, 7],
			"to": [12.6, 16.343, 9.15],
			"rotation": {"angle": 0, "axis": "y", "origin": [5.1, 0, 0]},
			"faces": {
				"north": {"uv": [13, 0, 16, 9.6], "texture": "#2"},
				"east": {"uv": [1, 9, 12.1, 16], "texture": "#2"},
				"south": {"uv": [13, 1, 16, 13.4], "texture": "#2"},
				"west": {"uv": [9, 2, 16, 16], "texture": "#2"},
				"up": {"uv": [16, 14.7, 9, 3], "texture": "#2"},
				"down": {"uv": [16, 9, 5, 16], "texture": "#2"}
			}
		},
		{
			"from": [12.5, 5.8, 15.7],
			"to": [12.6, 8.02, 16.8],
			"rotation": {"angle": -45, "axis": "x", "origin": [5.1, 0, 0]},
			"faces": {
				"north": {"uv": [8, 6, 16, 16], "texture": "#2"},
				"east": {"uv": [7, 8, 16, 16], "texture": "#2"},
				"south": {"uv": [8, 8, 16, 16], "texture": "#2"},
				"west": {"uv": [9, 0, 16, 15.2], "texture": "#2"},
				"up": {"uv": [16, 16, 12, 11], "texture": "#2"},
				"down": {"uv": [16, 12, 12, 16], "texture": "#2"}
			}
		},
		{
			"from": [12.5, 5.6, 19.75],
			"to": [12.6, 7.9, 20.85],
			"rotation": {"angle": -45, "axis": "x", "origin": [5.1, 0, 0]},
			"faces": {
				"north": {"uv": [3, 8, 14.4, 16], "texture": "#2"},
				"east": {"uv": [4, 8, 14.1, 16], "texture": "#2"},
				"south": {"uv": [8, 4, 16, 16], "texture": "#2"},
				"west": {"uv": [6, 8, 16, 16], "texture": "#2"},
				"up": {"uv": [16, 16, 10, 12], "texture": "#2"},
				"down": {"uv": [16, 12, 11, 16], "texture": "#2"}
			}
		},
		{
			"from": [12.5, 4.3, 17.2],
			"to": [12.6, 5.4, 19.55],
			"rotation": {"angle": -45, "axis": "x", "origin": [5.1, 0, 0]},
			"faces": {
				"north": {"uv": [12, 8, 16, 16], "texture": "#2"},
				"east": {"uv": [7, 3, 16, 14.4], "texture": "#2"},
				"south": {"uv": [12, 9, 16, 16], "texture": "#2"},
				"west": {"uv": [6, 7, 16, 16], "texture": "#2"},
				"up": {"uv": [10.5, 16, 0, 8], "texture": "#2"},
				"down": {"uv": [16, 1, 8, 14.2], "texture": "#2"}
			}
		},
		{
			"from": [12.5, 8.3, 17.05],
			"to": [12.6, 9.4, 19.35],
			"rotation": {"angle": -45, "axis": "x", "origin": [5.1, 0, 0]},
			"faces": {
				"north": {"uv": [7, 6, 16, 15.6], "texture": "#2"},
				"east": {"uv": [5, 6, 16, 16], "texture": "#2"},
				"south": {"uv": [8, 12, 16, 16], "texture": "#2"},
				"west": {"uv": [7, 0, 16, 14.2], "texture": "#2"},
				"up": {"uv": [16, 12.7, 7, 1], "texture": "#2"},
				"down": {"uv": [16, 7, 5, 16], "texture": "#2"}
			}
		},
		{
			"from": [12.5, 16.2, 7.05],
			"to": [12.6, 20.33, 9.15],
			"rotation": {"angle": 0, "axis": "y", "origin": [5.1, 0, 0]},
			"faces": {
				"north": {"uv": [0, 4, 11.4, 16], "texture": "#2"},
				"east": {"uv": [0, 0, 11.1, 14.4], "texture": "#2"},
				"south": {"uv": [4, 0, 16, 15.4], "texture": "#2"},
				"west": {"uv": [2, 0, 16, 16], "texture": "#2"},
				"up": {"uv": [13.5, 16, 3, 6], "texture": "#2"},
				"down": {"uv": [16, 6, 4, 16], "texture": "#2"}
			}
		},
		{
			"from": [8.3, 15, 6.95],
			"to": [8.5, 15.425, 9.35],
			"faces": {
				"north": {"uv": [13, 8, 14, 9], "texture": "#1"},
				"east": {"uv": [11, 2, 13, 3], "texture": "#1"},
				"south": {"uv": [9, 13, 10, 14], "texture": "#1"},
				"west": {"uv": [11, 7, 13, 8], "texture": "#1"},
				"up": {"uv": [12, 10, 11, 8], "texture": "#1"},
				"down": {"uv": [10, 11, 9, 13], "texture": "#1"}
			}
		},
		{
			"from": [8.3, 9, 16.9],
			"to": [8.5, 9.5, 19.4],
			"rotation": {"angle": -45, "axis": "x", "origin": [0, 0, 0]},
			"faces": {
				"north": {"uv": [13, 2, 14, 3], "texture": "#1"},
				"east": {"uv": [5, 4, 8, 5], "texture": "#1"},
				"south": {"uv": [13, 3, 14, 4], "texture": "#1"},
				"west": {"uv": [5, 5, 8, 6], "texture": "#1"},
				"up": {"uv": [2, 9, 1, 6], "texture": "#1"},
				"down": {"uv": [3, 6, 2, 9], "texture": "#1"}
			}
		},
		{
			"from": [8.3, 4, 17.2],
			"to": [8.5, 4.5, 19.55],
			"rotation": {"angle": -45, "axis": "x", "origin": [0, 0, 0]},
			"faces": {
				"north": {"uv": [13, 9, 14, 10], "texture": "#1"},
				"east": {"uv": [10, 11, 12, 12], "texture": "#1"},
				"south": {"uv": [10, 13, 11, 14], "texture": "#1"},
				"west": {"uv": [11, 10, 13, 11], "texture": "#1"},
				"up": {"uv": [1, 14, 0, 12], "texture": "#1"},
				"down": {"uv": [13, 0, 12, 2], "texture": "#1"}
			}
		},
		{
			"from": [8.3, 16.67, 10.5],
			"to": [8.5, 18.77, 11],
			"faces": {
				"north": {"uv": [1, 12, 2, 14], "texture": "#1"},
				"east": {"uv": [2, 12, 3, 14], "texture": "#1"},
				"south": {"uv": [3, 12, 4, 14], "texture": "#1"},
				"west": {"uv": [12, 3, 13, 5], "texture": "#1"},
				"up": {"uv": [14, 11, 13, 10], "texture": "#1"},
				"down": {"uv": [12, 13, 11, 14], "texture": "#1"}
			}
		},
		{
			"from": [8.3, 16.7, 5.23],
			"to": [8.5, 18.65, 5.75],
			"faces": {
				"north": {"uv": [6, 10, 7, 12], "texture": "#1"},
				"east": {"uv": [7, 10, 8, 12], "texture": "#1"},
				"south": {"uv": [10, 7, 11, 9], "texture": "#1"},
				"west": {"uv": [8, 10, 9, 12], "texture": "#1"},
				"up": {"uv": [14, 6, 13, 5], "texture": "#1"},
				"down": {"uv": [14, 6, 13, 7], "texture": "#1"}
			}
		},
		{
			"from": [8.3, 5.5, 20.55],
			"to": [8.5, 7.85, 21.05],
			"rotation": {"angle": -45, "axis": "x", "origin": [0, 0, 0]},
			"faces": {
				"north": {"uv": [0, 0, 1, 2], "texture": "#1"},
				"east": {"uv": [1, 0, 2, 2], "texture": "#1"},
				"south": {"uv": [0, 2, 1, 4], "texture": "#1"},
				"west": {"uv": [2, 0, 3, 2], "texture": "#1"},
				"up": {"uv": [2, 3, 1, 2], "texture": "#1"},
				"down": {"uv": [3, 2, 2, 3], "texture": "#1"}
			}
		},
		{
			"from": [8.3, 5.7, 15.5],
			"to": [8.5, 8.1, 16],
			"rotation": {"angle": -45, "axis": "x", "origin": [0, 0, 0]},
			"faces": {
				"north": {"uv": [10, 9, 11, 11], "texture": "#1"},
				"east": {"uv": [11, 0, 12, 2], "texture": "#1"},
				"south": {"uv": [5, 11, 6, 13], "texture": "#1"},
				"west": {"uv": [11, 5, 12, 7], "texture": "#1"},
				"up": {"uv": [14, 8, 13, 7], "texture": "#1"},
				"down": {"uv": [9, 13, 8, 14], "texture": "#1"}
			}
		}
	],
	"gui_light": "front",
	"display": {
		"thirdperson_righthand": {
			"rotation": [0, -90, 0],
			"translation": [0, 2, -0.5],
			"scale": [0.94, 1, 1]
		},
		"thirdperson_lefthand": {
			"rotation": [0, 90, 0],
			"translation": [0, 2, -0.5],
			"scale": [0.94, 1, 1]
		},
		"firstperson_righthand": {
			"rotation": [0, -90, 0],
			"translation": [5.75, 0.25, -5.25],
			"scale": [0.97, 1, 1]
		},
		"firstperson_lefthand": {
			"rotation": [0, 90, 0],
			"translation": [5.75, 0.25, -5.25],
			"scale": [0.97, 1, 1]
		},
		"ground": {
			"rotation": [-82, -59, 0],
			"translation": [-3.25, -1.5, 0],
			"scale": [1, 1.4, 1.4]
		},
		"gui": {
			"rotation": [-124.76, 47.9, 123.3],
			"translation": [1.5, -1.25, 0],
			"scale": [0.8, 0.8, 0.8]
		},
		"head": {
			"rotation": [0, -44, 90],
			"translation": [14.25, 6, 13.25],
			"scale": [1.6, 2, 2]
		},
		"fixed": {
			"rotation": [-79, 135, 81],
			"translation": [-2.55, -2.05, -1.1],
			"scale": [1.15, 1.2, 1.2]
		}
	}
}