{
	"credit": "Made with Blockbench",
	"texture_size": [32, 32],
	"textures": {
		"1": "block/color/armi/stopsign/stopsign_1",
		"2": "block/color/armi/stopsign/stopsign_2",
		"particle": "block/color/empty"
	},
	"elements": [
		{
			"from": [7.65, 0, 7.8],
			"to": [8.35, 15, 8.5],
			"faces": {
				"north": {"uv": [0, 0, 0.5, 7.5], "texture": "#2"},
				"east": {"uv": [0.5, 0, 1, 7.5], "texture": "#2"},
				"south": {"uv": [1, 0, 1.5, 7.5], "texture": "#2"},
				"west": {"uv": [1.5, 0, 2, 7.5], "texture": "#2"},
				"up": {"uv": [7.5, 4.5, 7, 4], "texture": "#2"},
				"down": {"uv": [5, 7, 4.5, 7.5], "texture": "#2"}
			}
		},
		{
			"from": [7.4, 18, 7],
			"to": [8.6, 20.43, 9.33],
			"faces": {
				"north": {"uv": [3, 6, 3.5, 7], "texture": "#1"},
				"east": {"uv": [5, 0, 6, 1], "texture": "#1"},
				"south": {"uv": [6, 3, 6.5, 4], "texture": "#1"},
				"west": {"uv": [5, 1, 6, 2], "texture": "#1"},
				"up": {"uv": [4, 7, 3.5, 6], "texture": "#1"},
				"down": {"uv": [4.5, 6, 4, 7], "texture": "#1"}
			}
		},
		{
			"from": [7.4, 15, 6.95],
			"to": [8.6, 16.425, 9.35],
			"faces": {
				"north": {"uv": [7, 4.5, 7.5, 5], "texture": "#1"},
				"east": {"uv": [6, 4, 7, 4.5], "texture": "#1"},
				"south": {"uv": [7, 5, 7.5, 5.5], "texture": "#1"},
				"west": {"uv": [6, 4.5, 7, 5], "texture": "#1"},
				"up": {"uv": [5, 7, 4.5, 6], "texture": "#1"},
				"down": {"uv": [6.5, 5, 6, 6], "texture": "#1"}
			}
		},
		{
			"from": [7.4, 7, 16.9],
			"to": [8.6, 9.5, 19.4],
			"rotation": {"angle": -45, "axis": "x", "origin": [0, 0, 0]},
			"faces": {
				"north": {"uv": [5, 5, 5.5, 6.5], "texture": "#1"},
				"east": {"uv": [2, 2, 3.5, 3.5], "texture": "#1"},
				"south": {"uv": [5.5, 5, 6, 6.5], "texture": "#1"},
				"west": {"uv": [2, 3.5, 3.5, 5], "texture": "#1"},
				"up": {"uv": [6.5, 1.5, 6, 0], "texture": "#1"},
				"down": {"uv": [6.5, 1.5, 6, 3], "texture": "#1"}
			}
		},
		{
			"from": [7.4, 4, 17.2],
			"to": [8.6, 6.5, 19.55],
			"rotation": {"angle": -45, "axis": "x", "origin": [0, 0, 0]},
			"faces": {
				"north": {"uv": [2, 6, 2.5, 7.5], "texture": "#1"},
				"east": {"uv": [3.5, 2, 4.5, 3.5], "texture": "#1"},
				"south": {"uv": [2.5, 6, 3, 7.5], "texture": "#1"},
				"west": {"uv": [3.5, 3.5, 4.5, 5], "texture": "#1"},
				"up": {"uv": [6.5, 7, 6, 6], "texture": "#1"},
				"down": {"uv": [7, 0, 6.5, 1], "texture": "#1"}
			}
		},
		{
			"from": [7.4, 16.67, 9.5],
			"to": [8.6, 18.77, 11],
			"faces": {
				"north": {"uv": [6.5, 1, 7, 2], "texture": "#1"},
				"east": {"uv": [2, 5, 3, 6], "texture": "#1"},
				"south": {"uv": [6.5, 2, 7, 3], "texture": "#1"},
				"west": {"uv": [5, 2, 6, 3], "texture": "#1"},
				"up": {"uv": [7, 4, 6.5, 3], "texture": "#1"},
				"down": {"uv": [5.5, 6.5, 5, 7.5], "texture": "#1"}
			}
		},
		{
			"from": [7.4, 16.7, 5.23],
			"to": [8.6, 18.65, 6.75],
			"faces": {
				"north": {"uv": [6.5, 5, 7, 6], "texture": "#1"},
				"east": {"uv": [3, 5, 4, 6], "texture": "#1"},
				"south": {"uv": [5.5, 6.5, 6, 7.5], "texture": "#1"},
				"west": {"uv": [5, 3, 6, 4], "texture": "#1"},
				"up": {"uv": [7, 7, 6.5, 6], "texture": "#1"},
				"down": {"uv": [7.5, 0, 7, 1], "texture": "#1"}
			}
		},
		{
			"from": [7.4, 5.5, 19.55],
			"to": [8.6, 7.85, 21.05],
			"rotation": {"angle": -45, "axis": "x", "origin": [0, 0, 0]},
			"faces": {
				"north": {"uv": [7, 1, 7.5, 2], "texture": "#1"},
				"east": {"uv": [4, 5, 5, 6], "texture": "#1"},
				"south": {"uv": [7, 2, 7.5, 3], "texture": "#1"},
				"west": {"uv": [5, 4, 6, 5], "texture": "#1"},
				"up": {"uv": [3.5, 8, 3, 7], "texture": "#1"},
				"down": {"uv": [7.5, 3, 7, 4], "texture": "#1"}
			}
		},
		{
			"from": [7.4, 5.7, 15.5],
			"to": [8.6, 8.1, 20],
			"rotation": {"angle": -45, "axis": "x", "origin": [0, 0, 0]},
			"faces": {
				"north": {"uv": [3.5, 7, 4, 8], "texture": "#1"},
				"east": {"uv": [2, 0, 4.5, 1], "texture": "#1"},
				"south": {"uv": [4, 7, 4.5, 8], "texture": "#1"},
				"west": {"uv": [2, 1, 4.5, 2], "texture": "#1"},
				"up": {"uv": [5, 2.5, 4.5, 0], "texture": "#1"},
				"down": {"uv": [5, 2.5, 4.5, 5], "texture": "#1"}
			}
		},
		{
			"from": [8.42, 17.1, 9.3],
			"to": [8.62, 17.3, 9.9],
			"faces": {
				"north": {"uv": [7, 5.5, 7.5, 6], "texture": "#2"},
				"east": {"uv": [6, 7, 6.5, 7.5], "texture": "#2"},
				"south": {"uv": [7, 6, 7.5, 6.5], "texture": "#2"},
				"west": {"uv": [6.5, 7, 7, 7.5], "texture": "#2"},
				"up": {"uv": [7.5, 7, 7, 6.5], "texture": "#2"},
				"down": {"uv": [7.5, 7, 7, 7.5], "texture": "#2"}
			}
		},
		{
			"from": [8.42, 18.1, 9.3],
			"to": [8.62, 18.3, 9.9],
			"faces": {
				"north": {"uv": [0, 7.5, 0.5, 8], "texture": "#2"},
				"east": {"uv": [7.5, 0, 8, 0.5], "texture": "#2"},
				"south": {"uv": [0.5, 7.5, 1, 8], "texture": "#2"},
				"west": {"uv": [7.5, 0.5, 8, 1], "texture": "#2"},
				"up": {"uv": [1.5, 8, 1, 7.5], "texture": "#2"},
				"down": {"uv": [8, 1, 7.5, 1.5], "texture": "#2"}
			}
		},
		{
			"from": [8.42, 18.1, 8.3],
			"to": [8.62, 18.3, 9],
			"faces": {
				"north": {"uv": [1.5, 7.5, 2, 8], "texture": "#2"},
				"east": {"uv": [7.5, 1.5, 8, 2], "texture": "#2"},
				"south": {"uv": [2, 7.5, 2.5, 8], "texture": "#2"},
				"west": {"uv": [7.5, 2, 8, 2.5], "texture": "#2"},
				"up": {"uv": [3, 8, 2.5, 7.5], "texture": "#2"},
				"down": {"uv": [8, 2.5, 7.5, 3], "texture": "#2"}
			}
		},
		{
			"from": [8.42, 18.1, 7.25],
			"to": [8.62, 18.3, 7.95],
			"faces": {
				"north": {"uv": [7.5, 3, 8, 3.5], "texture": "#2"},
				"east": {"uv": [7.5, 3.5, 8, 4], "texture": "#2"},
				"south": {"uv": [7.5, 4, 8, 4.5], "texture": "#2"},
				"west": {"uv": [4.5, 7.5, 5, 8], "texture": "#2"},
				"up": {"uv": [8, 5, 7.5, 4.5], "texture": "#2"},
				"down": {"uv": [5.5, 7.5, 5, 8], "texture": "#2"}
			}
		},
		{
			"from": [8.42, 18.1, 6.25],
			"to": [8.62, 18.3, 6.95],
			"faces": {
				"north": {"uv": [7.5, 5, 8, 5.5], "texture": "#2"},
				"east": {"uv": [5.5, 7.5, 6, 8], "texture": "#2"},
				"south": {"uv": [7.5, 5.5, 8, 6], "texture": "#2"},
				"west": {"uv": [6, 7.5, 6.5, 8], "texture": "#2"},
				"up": {"uv": [8, 6.5, 7.5, 6], "texture": "#2"},
				"down": {"uv": [7, 7.5, 6.5, 8], "texture": "#2"}
			}
		},
		{
			"from": [8.42, 17.6, 6.25],
			"to": [8.62, 17.8, 6.95],
			"faces": {
				"north": {"uv": [7.5, 6.5, 8, 7], "texture": "#2"},
				"east": {"uv": [7, 7.5, 7.5, 8], "texture": "#2"},
				"south": {"uv": [7.5, 7, 8, 7.5], "texture": "#2"},
				"west": {"uv": [7.5, 7.5, 8, 8], "texture": "#2"},
				"up": {"uv": [0.5, 8.5, 0, 8], "texture": "#2"},
				"down": {"uv": [8.5, 0, 8, 0.5], "texture": "#2"}
			}
		},
		{
			"from": [8.42, 17.1, 7.25],
			"to": [8.62, 17.3, 7.95],
			"faces": {
				"north": {"uv": [0.5, 8, 1, 8.5], "texture": "#2"},
				"east": {"uv": [8, 0.5, 8.5, 1], "texture": "#2"},
				"south": {"uv": [1, 8, 1.5, 8.5], "texture": "#2"},
				"west": {"uv": [8, 1, 8.5, 1.5], "texture": "#2"},
				"up": {"uv": [2, 8.5, 1.5, 8], "texture": "#2"},
				"down": {"uv": [8.5, 1.5, 8, 2], "texture": "#2"}
			}
		},
		{
			"from": [8.42, 17.6, 9.3],
			"to": [8.62, 17.8, 9.9],
			"faces": {
				"north": {"uv": [2, 8, 2.5, 8.5], "texture": "#2"},
				"east": {"uv": [8, 2, 8.5, 2.5], "texture": "#2"},
				"south": {"uv": [2.5, 8, 3, 8.5], "texture": "#2"},
				"west": {"uv": [8, 2.5, 8.5, 3], "texture": "#2"},
				"up": {"uv": [3.5, 8.5, 3, 8], "texture": "#2"},
				"down": {"uv": [8.5, 3, 8, 3.5], "texture": "#2"}
			}
		},
		{
			"from": [8.42, 17.8, 9.7],
			"to": [8.62, 18.1, 9.9],
			"faces": {
				"north": {"uv": [3.5, 8, 4, 8.5], "texture": "#2"},
				"east": {"uv": [8, 3.5, 8.5, 4], "texture": "#2"},
				"south": {"uv": [4, 8, 4.5, 8.5], "texture": "#2"},
				"west": {"uv": [8, 4, 8.5, 4.5], "texture": "#2"},
				"up": {"uv": [5, 8.5, 4.5, 8], "texture": "#2"},
				"down": {"uv": [8.5, 4.5, 8, 5], "texture": "#2"}
			}
		},
		{
			"from": [8.42, 17.8, 6.25],
			"to": [8.62, 18.1, 6.45],
			"faces": {
				"north": {"uv": [5, 8, 5.5, 8.5], "texture": "#2"},
				"east": {"uv": [8, 5, 8.5, 5.5], "texture": "#2"},
				"south": {"uv": [5.5, 8, 6, 8.5], "texture": "#2"},
				"west": {"uv": [8, 5.5, 8.5, 6], "texture": "#2"},
				"up": {"uv": [6.5, 8.5, 6, 8], "texture": "#2"},
				"down": {"uv": [8.5, 6, 8, 6.5], "texture": "#2"}
			}
		},
		{
			"from": [8.42, 17.3, 9.3],
			"to": [8.62, 17.6, 9.5],
			"faces": {
				"north": {"uv": [6.5, 8, 7, 8.5], "texture": "#2"},
				"east": {"uv": [8, 6.5, 8.5, 7], "texture": "#2"},
				"south": {"uv": [7, 8, 7.5, 8.5], "texture": "#2"},
				"west": {"uv": [8, 7, 8.5, 7.5], "texture": "#2"},
				"up": {"uv": [8, 8.5, 7.5, 8], "texture": "#2"},
				"down": {"uv": [8.5, 7.5, 8, 8], "texture": "#2"}
			}
		},
		{
			"from": [8.42, 17.1, 8.55],
			"to": [8.62, 18.15, 8.75],
			"faces": {
				"north": {"uv": [8, 8, 8.5, 8.5], "texture": "#2"},
				"east": {"uv": [0, 8.5, 0.5, 9], "texture": "#2"},
				"south": {"uv": [8.5, 0, 9, 0.5], "texture": "#2"},
				"west": {"uv": [0.5, 8.5, 1, 9], "texture": "#2"},
				"up": {"uv": [9, 1, 8.5, 0.5], "texture": "#2"},
				"down": {"uv": [1.5, 8.5, 1, 9], "texture": "#2"}
			}
		},
		{
			"from": [8.42, 17.1, 7.8],
			"to": [8.62, 18.3, 8],
			"faces": {
				"north": {"uv": [8.5, 1, 9, 1.5], "texture": "#2"},
				"east": {"uv": [1.5, 8.5, 2, 9], "texture": "#2"},
				"south": {"uv": [8.5, 1.5, 9, 2], "texture": "#2"},
				"west": {"uv": [2, 8.5, 2.5, 9], "texture": "#2"},
				"up": {"uv": [9, 2.5, 8.5, 2], "texture": "#2"},
				"down": {"uv": [3, 8.5, 2.5, 9], "texture": "#2"}
			}
		},
		{
			"from": [8.42, 17.1, 6.8],
			"to": [8.62, 18.3, 7],
			"faces": {
				"north": {"uv": [8.5, 2.5, 9, 3], "texture": "#2"},
				"east": {"uv": [3, 8.5, 3.5, 9], "texture": "#2"},
				"south": {"uv": [8.5, 3, 9, 3.5], "texture": "#2"},
				"west": {"uv": [3.5, 8.5, 4, 9], "texture": "#2"},
				"up": {"uv": [9, 4, 8.5, 3.5], "texture": "#2"},
				"down": {"uv": [4.5, 8.5, 4, 9], "texture": "#2"}
			}
		},
		{
			"from": [8.42, 17.1, 7.2],
			"to": [8.62, 18.3, 7.4],
			"faces": {
				"north": {"uv": [8.5, 4, 9, 4.5], "texture": "#2"},
				"east": {"uv": [4.5, 8.5, 5, 9], "texture": "#2"},
				"south": {"uv": [8.5, 4.5, 9, 5], "texture": "#2"},
				"west": {"uv": [5, 8.5, 5.5, 9], "texture": "#2"},
				"up": {"uv": [9, 5.5, 8.5, 5], "texture": "#2"},
				"down": {"uv": [6, 8.5, 5.5, 9], "texture": "#2"}
			}
		}
	],
	"gui_light": "front",
	"display": {
		"thirdperson_righthand": {
			"rotation": [0, -90, 0],
			"translation": [0, 2, -0.75],
			"scale": [0.94, 1, 1]
		},
		"thirdperson_lefthand": {
			"rotation": [0, 90, 0],
			"translation": [0, 2, -0.75],
			"scale": [0.94, 1, 1]
		},
		"firstperson_righthand": {
			"rotation": [0, -90, 0],
			"translation": [0, 2.75, -5.25],
			"scale": [0.97, 1, 1]
		},
		"firstperson_lefthand": {
			"rotation": [0, 90, 0],
			"translation": [0, 2.75, -5.25],
			"scale": [0.97, 1, 1]
		},
		"ground": {
			"translation": [-3.25, 2, 0],
			"scale": [1.04, 1.06, 1.06]
		},
		"gui": {
			"rotation": [0, 0, -45],
			"translation": [-1.5, 0.75, 0],
			"scale": [0.63, 0.63, 0.67]
		},
		"fixed": {
			"rotation": [0, 180, -45],
			"translation": [2.7, 1.7, -1.1],
			"scale": [1.15, 1.2, 1.2]
		}
	},
	"groups": [
		0,
		1,
		2,
		3,
		4,
		5,
		6,
		7,
		8,
		9,
		10,
		11,
		12,
		13,
		14,
		15,
		{
			"name": "group",
			"origin": [0, 0, 0],
			"color": 0,
			"children": []
		},
		{
			"name": "group",
			"origin": [0, 0, 0],
			"color": 0,
			"children": []
		},
		16,
		17,
		18,
		19,
		20,
		21,
		22,
		23
	]
}