{
	"textures": {
		"1": "block/color/armi/stopsign/stopsign",
		"particle": "block/color/empty"
	},
	"elements": [
		{
			"from": [7.65, 0, 7.8],
			"to": [8.35, 15, 8.5],
			"color": 9,
			"faces": {
				"north": {"uv": [0, 0, 0.7, 15], "texture": "#missing"},
				"east": {"uv": [0, 0, 0.7, 15], "texture": "#missing"},
				"south": {"uv": [0, 0, 0.7, 15], "texture": "#missing"},
				"west": {"uv": [0, 0, 0.7, 15], "texture": "#missing"},
				"up": {"uv": [0, 0, 0.7, 0.7], "texture": "#missing"},
				"down": {"uv": [0, 0, 0.7, 0.7], "texture": "#missing"}
			}
		},
		{
			"from": [7.4, 18, 7],
			"to": [8.6, 20.43, 9.33],
			"faces": {
				"north": {"uv": [9, 9, 10, 11], "texture": "#1"},
				"east": {"uv": [7, 0, 9, 2], "texture": "#1"},
				"south": {"uv": [10, 2, 11, 4], "texture": "#1"},
				"west": {"uv": [1, 7, 3, 9], "texture": "#1"},
				"up": {"uv": [11, 6, 10, 4], "texture": "#1"},
				"down": {"uv": [6, 10, 5, 12], "texture": "#1"}
			}
		},
		{
			"from": [7.4, 15, 6.95],
			"to": [8.6, 16.425, 9.35],
			"faces": {
				"north": {"uv": [5, 3, 6, 4], "texture": "#1"},
				"east": {"uv": [11, 6, 13, 7], "texture": "#1"},
				"south": {"uv": [7, 2, 8, 3], "texture": "#1"},
				"west": {"uv": [11, 7, 13, 8], "texture": "#1"},
				"up": {"uv": [7, 13, 6, 11], "texture": "#1"},
				"down": {"uv": [12, 8, 11, 10], "texture": "#1"}
			}
		},
		{
			"from": [7.4, 7, 16.9],
			"to": [8.6, 9.5, 19.4],
			"rotation": {"angle": -45, "axis": "x", "origin": [0, 0, 0]},
			"faces": {
				"north": {"uv": [5, 7, 6, 10], "texture": "#1"},
				"east": {"uv": [0, 4, 3, 7], "texture": "#1"},
				"south": {"uv": [1, 9, 2, 12], "texture": "#1"},
				"west": {"uv": [3, 4, 6, 7], "texture": "#1"},
				"up": {"uv": [3, 12, 2, 9], "texture": "#1"},
				"down": {"uv": [4, 9, 3, 12], "texture": "#1"}
			}
		},
		{
			"from": [7.4, 4, 17.2],
			"to": [8.6, 6.5, 19.55],
			"rotation": {"angle": -45, "axis": "x", "origin": [0, 0, 0]},
			"faces": {
				"north": {"uv": [4, 9, 5, 12], "texture": "#1"},
				"east": {"uv": [5, 0, 7, 3], "texture": "#1"},
				"south": {"uv": [9, 6, 10, 9], "texture": "#1"},
				"west": {"uv": [6, 3, 8, 6], "texture": "#1"},
				"up": {"uv": [11, 8, 10, 6], "texture": "#1"},
				"down": {"uv": [8, 10, 7, 12], "texture": "#1"}
			}
		},
		{
			"from": [7.4, 16.67, 9.5],
			"to": [8.6, 18.77, 11],
			"faces": {
				"north": {"uv": [9, 11, 10, 13], "texture": "#1"},
				"east": {"uv": [8, 2, 10, 4], "texture": "#1"},
				"south": {"uv": [11, 10, 12, 12], "texture": "#1"},
				"west": {"uv": [8, 4, 10, 6], "texture": "#1"},
				"up": {"uv": [1, 14, 0, 12], "texture": "#1"},
				"down": {"uv": [13, 0, 12, 2], "texture": "#1"}
			}
		},
		{
			"from": [7.4, 16.7, 5.23],
			"to": [8.6, 18.65, 6.75],
			"faces": {
				"north": {"uv": [1, 12, 2, 14], "texture": "#1"},
				"east": {"uv": [7, 8, 9, 10], "texture": "#1"},
				"south": {"uv": [2, 12, 3, 14], "texture": "#1"},
				"west": {"uv": [9, 0, 11, 2], "texture": "#1"},
				"up": {"uv": [13, 4, 12, 2], "texture": "#1"},
				"down": {"uv": [4, 12, 3, 14], "texture": "#1"}
			}
		},
		{
			"from": [7.4, 5.5, 19.55],
			"to": [8.6, 7.85, 21.05],
			"rotation": {"angle": -45, "axis": "x", "origin": [0, 0, 0]},
			"faces": {
				"north": {"uv": [8, 10, 9, 12], "texture": "#1"},
				"east": {"uv": [3, 7, 5, 9], "texture": "#1"},
				"south": {"uv": [10, 8, 11, 10], "texture": "#1"},
				"west": {"uv": [7, 6, 9, 8], "texture": "#1"},
				"up": {"uv": [11, 12, 10, 10], "texture": "#1"},
				"down": {"uv": [12, 0, 11, 2], "texture": "#1"}
			}
		},
		{
			"from": [7.4, 5.7, 15.5],
			"to": [8.6, 8.1, 20],
			"rotation": {"angle": -45, "axis": "x", "origin": [0, 0, 0]},
			"faces": {
				"north": {"uv": [11, 2, 12, 4], "texture": "#1"},
				"east": {"uv": [0, 0, 5, 2], "texture": "#1"},
				"south": {"uv": [11, 4, 12, 6], "texture": "#1"},
				"west": {"uv": [0, 2, 5, 4], "texture": "#1"},
				"up": {"uv": [7, 11, 6, 6], "texture": "#1"},
				"down": {"uv": [1, 7, 0, 12], "texture": "#1"}
			}
		},
		{
			"from": [8.42, 17.1, 9.3],
			"to": [8.62, 17.3, 9.9],
			"color": 5,
			"faces": {
				"north": {"uv": [0, 0, 0.2, 0.2], "texture": "#missing"},
				"east": {"uv": [0, 0, 0.6, 0.2], "texture": "#missing"},
				"south": {"uv": [0, 0, 0.2, 0.2], "texture": "#missing"},
				"west": {"uv": [0, 0, 0.6, 0.2], "texture": "#missing"},
				"up": {"uv": [0, 0, 0.2, 0.6], "texture": "#missing"},
				"down": {"uv": [0, 0, 0.2, 0.6], "texture": "#missing"}
			}
		},
		{
			"from": [8.42, 18.1, 9.3],
			"to": [8.62, 18.3, 9.9],
			"color": 5,
			"faces": {
				"north": {"uv": [0, 0, 0.2, 0.2], "texture": "#missing"},
				"east": {"uv": [0, 0, 0.6, 0.2], "texture": "#missing"},
				"south": {"uv": [0, 0, 0.2, 0.2], "texture": "#missing"},
				"west": {"uv": [0, 0, 0.6, 0.2], "texture": "#missing"},
				"up": {"uv": [0, 0, 0.2, 0.6], "texture": "#missing"},
				"down": {"uv": [0, 0, 0.2, 0.6], "texture": "#missing"}
			}
		},
		{
			"from": [8.42, 18.1, 8.3],
			"to": [8.62, 18.3, 9],
			"color": 5,
			"faces": {
				"north": {"uv": [0, 0, 0.2, 0.2], "texture": "#missing"},
				"east": {"uv": [0, 0, 0.7, 0.2], "texture": "#missing"},
				"south": {"uv": [0, 0, 0.2, 0.2], "texture": "#missing"},
				"west": {"uv": [0, 0, 0.7, 0.2], "texture": "#missing"},
				"up": {"uv": [0, 0, 0.2, 0.7], "texture": "#missing"},
				"down": {"uv": [0, 0, 0.2, 0.7], "texture": "#missing"}
			}
		},
		{
			"from": [8.42, 18.1, 7.25],
			"to": [8.62, 18.3, 7.95],
			"color": 5,
			"faces": {
				"north": {"uv": [0, 0, 0.2, 0.2], "texture": "#missing"},
				"east": {"uv": [0, 0, 0.7, 0.2], "texture": "#missing"},
				"south": {"uv": [0, 0, 0.2, 0.2], "texture": "#missing"},
				"west": {"uv": [0, 0, 0.7, 0.2], "texture": "#missing"},
				"up": {"uv": [0, 0, 0.2, 0.7], "texture": "#missing"},
				"down": {"uv": [0, 0, 0.2, 0.7], "texture": "#missing"}
			}
		},
		{
			"from": [8.42, 18.1, 6.25],
			"to": [8.62, 18.3, 6.95],
			"color": 5,
			"faces": {
				"north": {"uv": [0, 0, 0.2, 0.2], "texture": "#missing"},
				"east": {"uv": [0, 0, 0.7, 0.2], "texture": "#missing"},
				"south": {"uv": [0, 0, 0.2, 0.2], "texture": "#missing"},
				"west": {"uv": [0, 0, 0.7, 0.2], "texture": "#missing"},
				"up": {"uv": [0, 0, 0.2, 0.7], "texture": "#missing"},
				"down": {"uv": [0, 0, 0.2, 0.7], "texture": "#missing"}
			}
		},
		{
			"from": [8.42, 17.6, 6.25],
			"to": [8.62, 17.8, 6.95],
			"color": 5,
			"faces": {
				"north": {"uv": [0, 0, 0.2, 0.2], "texture": "#missing"},
				"east": {"uv": [0, 0, 0.7, 0.2], "texture": "#missing"},
				"south": {"uv": [0, 0, 0.2, 0.2], "texture": "#missing"},
				"west": {"uv": [0, 0, 0.7, 0.2], "texture": "#missing"},
				"up": {"uv": [0, 0, 0.2, 0.7], "texture": "#missing"},
				"down": {"uv": [0, 0, 0.2, 0.7], "texture": "#missing"}
			}
		},
		{
			"from": [8.42, 17.1, 7.25],
			"to": [8.62, 17.3, 7.95],
			"color": 5,
			"faces": {
				"north": {"uv": [0, 0, 0.2, 0.2], "texture": "#missing"},
				"east": {"uv": [0, 0, 0.7, 0.2], "texture": "#missing"},
				"south": {"uv": [0, 0, 0.2, 0.2], "texture": "#missing"},
				"west": {"uv": [0, 0, 0.7, 0.2], "texture": "#missing"},
				"up": {"uv": [0, 0, 0.2, 0.7], "texture": "#missing"},
				"down": {"uv": [0, 0, 0.2, 0.7], "texture": "#missing"}
			}
		},
		{
			"from": [8.42, 17.6, 9.3],
			"to": [8.62, 17.8, 9.9],
			"color": 5,
			"faces": {
				"north": {"uv": [0, 0, 0.2, 0.2], "texture": "#missing"},
				"east": {"uv": [0, 0, 0.6, 0.2], "texture": "#missing"},
				"south": {"uv": [0, 0, 0.2, 0.2], "texture": "#missing"},
				"west": {"uv": [0, 0, 0.6, 0.2], "texture": "#missing"},
				"up": {"uv": [0, 0, 0.2, 0.6], "texture": "#missing"},
				"down": {"uv": [0, 0, 0.2, 0.6], "texture": "#missing"}
			}
		},
		{
			"from": [8.42, 17.8, 9.7],
			"to": [8.62, 18.1, 9.9],
			"color": 5,
			"faces": {
				"north": {"uv": [0, 0, 0.2, 0.3], "rotation": 180, "texture": "#missing"},
				"east": {"uv": [0, 0, 0.3, 0.2], "rotation": 270, "texture": "#missing"},
				"south": {"uv": [0, 0, 0.2, 0.3], "texture": "#missing"},
				"west": {"uv": [0, 0, 0.3, 0.2], "rotation": 90, "texture": "#missing"},
				"up": {"uv": [0, 0, 0.2, 0.2], "rotation": 180, "texture": "#missing"},
				"down": {"uv": [0, 0, 0.2, 0.2], "texture": "#missing"}
			}
		},
		{
			"from": [8.42, 17.8, 6.25],
			"to": [8.62, 18.1, 6.45],
			"color": 5,
			"faces": {
				"north": {"uv": [0, 0, 0.2, 0.3], "rotation": 180, "texture": "#missing"},
				"east": {"uv": [0, 0, 0.3, 0.2], "rotation": 270, "texture": "#missing"},
				"south": {"uv": [0, 0, 0.2, 0.3], "texture": "#missing"},
				"west": {"uv": [0, 0, 0.3, 0.2], "rotation": 90, "texture": "#missing"},
				"up": {"uv": [0, 0, 0.2, 0.2], "rotation": 180, "texture": "#missing"},
				"down": {"uv": [0, 0, 0.2, 0.2], "texture": "#missing"}
			}
		},
		{
			"from": [8.42, 17.3, 9.3],
			"to": [8.62, 17.6, 9.5],
			"color": 5,
			"faces": {
				"north": {"uv": [0, 0, 0.2, 0.3], "rotation": 180, "texture": "#missing"},
				"east": {"uv": [0, 0, 0.3, 0.2], "rotation": 270, "texture": "#missing"},
				"south": {"uv": [0, 0, 0.2, 0.3], "texture": "#missing"},
				"west": {"uv": [0, 0, 0.3, 0.2], "rotation": 90, "texture": "#missing"},
				"up": {"uv": [0, 0, 0.2, 0.2], "rotation": 180, "texture": "#missing"},
				"down": {"uv": [0, 0, 0.2, 0.2], "texture": "#missing"}
			}
		},
		{
			"from": [8.42, 17.1, 8.55],
			"to": [8.62, 18.15, 8.75],
			"color": 5,
			"faces": {
				"north": {"uv": [0, 0, 0.2, 1.05], "rotation": 180, "texture": "#missing"},
				"east": {"uv": [0, 0, 1.05, 0.2], "rotation": 270, "texture": "#missing"},
				"south": {"uv": [0, 0, 0.2, 1.05], "texture": "#missing"},
				"west": {"uv": [0, 0, 1.05, 0.2], "rotation": 90, "texture": "#missing"},
				"up": {"uv": [0, 0, 0.2, 0.2], "rotation": 180, "texture": "#missing"},
				"down": {"uv": [0, 0, 0.2, 0.2], "texture": "#missing"}
			}
		},
		{
			"from": [8.42, 17.1, 7.8],
			"to": [8.62, 18.3, 8],
			"color": 5,
			"faces": {
				"north": {"uv": [0, 0, 0.2, 1.2], "rotation": 180, "texture": "#missing"},
				"east": {"uv": [0, 0, 1.2, 0.2], "rotation": 270, "texture": "#missing"},
				"south": {"uv": [0, 0, 0.2, 1.2], "texture": "#missing"},
				"west": {"uv": [0, 0, 1.2, 0.2], "rotation": 90, "texture": "#missing"},
				"up": {"uv": [0, 0, 0.2, 0.2], "rotation": 180, "texture": "#missing"},
				"down": {"uv": [0, 0, 0.2, 0.2], "texture": "#missing"}
			}
		},
		{
			"from": [8.42, 17.1, 6.8],
			"to": [8.62, 18.3, 7],
			"color": 5,
			"faces": {
				"north": {"uv": [0, 0, 0.2, 1.2], "rotation": 180, "texture": "#missing"},
				"east": {"uv": [0, 0, 1.2, 0.2], "rotation": 270, "texture": "#missing"},
				"south": {"uv": [0, 0, 0.2, 1.2], "texture": "#missing"},
				"west": {"uv": [0, 0, 1.2, 0.2], "rotation": 90, "texture": "#missing"},
				"up": {"uv": [0, 0, 0.2, 0.2], "rotation": 180, "texture": "#missing"},
				"down": {"uv": [0, 0, 0.2, 0.2], "texture": "#missing"}
			}
		},
		{
			"from": [8.42, 17.1, 7.2],
			"to": [8.62, 18.3, 7.4],
			"color": 5,
			"faces": {
				"north": {"uv": [0, 0, 0.2, 1.2], "rotation": 180, "texture": "#missing"},
				"east": {"uv": [0, 0, 1.2, 0.2], "rotation": 270, "texture": "#missing"},
				"south": {"uv": [0, 0, 0.2, 1.2], "texture": "#missing"},
				"west": {"uv": [0, 0, 1.2, 0.2], "rotation": 90, "texture": "#missing"},
				"up": {"uv": [0, 0, 0.2, 0.2], "rotation": 180, "texture": "#missing"},
				"down": {"uv": [0, 0, 0.2, 0.2], "texture": "#missing"}
			}
		}
	],
	"gui_light": "front",
	"display": {
		"thirdperson_righthand": {
			"rotation": [0, -90, 0],
			"translation": [0, 2, -0.75],
			"scale": [0.94, 1, 1]
		},
		"thirdperson_lefthand": {
			"rotation": [0, 90, 0],
			"translation": [0, 2, -0.75],
			"scale": [0.94, 1, 1]
		},
		"firstperson_righthand": {
			"rotation": [0, -90, 0],
			"translation": [0, 2.75, -5.25],
			"scale": [0.97, 1, 1]
		},
		"firstperson_lefthand": {
			"rotation": [0, 90, 0],
			"translation": [0, 2.75, -5.25],
			"scale": [0.97, 1, 1]
		},
		"ground": {
			"translation": [-3.25, 2, 0],
			"scale": [1.04, 1.06, 1.06]
		},
		"gui": {
			"rotation": [0, 0, -45],
			"translation": [-1.5, 0.75, 0],
			"scale": [0.63, 0.63, 0.67]
		},
		"fixed": {
			"rotation": [0, 180, -45],
			"translation": [2.7, 1.7, -1.1],
			"scale": [1.15, 1.2, 1.2]
		}
	},
	"groups": [
		0,
		1,
		2,
		3,
		4,
		5,
		6,
		7,
		8,
		9,
		10,
		11,
		12,
		13,
		14,
		15,
		{
			"name": "group",
			"origin": [0, 0, 0],
			"color": 0,
			"children": []
		},
		{
			"name": "group",
			"origin": [0, 0, 0],
			"color": 0,
			"children": []
		},
		16,
		17,
		18,
		19,
		20,
		21,
		22,
		23
	]
}